block,row,f_k_inh,f_A0,f_cv_A,f_k_int,f_k_d,f_sigma_Phi,f_alpha,f_beta,qoc_stationary,qoc_variance,crb_k_inh,lqg_efficiency
A,0,-0.1912269015488417,0.8716130946721761,0.8495565812682513,-1.2380809603403446,-0.5602314076196029,0.9423419028753559,0.5483510888602334,0.2882450939660073,-5.706392955303562,8.615302385639254,0.1538293683513656,0.02414860163508984
A,1,0.20810183516825487,-0.24525194847803578,-0.5398946094999253,0.7264800627727699,1.0901443583349788,-1.2323990274449852,-0.8807528303073634,-0.396915178242655,0.2616991357214612,0.007869268191381153,0.22848933501219215,0.003259729894663717
A,2,0.959154309140047,0.3514521467264158,0.19927142595901026,-0.5828057993524839,0.10770864776424838,-0.438132910943123,1.3573964126157045,-0.9649544384894657,0.9924666764132537,1.323364571496155,0.11927891132207494,0.06297366126098727
A,3,-0.9754686836687362,-1.111989218644355,-1.1892604177405817,0.04926906114035745,-1.0280634925644971,0.1595940145538588,-0.3320168037884401,1.1168920113803467,8.300902583677136,0.4078573995550535,0.8160548964461274,0.007761031533940998
A,4,-1.251336929964912,0.052912496402628406,-0.2692704445212386,0.6623541019134358,-1.1551048366673031,1.2986570716866204,0.883037811986388,-1.0602015949048496,30.081055028962993,56.07422349418453,0.28442096235001346,0.011832698729437319
A,5,1.2248161390217043,-0.7174240773842498,1.120456315906072,-0.1345102166124903,0.6685579103438266,-0.8786560452500279,-0.546743995115371,1.0382291183689583,-0.5241593010940235,0.2769431218082333,0.12166544361972303,0.09854217982361324
A,6,0.6355404071738959,1.2662939173484096,-0.7450947932472607,1.3290676347540906,0.8764583359036442,-0.0933512619494179,0.3302394053087716,0.3723775695911007,-19.54065341229868,1.4856572162462092,0.11740405121415502,0.03770263285810339
A,7,-0.6085648436635346,-0.5437605300786345,0.6432032913621695,-0.8226096075935901,-0.0860268233685535,0.5018763562234174,-1.3598497159195444,-0.30702919442814736,-0.03272746206209465,0.0548373899249991,0.22814058917141972,0.004915052869628197
A,8,-0.44893598782959054,0.5416531942564262,-1.039446737574592,-0.2856852966227934,1.284277879408415,0.30728761070229593,0.8413061232799792,-1.3675396742071058,-0.5754850593856735,0.5768349763854075,0.23026135846765702,0.08762941313649553
A,9,0.475752959348529,-1.265656752887769,0.35000469591798455,0.46721206870488974,-0.3632000774008546,-0.6345531669920466,-0.5021353715620424,0.6983969968869259,5.794617814341284,0.051319846756490956,0.28951030046299103,0.011523679386986044
A,10,1.0432804610198703,0.7152372519032448,-0.04258782672621231,-1.0180477025978412,-0.8325553870639184,-1.073963900538505,0.025535081990817332,0.6688323412640205,-5.555489126817098,0.4741343488429188,0.10764344948733778,0.08999460973739683
A,11,-1.0699599265840842,-0.05234391449583509,1.3459439291794475,1.1776809403818558,0.30065704371554514,0.7568204629956183,-1.0576837114175863,-0.04306292875294604,0.9838089836276367,0.9886637389709484,0.19824803507210456,0.009940777122128158
A,12,-0.8157719579610977,1.1112936918764078,0.10104113244304735,0.9216141635413526,0.5148481549657007,0.6575192487698491,0.5039127855347578,0.056770267638719174,-15.013462755571366,9.005828941605019,0.18106723338915873,0.011578030648987379
A,13,0.7992777349807716,-0.3494768787995042,-1.2886853749311655,-1.0868926595967698,-1.3059164523817852,-0.28691088183665836,-0.8388528044830924,-0.6392179916934951,1.3130950372485697,0.07885795137420049,0.45052582918062034,0.0037850964409626765
A,14,0.02664633884797496,0.24448783915624128,0.923439236708208,0.20066897624586377,-0.23565372710881105,-0.7339238778614247,1.0553987039168173,-0.765918003317838,5.127514114884207,4.084670349380342,0.13529277361735262,0.012771542659078768
A,15,-0.009951171050615715,-0.8697173164040611,-0.4648589253664561,-0.3873756367881961,0.7242720531324365,1.0943678093725835,-0.027142201557424306,1.3050955842830285,-0.39788659078575783,0.8592266273264003,0.33680783789541174,0.03356519563387907
A,16,-0.1110051317364158,0.27103055792502406,0.43411257374910406,1.2394425590120923,-0.9246789903133742,-0.24744067702162287,-0.9672329285818797,-0.8640881502439378,3.3139359773601016,0.6742341303563701,0.14392896418655127,0.004117303236973695
A,17,0.09346387832445346,-1.0380718794369557,-0.9502731705312211,-0.727820843953963,0.02695461174673519,0.5205659671752811,0.6361863536098997,1.233998700020429,2.5343951717234257,1.9926476408334988,0.6177856203413179,0.029243131866482933
A,18,0.7266746476940906,1.1378441778259878,1.2564154887347077,0.584151553801701,1.20399972265215,1.144588370817991,-0.2461817895036551,0.13324253679046194,-6.04435472311661,4.01069311949588,0.10059301243145698,0.09611146213538767
A,19,-0.7096727898709193,-0.5178398700498597,-0.1263515316869548,-0.050636304445490055,-0.6088114258321002,-0.8599455135206313,1.2702063971149358,-0.5465078423494781,21.90563408180312,1.2711830082124178,0.2777506788515984,0.030266297928809145
A,20,-1.1276394604822686,0.840657669552568,-1.3724596358211296,-0.661007996288491,-0.13528114029270366,-0.5869780639456265,-0.6325484777692564,0.5707071551597427,-5.285962242727535,0.09690097784325308,0.271084256234485,0.011877941169589583
A,21,1.1534727578022965,-0.1219215867393868,0.011523289242320711,0.1331432831682937,0.9896394015091621,0.18386648294895225,0.9701948995983518,-0.1141201611444278,2.0424523841942754,0.8117477834826868,0.1476229772472631,0.06987506388442108
A,22,0.35983888413654075,0.667065844724952,-0.37567476107907183,-1.327705726221407,0.5871296582442436,0.7935182903722573,-1.2733365244970571,-1.29102773252685,-0.6400717412003171,0.04777208730609143,0.14799190788433078,0.021354708978579218
A,23,-0.38614813818305094,-1.3352259969138598,1.0075365586101055,0.8212691775881245,-1.05239455049825,-1.2081051424948612,0.24237377418737172,0.7911520863953692,38.30622378505169,0.5794742049508654,0.21606599167191268,0.015392139197902478
A,24,-0.5511815368202212,1.3375185417818984,-0.6240079821983108,0.2843290223947972,0.17660266866022734,-1.0128804848677158,-0.4143437765469645,0.46644664505629163,-12.089584771380952,0.8145551755820047,0.16113052234188488,0.026456049014003266
A,25,0.5250520485957648,-0.6674440119221892,0.7603778498759459,-0.4658766222961457,-0.7725138607154014,1.3354407408712456,0.7548669679638136,-0.22920824522351646,10.69685114883894,28.602884685829647,0.16636580014653393,0.014275885254744092
A,26,1.3404339871788216,0.12413464194862889,-1.099737141644776,1.016696778635341,-0.455122823627209,0.3785410909354552,-1.1448302224429328,-1.1326468287020053,2.070038973800478,0.07254390571293903,0.2343617159988946,0.004951935244346694
A,27,-1.3144208414071568,-0.8411044193036524,0.28302963605248666,-1.1763085378921379,1.3548324915398668,-0.04585937722172484,0.11132898805808522,0.9386997148033525,-0.8695032636800121,0.11324437034912009,0.3308863179323363,0.023239713734958832
A,28,-0.8747955627307465,0.5188366177980972,1.2042250819287699,-0.9229654386795803,0.7941524491818186,-1.3585066908287393,-0.7517368250886456,-0.8708404228598485,-0.7928742814105135,0.1335974370507544,0.18547273858024993,0.008603185988636889
A,29,0.8919560951749237,-1.1395918477310163,-0.17975776566944623,1.088264752225552,-0.328250689417235,0.9926458478986564,0.41815180735629487,1.194752633113491,27.026472547800974,4.762884897897818,0.37388655727810605,0.01961972075961044
A,30,0.2803240827071256,1.039000044631346,0.5540139627258509,-0.20202556033479602,-1.2465492247449208,0.022724095879788297,-0.11496688972047298,0.21583951203996898,-13.76233924508638,2.5392997104197255,0.12171365221884359,0.03651366552518475
A,31,-0.2977067441276646,-0.2728577174888491,-0.8291976100164244,0.38871073202121265,0.3901194811987303,-0.3987487131952394,1.1418682256047161,-0.49639962098643853,8.954266807091889,0.7084844232414667,0.30333665786481295,0.050259229335774515
A,32,-0.31726408189834054,0.39848791357405755,-0.08504753111971386,0.8234518586791093,-0.006108296379025768,-0.0006093647703273586,-0.21437371488194867,-0.2015218865475834,-0.2704048137653745,0.5298384105612204,0.17449935285350585,0.01170867341196123
A,33,0.34478962791280865,-1.0622485362484457,1.3045100865513006,-1.3569885968912359,0.9482542096301507,0.41993320045986415,1.2153836493563042,0.4834668776329709,0.8568016443844927,2.1308093002272317,0.17188525155981063,0.08070692165603846
A,34,0.9143506023057253,0.9179685773277504,-0.9942582583407467,0.1255424976937809,0.6374633034382648,1.380558458195993,-0.9990515952832505,0.8785574578288722,-7.382419734659651,0.4487938235142846,0.1301227997968802,0.0652195250894759
A,35,-0.941675213831858,-0.19618610705041717,0.3942094648024772,-0.6371433952613559,-1.1889068844877613,-0.971356090545355,0.6910196934481954,-1.2037937451770802,9.515163657493094,0.7866204017557114,0.22573595215617448,0.012063540987357891
A,36,-1.3799812285869095,1.216551277664254,0.8823227949655628,-0.03725281155268845,-0.9698929065478955,-0.35625515133012464,-1.2225758625292293,1.1467648676011273,-16.19974406184098,14.88247408350902,0.17467881948919678,0.02311407322545568
A,37,1.3641322238693874,-0.5907929762499116,-0.5076359893306678,0.5437108387131888,0.15775624999949733,0.06687530013713427,0.20650492551949085,-0.9514936766079092,6.49108122710804,0.30337417064426786,0.3203112780883218,0.02261542520402399
A,38,0.5881190054804584,0.003848653578047312,0.14488640066952585,-0.7466217801936289,1.0806235092414875,1.035102138657512,-0.6833197214880506,-0.45926774041056995,-0.5314836995407239,0.15315900325819748,0.15019352537140557,0.022842858755889463
A,39,-0.5721325051369096,-0.7637828394013974,-1.2431373537245145,1.274465665494574,-0.5724600281463224,-1.3143182257938322,1.006074330017199,0.22064443778148135,68.99061031561483,0.5384782168647422,0.4598049752176289,0.018466200528653564
A,40,-0.40684774730840934,0.7656786383269079,0.24177347284942408,0.3922819206240673,0.7553690976106948,-0.8158034088461075,-1.1779914494437047,1.2808081573512469,-9.031552529828836,2.4646317757180083,0.1565194695653595,0.07383401872232227
A,41,0.42299293260166215,-0.004612742242446233,-1.1477843875459905,-0.2326486828400527,-0.20184891119732407,1.1870883881192735,0.16479728202172006,-0.7849615503417391,2.057794961548735,3.6856428439571607,0.274496809892792,0.028174088054701587
A,42,1.1774325997524782,0.592768264834219,0.804410444531318,1.0792814085691418,-1.3858326244281989,0.5647555786956515,-0.3811719781239242,-0.5824488757045881,-4.95916791353614,3.3864944800875922,0.09386950038055412,0.014277198560903414
A,43,-1.1931230021498793,-1.2172467837748053,-0.5840571908179736,-0.8977546364870451,0.4430549667006396,-0.2049881768948849,0.7013881025779105,0.12995701414890748,2.040507296880586,0.3526154402538698,0.6458198808994711,0.030765250935128993
A,44,-0.7764600610982941,0.19675470961460628,-0.7039359986790054,-1.1616006580438347,0.3101753726067564,-1.1667036028692985,-0.17249723848881815,-0.14332590226292297,-0.8933525378139935,0.025667111042257693,0.25960680433929717,0.0052119442836756485
A,45,0.7493152257229132,-0.9201553821513595,0.6860225325641276,0.9748939975015027,-0.8203296172578106,0.8387615168691556,1.1709687302028031,0.5524960547049091,81.59244561472869,26.845595568230507,0.1855114419041218,0.014194909602594475
A,46,0.15801155733558736,1.062885721366482,-0.31307335992210694,-0.48599731823466774,-0.42137326624931914,0.22538940026751764,-0.69419591522673,0.8528210178731068,-9.543581858641868,0.9437676058644546,0.14222762304088288,0.07049321741134763
A,47,-0.13030615254078493,-0.4005952287388701,1.0749504719371676,0.3207188221792503,1.2342273438229714,-0.5418562254704291,0.3890407416646373,-1.218702528527625,1.7510603878232995,0.14221736951566563,0.16870683298896014,0.016488774520361647
A,48,-0.07432945941670477,1.188261126550494,-1.0586101181511645,-0.8248243076479679,-1.1078602158022353,0.7129705830055413,1.3012066358724212,0.7777017151838683,-34.34568960084122,35.36649689845136,0.1695445357905727,0.012628788089140086
A,49,0.046116419779056894,-0.4701279298319019,0.3258807309586713,1.3583395570041785,0.5343717643734867,-1.1167586937126082,-0.3015493063561441,-1.3208897849296597,5.687995951996011,0.10524799392057518,0.17709679501720824,0.0039179888753360734
A,50,0.8662340663348596,0.3221276359111296,-0.6678215155005881,-0.12687790795208254,0.9964500415967283,-0.6783659514637285,0.6045302941812485,-0.04650874245672276,-0.9074416731146598,0.09883743521782153,0.1596980678812585,0.02638175676707782
A,51,-0.8382431453448758,-0.9896849433202393,0.7148827064380334,0.6384996230102116,-0.1203475164237846,0.26445571168109994,-0.9112097563173909,0.6330700666829221,2.9338736513914005,0.14088189140425006,0.2687226564607064,0.011834999329141383
A,52,-1.0937507084075528,0.6193558721239387,0.5965053917148557,0.035917752470114195,-0.6860197438157029,1.0531818141784914,0.2930035379849365,-0.6576078302649445,-2.8432324284433212,9.25704513146874,0.21816243798304516,0.012776640529813102
A,53,1.1089333933325258,-1.3856462766434283,-0.7877108792908415,-0.5423543011033969,1.1294988455834438,-0.779379911684858,-1.3104296414698249,0.0277247969250507,-0.04846700092561654,0.0015305346339972836,1.3531142414591664,0.008386154884527923
A,54,0.49662195911893225,0.792268724504116,1.159047174117193,0.7452496410857063,0.05534429793968032,-0.3279644269736328,0.9202631182166521,1.3775803769930206,-18.891961903246298,35.074175311696706,0.10407485274811452,0.046475702851867744
A,55,-0.511920976167999,-0.17301537503522124,-0.22388849328326765,-1.273114354205904,-0.888166650857408,0.6119307545606001,-0.5961535084715199,-0.7044272108922395,0.5686248882619469,0.511245464088269,0.2435640004788489,0.008391358023640855
A,56,-0.6718008606749412,0.17118819481400038,1.2153307354371232,-0.3909147237980751,0.38330615564971837,0.11413383892258033,0.07766279876504156,-0.38005265455373105,-0.11056366497856462,0.6092214339653947,0.1863663359134605,0.0201286023438571
A,57,0.6563219848455397,-0.7913405799671217,-0.16916020146664423,0.23130296454127808,-1.2614852035569537,-0.47931740847602433,-1.0922119674030102,0.3161129175347932,5.360775677848254,0.04135142336151133,0.27597489482352894,0.0060845049367617395
A,58,1.2902071355564122,1.3838985860810042,0.4779683772474086,-1.0779405912375057,-0.27278779220427873,-1.2779807563571302,0.7891889985854188,1.0459259607336489,-20.391907962220806,7.465443784544394,0.08032925949927576,0.21066013744480197
A,59,-1.2752042267821908,-0.6183591450330966,-0.9047356019668131,0.8963929913361575,0.8469079054798783,0.9012789482946231,-0.46761770765628274,-1.0252537226576421,2.2664299664245604,0.21150787966435766,0.4887462485879905,0.0197831724359545
A,60,-0.9980325814445827,0.9892381729117592,-0.41812393020074745,1.1629411241997432,1.3264457386971162,0.4590853743388279,1.0831586209967956,0.9577328711571977,-16.44150074090119,7.685200770634302,0.21445258790488295,0.03002844743048485
A,61,1.0258649001144453,-0.3199146013592833,0.9660922633397158,-0.9762559525133265,-0.4916325602513123,-0.13720230908235398,-0.08603956898172327,-1.1083702055881943,1.5088051323302638,0.22479831533059197,0.1208774873584243,0.017153484571179694
A,62,0.22749011281221776,0.46974974197726915,-1.3272394681422233,0.487364205199724,-0.695302692011187,-0.921494379049996,0.4761634502057457,-0.30240575423688365,-0.14785420857452847,0.319834887666064,0.21291231396941157,0.01255082973651055
A,63,-0.25586183739956936,-1.1859686023398508,0.05569645231133524,-0.3220648916537525,0.25110606593121365,1.2548533661403651,-0.7799660188097598,0.4096671797121203,0.660394187710577,0.4122795714547429,0.3593575489382937,0.012081604216030372
A,64,-0.22046291608078983,0.038059901168488564,-1.274079581350421,0.250401736530508,0.9236824956182346,0.6894131213025754,-1.2845016945447039,0.611093750453598,-1.8509415497490216,0.040370676834551644,0.297843105942377,0.008990548357902165
A,65,0.2466452149374483,-0.7512244209695595,0.10877172641019817,-0.41551365651104977,-0.025243665526978543,-0.2754926406160101,0.23196285213722967,-0.06857198500730877,2.9172313836912833,0.2034874547549771,0.23957744837828557,0.015846190308199008
A,66,1.0125049308310394,1.2513628240104684,-0.4516920536718778,0.8719217213288382,-1.2022872477851088,-0.7020184578444812,-0.6219227188034477,-1.3420226441979883,-27.15677181797613,0.538867177932141,0.10045430843525192,0.007880074744556766
A,67,-1.0384651420261277,-0.5776502788726947,0.932608752561525,-1.0588002565680528,0.6078161292659132,1.1057963173189134,0.9814836835020893,0.7561487671158285,0.5223835150586713,7.40265179660383,0.24952341473671288,0.04398089800673923
A,68,-1.283189957661917,0.9434093505605039,0.3796688995309472,-0.9574051880529681,0.13352561024859733,0.339001350744194,-0.23492410530919972,-0.7265344175453031,-2.1950372931746225,0.45407129425951237,0.232248567197707,0.014748259264912486
A,69,1.2659765939281418,-0.19241434804582713,-1.0034581431479717,1.1387600957668804,-0.9886871601200404,-0.6229779295637959,1.2808632144752352,1.3557299830837615,81.47223227034554,2.6613897228219288,0.25210185749806246,0.03909759948817413
A,70,0.6862620757250955,0.4231589974059933,1.3765383869659444,-0.3462874827668383,-0.586176218726169,-1.0422194429491456,-0.9776762310998399,0.006127895083231305,-1.4998343994287346,0.5778550770790373,0.10315483400926515,0.07158383969833368
A,71,-0.6689323695385289,-1.0592301163159474,-0.0075294864731259015,0.5060873069544267,1.0506405491014281,0.7684277813594489,0.6250536053448623,-0.6786147568845103,4.587725465490848,1.1634751819550844,0.3689704487183712,0.06751735392566664
A,72,-0.4819795735438138,1.061163098553785,1.0848623138884739,1.3774379984750766,-0.17768373473351518,1.2669439926813857,-0.10384469738465762,-1.0040789133829202,-18.65030616947625,36.93199433383437,0.1453410053277044,0.0032215359709427205
A,73,0.4994891178533194,-0.4239814225559537,-0.29798874081904736,-0.8494222488059471,0.7741402355570102,-0.8902319437149422,1.1523221253666895,1.0673522944588665,-0.021568757783368753,0.2331035962859883,0.21395678389395018,0.06163696611523945
A,74,1.1009463300507745,0.19443706601074684,0.6090485417490694,0.6140280224845609,0.45675064448651925,-0.1250963805754408,-0.7623196270000188,0.33779278464224216,-1.0848316296276477,0.25835813962328263,0.1066519257031608,0.05847873668531351
A,75,-1.1179799382911937,-0.9441311328784331,-0.7752523419495674,-0.10773658172763412,-1.3559124421137847,0.4902696988962505,0.4068200663981216,-0.35777752393071993,22.058337145926735,4.736093384324097,0.5710292806809796,0.010876206077276886
A,76,-0.8516017822262567,0.5781605449513219,-0.547225312436047,-0.523504528198034,-0.7958233252181939,0.910447369305966,-1.1561295622758923,0.4310522038102125,-3.238587192838833,0.3848266908343206,0.23187226911659686,0.013502174947063201
A,77,0.8258001940086854,-1.2535124455217506,0.8359019729672716,0.01173705455558327,0.32928758481408793,-1.2438166076289698,0.10071382633628967,-0.28110236816674483,3.477354522903787,0.025147423360095202,0.21598297548624293,0.007481199512789953
A,78,0.08151402935320728,0.7518353298802183,-1.1975210443319055,-1.2973379368739852,1.2475872356411435,-0.4700376699234028,-0.4038588390478961,-1.0861363949210066,-0.8827866277972457,0.013070919435274615,0.19099075479241986,0.009947903722922175
A,79,-0.055173024889449085,-0.040119786952688585,0.1865467413132329,0.7639730733587411,-0.3917889112174041,0.14816484557086573,0.7659580812477425,0.9795413047313659,13.26423678367409,3.8134871905122285,0.17308453682132088,0.027945027386213885
A,80,-0.17111880920389377,0.8122676838273846,-0.21422522177486658,-0.25175303232613144,0.5586050276136454,-1.3699341865626777,0.3190749066264864,-1.1829586880900473,-1.9744226151579798,0.1301709553446924,0.15553925506610705,0.007808995066445311
A,81,0.14427016989729036,-0.13135283437886813,1.1743908989349843,0.41688576979722747,-1.0890632974260401,0.9607427208526398,-1.370261309335048,0.8989724261161938,0.6079948522348726,1.0954265924116648,0.14426870963377525,0.06296853734488772
A,82,0.768088909693253,0.6385960388226406,-0.8644257643911682,-0.8732782847603748,-0.10662870235467947,0.011307486593403304,0.8936629202442308,0.5061660426182788,-4.387668579886428,1.473455199531511,0.14870501071746683,0.04383168807153918
A,83,-0.7414412358610786,-1.3447479718354187,0.5249404780013884,1.0601353311436734,1.026435666540838,-0.43064223455223816,-0.5354545605036675,-0.17890964788353747,2.6030296751103723,0.024842791391265048,0.3301991580557729,0.004132142614119141
A,84,-1.1905513164754187,0.3292894233223085,0.7518045064636041,0.9560489757971593,1.1540679361061013,-1.024488774129146,1.3686534461021942,0.2410154522950232,0.9991422941298929,11.59320292823891,0.21222999568842218,0.0075577848001029705
A,85,1.2070772072434097,-0.9608651830589185,-0.6364092908068696,-1.1374247113303233,-0.6668870394718002,1.3036939489961676,-0.32135933572017494,-0.43830675067477465,1.6687053880335365,2.7979812217533637,0.5880419764912361,0.020984215618445594
A,86,0.3984669075847673,1.1960123159411944,0.27606477043052124,0.3449364968321509,-0.8747889110493192,0.3669641802581498,0.5379084577076347,-0.9289254020463408,-33.278936095372686,8.927581587278405,0.11757767111298992,0.010905237843289065
A,87,-0.4151302836500871,-0.4407129938489508,-1.1137469280437116,-0.5047148424925214,0.08498880730798208,-0.07757342712455917,-0.891886249937762,1.1695899549065,-1.5478764806724963,0.049022589476074185,0.3746955443315603,0.013342562158874078
A,88,-0.5966572184091751,0.438922996940057,0.02501337171495166,-1.3760919548223194,-1.2859888307925205,-0.5753691136475327,1.066521567617994,0.10696135872693291,-0.9098892834468912,2.4199038404611675,0.20114442610213396,0.021199968070252446
A,89,0.5798351367367556,-1.195142507889762,-1.363602671529665,0.8480553773339377,0.3641965669316456,0.2156126137873664,-0.016688973160812415,-0.6048492676110006,7.093650525381877,0.20928718399714105,1.7114831621398547,0.015905185892235246
A,90,1.366702577141823,0.9591649218771068,1.021787669870392,-0.6126660519796902,0.8335506784657565,0.8050945400128995,0.4933293329154187,-0.8057546161075869,-2.5241666911058847,1.5015415321449919,0.08574681661574457,0.10132226045600905
A,91,-1.3503353093513488,-0.3283189724388442,-0.36757882557526256,0.10639608974998094,-0.30236952374693526,-1.1763904315553635,-0.8501838947332999,1.2602666160358946,-0.8131420593503749,0.14052245174200756,0.2876107690622971,0.022006679581057027
A,92,-0.9229001974594934,1.344242864941377,-0.9193555122953695,0.5248661475271772,-0.5158004015191714,-0.23601384232434808,0.014235091449892101,-1.2411442403898607,-22.07405857862959,1.7086884867844367,0.18455142759211993,0.005837981909395675
A,93,0.9493681157983118,-0.6363458209584671,0.46885837276903586,-0.013077856394172471,1.3076719772615426,0.5524697552579614,-1.0682982224314161,0.8299539289178515,-1.0127406453941699,0.09803173613104675,0.16091425395758432,0.04018088750720745
A,94,0.30397565950507044,0.1309483703168577,-0.09704202072314816,1.2986836706658067,0.2374077233412839,1.1560056411410395,0.8517917321444088,0.5319132037624317,9.757844499240884,10.736077791842973,0.16393084646866365,0.028332505185485024
A,95,-0.3310041369346126,-0.8099277302361291,1.292769435026685,-0.7653402960064779,-0.7252254978148599,-0.8280526532002961,-0.4910449296434749,-0.1639903912333538,1.9789528027962526,0.07622633737177142,0.19333329450622924,0.007874647109640824
A,96,-0.2677203806816575,1.2909705476911004,0.6501968010454988,-0.44702623483325943,1.108894343108059,-1.1336364109160966,0.9525576331931778,-0.5243586392108808,-6.018561172882405,1.986136254223263,0.14376829658531656,0.02265795359802964
A,97,0.2832309139700262,-0.5407476566568917,-0.7324224828462004,0.26014769959404505,-0.5360450779825591,0.848982641349439,-0.5632118231082937,0.1551355882219183,3.8155373666008883,0.617804527453055,0.3319866495563339,0.009651359687559155
A,98,0.8840139927149948,0.07834774378202236,1.0410700163890148,-1.200531423373113,-0.9981221570768479,0.2584880121196358,0.2601907547711102,1.2556375570329907,-2.185561714904921,3.384472632013157,0.10782832447681441,0.11183512257265436
A,99,-0.8989851200858743,-0.7136467925262998,-0.34350512005977785,1.0354195033925715,0.12138317237689322,-0.5316024003326937,-1.3425146078239925,-0.8430386074169661,2.3278966541398676,0.011165470152425607,0.3321024409129984,0.000980373152395058
A,100,-1.3278191508170507,0.38625833247843633,-1.155008379540083,1.1073639012122538,0.6876489693779233,-0.782555423365414,0.5724340592177064,0.8130857864172871,-1.9617985993635152,0.6607993485414174,0.2834155762537222,0.01974113456191979
A,101,1.299955154030825,-1.0988411606729445,0.22801223623599798,-0.9475640770246656,-1.1305773914544515,1.197153177428618,-0.944011312236634,-1.2690064451470062,1.9786095905426972,1.03499779425702,0.302087702466547,0.027137118422782748
A,102,0.5604099856414018,0.9058297235142068,-0.5923819844448062,0.36423975638178296,-0.05642131516340365,0.59801449193869,1.3341384160143914,-0.09302995939829639,-18.143329616889375,11.95571168220837,0.13546053540272393,0.03410887884610724
A,103,-0.5320700631147874,-0.23269891129778753,0.7917500095506325,-0.18288484866787091,0.889797074548581,-0.1949138232113139,-0.26924484484357136,0.5922181067422487,-0.8431827546036924,0.275516522696688,0.19720615498298177,0.02845851849862241
A,104,-0.35078886873538884,0.23063900485619193,-0.4927978775131141,-0.7089707870094086,-0.3823565997220424,-0.3895037978474818,0.4439118922836558,0.9173566458760025,-2.004643230903202,0.5239675992925219,0.20980407853586072,0.03528142932930474
A,105,0.37894904609734525,-0.9052188352609438,0.8898211533254872,1.2152622277663354,1.2597273185697333,0.05681117186445328,-0.8129506612274214,-1.1539075985647385,1.6480343481866573,0.025056560254014787,0.18069214077802112,0.005572981269306725
A,106,1.140073136647773,1.0966915185042663,-1.2302448483957684,-0.07485952044479705,0.2710310227164281,1.0018438864511372,1.115928426498791,-0.2514000594051704,-12.20357795305949,10.751601550979728,0.12843610543485484,0.04483729696268807
A,107,-1.1681169612282398,-0.38574808705720476,0.15433036551825796,0.6028752701139268,-0.8459569035345007,-1.3243932405140668,-0.053911624915724765,0.4446808690043207,12.125945294227199,0.5734935177213938,0.22365961284798774,0.007851869512423969
A,108,-0.7176135805862192,0.7129249895509753,1.334068147300617,0.15224144060000033,-1.3247318591271648,-0.03367589568686569,0.8213268685300694,-0.5176170877833577,-13.796260972660644,64.15710486237332,0.15158516830186028,0.0016389946304926593
A,109,0.7024837579369374,-0.07632504647449823,-0.048952711199863996,-0.6856063041152447,0.4906386683880355,0.4097114149429171,-0.4348577867181479,0.19437118182921753,-0.7682704360759129,0.1511996581280196,0.15911506485795673,0.021212207780088598
A,110,0.12344890936843567,0.5399252108495354,0.4248679966662017,0.7967972103936993,0.6943102461656119,1.3474591853072118,0.04468936298456727,1.1730301497986362,-6.412559929123993,4.202602598514724,0.14273544521064874,0.06285770266442389
A,111,-0.10809698872888607,-1.2890375861106587,-0.959263909535305,-1.3085646840361498,-0.2493910708618925,-0.9816092546464268,-1.124474773277079,-0.8931575086536019,0.39752207313515225,0.003925511736876224,1.0153827267924438,0.0022235764270322183
A,112,-0.03452082448730742,0.6748225806264083,0.9793490360205424,0.44836668033177207,0.007866176201897224,0.44883119802536475,-0.6510258572194909,1.0965629933523389,-7.401100834630015,5.203991500076655,0.13465607631260504,0.06981706295516919
A,113,0.018322818233154514,-1.305816607441664,-0.4090337387470613,-0.26150963394847326,-0.9492037707221759,-0.1703025528687352,1.039016666088391,-0.9858727707030637,26.133051560812305,2.973603398339018,0.598148634903852,0.026776385933239343
A,114,0.8018031480887811,0.8478139311103872,0.07022292149244902,1.2018983309955649,-0.6384143105479916,-0.9317177965012062,-1.2553879743776941,-0.41944149763348115,-5.731546239720513,0.28118580348654276,0.10525507475334667,0.020328091324416715
A,115,-0.7861656905966544,-0.09309630062470631,-1.3194189731888244,-1.036765593524469,1.190663648811263,1.2217851619747722,0.17441928779996174,0.2654626228680401,-1.008699405545005,1.0055634133902618,0.37797920363468673,0.044649662244706026
A,116,-1.0511452583406022,1.1570789839304958,-0.13813739192214158,-1.1059966424140746,0.9708867932468237,0.10405979509994534,-1.0311471588814312,-0.3279068677225856,-2.7972759429049225,0.1438050659521413,0.21985942351758778,0.010797977982739203
A,117,1.078342914676883,-0.4769362046476562,1.249971300518821,0.9462182967537041,-0.15947013473379745,-0.5125746484700081,0.6582174661635907,0.35192064613303686,19.42502732457931,1.4900548545321508,0.11108404777035559,0.035777915253154734
A,118,0.43497864281190823,0.29103489849988207,-0.875489173525239,-0.3628990010223343,-1.0823385094751576,-1.2880432113807565,-0.18144258544794423,1.0154872958614531,-2.260122771058681,0.14744270279811467,0.18162359362545907,0.03952331898717553
A,119,-0.46263110270143637,-0.9964147200321922,0.5143853234320348,0.18152326548917008,0.5734524688275489,0.8680319337115294,1.2476887615768428,-1.082855830054429,10.071961453489207,7.938026067830503,0.27055261495595134,0.07642464425005474
A,120,-0.6493378277981303,0.9987546942808436,-0.8219449533035722,0.7076356659546474,-0.7536957891659716,1.0632551969644626,-0.7264481238567856,-0.020579261719968267,-10.295233389083625,1.2559181024835135,0.2049045857161124,0.010011998861685271
A,121,0.621843980557421,-0.2914393419044967,0.5664377439987973,-1.2139056281843565,0.20081477872715126,-0.7461220106542106,0.3560567499549414,0.6917420464266819,-0.6073857113583305,0.22377884305096818,0.14428887419247255,0.049020338340270614
A,122,1.2436294955205571,0.4791864431692252,-0.2593925943146176,0.07348744330906198,1.3847969633107413,-0.31790131091334306,-0.13972676162146147,0.719021844314937,-3.6778192664109355,0.23203012467526613,0.11555552475541069,0.07665166130938045
A,123,-1.2162731439058743,-1.157584070167142,1.1302495534197534,-0.6015240207974437,-0.44138285638486896,0.6451771081070306,1.2030960029034403,-1.3468325277144777,12.744463934400551,12.894858770274807,0.2966621146356606,0.0383264365320818
A,124,-0.9729419588160975,0.09406677216556636,0.3172023291959589,-0.153613868911463,-0.3090968319000975,0.7232254203556681,-0.3490334368139123,1.3280485821828056,-3.086048065063264,1.5743644789693358,0.22840184038894268,0.043413940393342926
A,125,0.9887592441024651,-0.849514171634803,-1.070906451038936,0.6869572435707918,0.8187003865312412,-1.0836591109628904,0.734147352150684,-0.7435596078969593,7.341634393570452,0.04837227247337449,0.7362729789328138,0.015563781083572764
A,126,0.183530849329538,1.3066864361504924,0.7079803552599178,-0.7981326413093967,0.41974283739379703,-0.6681431950491817,-1.2109655359321447,-0.618467542135053,-2.830619016923542,0.35347767682281767,0.12236594977301074,0.0453476816123532
A,127,-0.19954911041903278,-0.6766125568779064,-0.6818938989729563,1.3099209324424013,-1.233150331763597,0.29752457688335654,0.13253512685561697,0.07726985378332918,55.64474993527687,1.8980964751176217,0.3692455178455864,0.009594205026487706
A,128,-0.20886073107980008,0.60089864654542,0.2674466469485699,-0.9991705689718242,0.6185427040694427,-0.9538395537073923,-0.15202270718306288,0.5283555431716105,-3.5602604067646464,0.44108047409216583,0.16269825113193634,0.041279728550879496
A,129,0.19318090010466737,-1.2308142127014252,-1.1166004761364825,1.180635208771892,-1.1913916438409597,1.3738723460542797,1.1911094276647474,-0.16179719811011295,161.90367987665203,112.17829514899167,1.1885289355405775,0.008532130366574235
A,130,0.9794534281699001,0.773813652459103,0.7435142674954907,-0.30185349683707186,-0.03618157581759718,0.4266185482779352,-0.7146810127904046,-1.248765701335332,-1.326938222376898,0.18664999384309539,0.10080436281471343,0.027175216043313966
A,131,-0.9632976714543787,-0.018186125663387287,-0.6395907234134787,0.46155152137846733,0.9129136144682353,-0.01812513728464782,0.36891061046061235,0.8389187041576684,-0.44045811465890017,0.31179601106414645,0.2834032567995588,0.030358146218216562
A,132,-1.228287888085829,1.0818306680583551,-0.8459783975547652,0.20819098215955845,1.0397857435138602,-1.3101738925819009,-1.1818871915553348,-0.8197963130185876,-2.0313028447656643,0.031934524716741755,0.23150838075654628,0.002223572121688835
A,133,1.255982711129665,-0.4032740669071939,0.5383431383752597,-0.37340734593294744,-0.5968616233399943,1.0201273807493318,0.16056902813960638,1.2729650089812476,2.2263344087462857,4.232520506140518,0.12704458823419013,0.04299829026088738
A,134,0.6098260757959186,0.21569370181215808,-0.1954288379087863,0.9167984365640438,-0.977874836466806,0.08185078105416554,-0.3772868022702134,0.08886113942589313,4.9756310037791955,0.5392478886894208,0.14817750553541464,0.01479452526106985
A,135,-0.6369814929222658,-0.9228295878986892,1.187444542279178,-1.1035698838637569,0.14450733487557432,-0.36040020755090674,0.7056269227179437,-0.5853845911710781,2.2196968675298656,0.3863664098942709,0.22826799337781334,0.02923202349848349
A,136,-0.4719427233622038,0.9207115515454893,-0.09989556365157015,-0.5680019529901094,-1.3451009447563798,-0.20913582561883204,-1.224096479251187,-0.9104835094198083,-2.9398683379483748,0.11292118246088387,0.17491180672967815,0.005034703044776159
A,137,0.4446286935870376,-0.21515160268669997,1.2841513063803844,0.056293972647381896,0.4677312122993351,0.5797336521158478,0.20531679991062068,1.1497837704002507,-0.5155006534079329,2.0797345648309724,0.1289520600795155,0.09336207680380457
A,138,1.0690370987443176,0.401224943626173,-0.9225369397376297,-1.2555937297857598,0.7632865867836032,1.1721109137635535,-0.6817885178507775,0.25539303846071015,-2.1246418007164825,0.2745192271885429,0.16443448412007275,0.02678377684199462
A,139,-1.0415009709788834,-1.081209409792432,0.4605681286365737,0.7221614405308292,-0.18836831305151103,-0.8116563591866367,1.007251868710754,-0.4513411981339799,29.976916927630313,1.0828914657793725,0.2930926673190758,0.020983073036975823
A,140,-0.798180434776609,0.017353309843370912,1.0351903250799144,1.332540150724032,-0.4027286393588475,-0.5593694467963759,-0.1969405926079728,0.5134469870524185,8.203727635619824,6.346320370386856,0.1665564432490927,0.0066335515697826695
A,141,0.8141563636978895,-0.7718914740392362,-0.3491314535745107,-0.8045891826479341,1.236816867158651,0.23207219689721548,1.233150584816695,-0.18753374135285705,1.3655810706030809,1.0997472948396858,0.32116640838482846,0.0986504424791543
A,142,0.006304913471652185,1.2300605560218736,0.03806700989479661,0.6561752966784102,0.34001564695011033,0.8320781624897726,-1.0164741306419112,-1.1797367514947465,-4.093647582780557,0.314121923828199,0.14009651325832176,0.01376156342142977
A,143,-0.022164489611442795,-0.5989075550533738,-1.3448062824992357,-0.14982171847510584,-0.7849259034232201,-1.1491898237936666,0.6732421710724894,0.8971147917293074,12.315337310605027,0.1894877529525155,0.5330950597314406,0.01619067401900869
A,144,-0.09607891870821761,1.3649522656723148,1.373668674461009,1.0005430954059167,1.0372854936960334,0.279261915568763,1.1036258705705537,-1.100516377344599,-23.32307984713302,86.10841744862914,0.12999696286382748,0.004122116910114387
A,145,0.11109240923340535,-0.6156815772946107,-0.016120786326712766,-1.1819862566787669,-0.09594823485843529,-0.6823417306551424,-0.06589423393443572,0.9925779831893109,-0.44494466055454907,0.10704319340426648,0.22664420480712336,0.02733294671445082
A,146,0.7144983368577262,0.15224782889963207,0.37647132316956955,0.3031889845606075,-1.0998706839616934,-1.1127835135856705,0.4556856137166725,0.41261336847824914,8.803429628349127,0.9851203909448795,0.12177213496851401,0.03001668634264099
A,147,-0.7299666309361615,-0.7886676446496298,-1.011721579145116,-0.4629078369212549,0.547628281419041,0.6981649781823547,-0.8001007669417322,-0.26129907569589883,0.2704947481082876,0.09605203617351364,0.5543272310673147,0.006930231593261289
A,148,-1.1588113105548405,0.46161798654925157,-0.4383055370527751,-0.2068558456117504,0.0742672109368252,0.6187854207228309,0.07376374114139561,0.33457374008234453,-2.270016086619739,0.9638048474679708,0.25781868403997116,0.021518950012484887
A,149,1.1304290145452203,-1.172402443843069,0.9510829223688966,0.3720507205292236,-0.8856795778758868,-0.34564951783211284,-1.0964342616264535,-0.35592294683840286,5.090200805607247,0.036041076106381076,0.18682642311162764,0.005202342408883196
A,150,0.38826083201727846,0.9811017850627477,-1.2610421024183913,-0.9154262199908876,-0.6559540662987629,-0.761694263076693,0.7930774692937497,-1.0113620888157997,-6.795855247739732,0.46167626896585195,0.16345101640082946,0.02298694964295183
A,151,-0.3604390847696841,-0.30634248836818,0.12759493390464316,1.1022184847811547,1.164831838823728,1.0463265902665755,-0.463384826517524,1.0759787841860915,-0.5830175043293193,0.44101617617636935,0.21306933097294084,0.041364788584531006
A,152,-0.5200519930941191,0.30862433270522693,-1.2061123493498411,0.5666348336293512,-0.2914353937597365,0.8944262549136852,0.29148886026425336,0.013747125029963003,1.6728947822083158,3.0401196810097866,0.27046462927352277,0.019793626243864704
A,153,0.5480534855063715,-0.981575017595167,0.18367703397264656,-0.054948342142539186,0.8443154074792123,-1.260297638279943,-1.311621061933315,-0.6875771358664217,0.2622413150499888,0.002059400227609717,0.264430416602692,0.006047789037978962
A,154,1.3119697329516138,1.174753201252295,-0.5554887535975401,1.254252989919358,0.3534741442646592,-0.4969997622295693,0.9217883621952552,-0.7229738649190787,-34.27083852688753,2.871654781751251,0.09705044807506472,0.02236679029481703
A,155,-1.3401722011669932,-0.4620120599412062,0.8327044017702427,-0.7207998831738733,-1.2968806544332494,0.12098576797987604,-0.5949726542659493,1.3535337326659518,0.6661504159103164,0.9715063595170209,0.26333642000618046,0.03760236380448646
A,156,-0.889679469412475,0.789527103345798,0.6275227167207904,-1.3338805394147064,-0.7360313970180201,1.2400451894714093,1.3186443750743442,-1.3239193676023795,-4.341545190776866,72.27685357626864,0.20515835996437667,0.02560755738489652
A,157,0.8743698706124416,-0.1540485883117051,-0.7618658304948136,0.8059510498658262,0.22643279499750424,-0.9175166270772892,-0.283789631970355,0.7366811986405029,1.6298421684082043,0.05607814396597992,0.21877436625238736,0.020138253960872047
A,158,0.2925426998899594,0.616620195131244,1.1036855265472678,-0.6575421061782322,1.318519986565913,-0.14118078406391166,0.5871031212372448,0.6251330511066933,-4.039113325881342,2.1958336972552877,0.125890018941085,0.08434534272213468
A,159,-0.27737059671595277,-1.3666841120122084,-0.28495126705136653,0.15116770015567593,-0.5051214213554204,0.47389427401663453,-0.9289799969610997,-0.08126814695392204,3.33121819902622,0.1363569453024216,0.5598290603128278,0.004111117551397188
A,160,-0.3430154313294793,0.734224572078124,-0.878406139822923,1.0624468627405694,0.11061794758593946,0.16374105388463178,0.5132285221816257,-0.6152559394019698,-7.302992194267359,1.82143648687652,0.1898980637643209,0.01978390595166406
A,161,0.316325384014299,-0.05506508483237327,0.50574608809164,-0.9027488381991738,-1.0090564523232126,-0.45311037497014506,-0.8292138312364271,0.07540155501589352,0.024174029607850533,0.10933411186943792,0.15134076056650334,0.0171116055154189
A,162,0.9373520495450298,0.5606345702656819,-0.14138224273366395,0.4064101875162536,-0.5251530890826642,-1.2174209643534868,1.0460935541852645,1.3353187073059283,-9.52847346080144,2.631283904451781,0.11080515682577322,0.09773554183500595
A,163,-0.910545659777058,-1.2683733011320109,1.2416599496922645,-0.22494554771618547,1.1196172615525433,0.9381942644801067,-0.0367917617194049,-0.7521941901589644,1.0154428244084708,0.4106481530130867,0.2733388417199384,0.03829038683329267
A,164,-1.3596450915038956,0.2525759919862067,0.08356216366140723,-0.49150054399950505,0.9007724986698584,0.519390145627747,0.8262525780644572,0.7334102601203389,-2.2870755928815014,1.7019930729395054,0.26587698549628713,0.05265201484493005
A,165,1.376350830723523,-0.8832424751346538,-1.300992718210865,0.3047290966997922,-0.045615250701077414,-0.1000346266574983,-0.5168670022510942,-1.3598564760522995,3.4297344592431904,0.06157841196786473,1.2682102315868675,0.008671721758128843
A,166,0.5705327705892784,1.1193864667986697,0.9923392611598232,-1.158806365690736,-1.1412565368773684,-0.8719732382916323,0.04059921412165468,-0.00212704555991583,-8.20865817193866,1.641356045700579,0.10563612093233313,0.08088788310310159
A,167,-0.5870164221473358,-0.36300798169572035,-0.39025846673942444,0.9935900019173471,0.6768004642960552,1.281143840031976,-1.0429626676438497,0.6719465159722839,0.043155294093725205,0.2104457029845331,0.27717393133469637,0.014630237501875393
A,168,-0.4271415780449537,0.36499909384516216,0.699341114755174,0.1100498769496907,-0.856637205771579,0.7393047008099958,0.8710138184574918,0.9973762572493958,0.3701223728032401,19.69055020420787,0.17406305936861663,0.01507751674592834
A,169,0.4108166320939959,-1.1201401028208253,-0.6848108601062913,-0.6434821662046212,0.2601816913387305,-1.0672785630491317,-0.5590899238281328,-1.0634016424071924,0.9119861929815503,0.006232025725290719,0.6473436163214183,0.0038934115543807074
A,170,1.1950611409901277,0.8851646742119168,0.3088909732050533,0.8416507686882835,1.2707035689868402,-0.6412392688050622,0.34225283257974803,-0.34195889849580374,-4.252192787530489,0.5631102898155012,0.093203332360098,0.046878618603028506
A,171,-1.1781967787929832,-0.2534087871488273,-1.074151296686109,-1.353358749031011,-0.371549378445555,0.32480413721156065,-1.347493220948863,0.3646083746978406,-0.9639581618490247,0.04479796138311545,0.40264888435585816,0.003646685735435028
A,172,-0.7507510180136253,1.2689945800553295,-0.24096633417230895,-0.7507592835540946,-0.23850056929449082,1.0902227428231035,0.5552824869189301,-0.4270526350454328,-9.205773430217905,7.634969586650308,0.19721102933695883,0.024709569323392473
A,173,0.777737163274953,-0.562683672889307,1.143588790424363,1.2571128617573988,0.7050313467592708,-0.7189483866156955,-0.8741446895058598,0.2744380521597085,1.8178925532066077,0.1469293247133638,0.12498647314277894,0.029148669879647572
A,174,0.1349678037498132,0.05560720461522717,-0.8031696761315864,-0.030406385109182033,0.4798752614479067,-0.30188565007353674,1.3504544482990883,1.0930161624012327,1.1843846090054693,1.2346858229717186,0.2176685944120847,0.07416215645639358
A,175,-0.16147801294205455,-0.7363425877739282,0.5794279639737292,0.5583573531852801,-1.3356646670410364,0.6616635923104781,-0.3386143783320241,-0.9836690784584394,18.619243206036604,1.6068537932391709,0.2169442399032675,0.009055798604004931
A,176,-0.04587049348280603,0.11604521868882567,-0.6010367851328889,-1.0638083839470829,1.179683246257613,-0.8530935947920334,-0.7424270481004477,1.1870799495731148,-4.03802489849178,0.14578605153130206,0.2014638932431681,0.045082153590561884
A,177,0.07187306783220215,-0.8275806342898763,0.788859102557671,0.9040895315864355,-0.6492253121278988,1.126906027393144,0.427794096114976,-0.9058428409604999,29.621792808947475,9.217819413297567,0.19836350993983473,0.019398350343240073
A,178,0.8351098109020663,1.3294244964297992,-1.1633353163717233,-0.4077558645002366,-0.9385196881816777,0.5382490749237705,-0.12426610045075126,-0.4995031571358973,-13.181261057494002,1.2456786933067834,0.125005615781763,0.01649081370255429
A,179,-0.8612498705487911,-0.6539142827427896,0.22479346538659395,0.22631270322738617,0.01871965971613787,-0.25429336007386305,1.1322153705881155,0.17491393688741175,13.949694210141649,1.5916261199743607,0.2768846890949667,0.038139502491719546
A,180,-1.1059640372970778,1.0200114540266292,1.0594806853618903,0.4901545158397944,0.5842226720508752,-1.1932962324883567,-0.42940195934782954,-0.24785017115949537,-4.62134577163088,3.256201366118586,0.18338909106506035,0.009014117784357296
A,181,1.0885919576275052,-0.27013792086912747,-0.3301397979287013,-0.3033622510495275,-1.071399277111212,0.7895398050620022,0.740142619006759,0.4424742847242933,12.320469925911624,12.586588978884421,0.19362805718511653,0.012501271573824817
A,182,0.511500577507352,0.4998539713590038,0.6689565077054478,1.1574445346232862,-0.1703670607512735,0.1878442452503568,-1.1297614733841481,0.9249653870300489,-4.590121363003064,1.6889723765518028,0.11440943508701387,0.09134209695042507
A,183,-0.4943294633122083,-1.1368766732035906,-0.7194061984021971,-0.9922496597058131,0.9601588963699668,-0.6017862509432802,0.12604277075722026,-1.162880796857667,0.6122325474573289,0.030043754824775823,0.6333668393119442,0.009438535632343982
A,184,-0.6596298381318858,1.1351448062063014,0.42197709483758894,-0.10869352525646048,-0.4522789561065155,-0.06066497171621377,-0.6445652102235507,-0.10030248077932447,-6.735013848414684,1.1564022958859774,0.1604586868966045,0.0181092919119089
A,185,0.6766211142040908,-0.4989153741797664,-0.9679187153877368,0.6421466320019451,1.3740702232480462,0.38251626073369493,0.9578443539576427,0.6008549200029933,3.19961799590764,0.7660835334322945,0.38006693685127435,0.07511402974269968
A,186,1.2752862108215226,0.26833714079965887,1.3308493816155618,-0.8402997672605492,0.21158382513631624,1.3314649720085294,-1.261330378958078,0.8098772409787729,-3.1792666914621686,1.8137219984348802,0.08860407173160806,0.17599425556871018
A,187,-1.2928380459844513,-1.0191520159878567,-0.057279653195853264,1.3519862587473612,-0.7427573830978553,-0.9980742913087506,0.25473490674339616,-1.2671410384149737,45.658398132353014,0.7765441545890209,0.31006163802741865,0.005358695893726513
A,188,-1.0264492410320116,0.6535201886934392,-1.216879531429041,0.7521106361575562,-1.2224644313722741,-0.40560394743585304,-0.960298235668563,1.2371882329083415,-9.78983957771241,0.45091870567681247,0.22354264219386258,0.028735084826757542
A,189,1.0001505584077701,-1.3270737596779687,0.1727410396554827,-1.2584850421801126,0.43059780824053084,0.0404097548166511,0.6427885554101287,-0.8232461342571374,1.5157639131060658,0.5140346911866542,0.40097547752945273,0.04545813044746801
A,190,0.2586566745914809,0.8271073811000609,-0.4797815982334598,0.031763046663348504,0.8077184966450985,0.9749607467114785,-0.2531270693322871,-0.5387492860150226,-2.23808234241088,0.436725659034678,0.14964575804987706,0.02977017869748574
A,191,-0.2328128058491845,-0.11376339500917454,0.9085808651497851,-0.5596925362122287,-0.3199096513308297,-1.3516520143378103,1.2636147822300219,0.16816193281764558,6.024183466482622,1.2771505464054036,0.15890399219912318,0.026098913523734165
A,192,-0.2462142448545328,1.0885545160977317,-0.3832603091420541,0.6180080338599263,-1.0390387514266084,-0.527624638031289,0.8035658823996508,0.19740059924277142,-55.116128872407785,12.817705146686963,0.1444354305042032,0.005340704681619797
A,193,0.21818099169633443,-0.37217668158190564,1.0050175415482514,-0.08988519108694626,0.09690241804275646,0.24367982512198205,-0.4522968583220962,-0.47659640598082653,1.2453315375471767,0.1725140784769908,0.15442952979591146,0.01331650279033769
A,194,1.0355063574129482,0.2225079466152804,-1.3803730477405542,1.370751708163325,1.1008236690170616,0.8637915513559433,0.06246093603030123,-0.885220327818207,1.368563996438052,0.44349188013331203,0.2573372698703964,0.04198903043469537
A,195,-1.0073356086287233,-0.8916520518779407,0.009332136036908745,-0.8645647060348964,-0.5493830677969007,-1.1376148962263521,-1.107046288588446,1.2077893890366698,-0.5254203909616564,0.05680848852544317,0.328055005547461,0.017215793717246724
A,196,-1.2628538412362986,0.5209842200489461,1.2759165944920128,-1.2830416272318261,-0.07526176383676564,-0.17723071546282454,0.4451046451491709,-1.1399300919288167,-0.6307586046494864,0.9092425058938574,0.22318754344541072,0.020236679609886014
A,197,1.278195180124882,-1.286365347980273,-0.11263550378409959,0.771167060485525,0.8873927964091746,0.5911618088864499,-0.8114346717621088,0.9473261167366458,1.0398438379324322,0.06539539501848653,0.46811635983926886,0.014669595171035086
A,198,0.6686758614913113,0.6939793766580895,0.4532646418193358,-0.5405097712519314,0.6576657561847659,1.2040050961572162,1.1147462605485907,0.4632276882903259,-4.599943490453615,11.73988557351083,0.1162020678031597,0.052733549454885904
A,199,-0.6838162658915594,-0.07364686417848909,-0.9362081049412927,0.007249346365185261,-1.1658275898526211,-0.800237766790261,-0.055438201296352574,-0.22735358033726727,6.713914547552221,0.16953003826489574,0.30074497433938063,0.005741407924628435
A,200,-0.5022733836229624,0.07561136960222159,0.5514949404996476,0.8799512639627485,0.28976670740730914,-1.3420783417012447,0.5766576858431747,-1.2874671024353914,5.984263245584296,1.8101777430287969,0.16753940749604448,0.00544190236768726
A,201,0.4873128380030489,-0.6946852527813009,-0.8367831529150578,-1.0450010413325639,-0.8432766529167434,1.008698562942066,-0.9401109428683587,0.7889559134427933,0.013642279144524538,0.5456781526472562,0.4020913965462604,0.008891296895922296
A,202,1.1185748506310287,1.2882295410903055,1.2020339235590092,0.2450784831616819,-0.3524365052015599,0.04995593762383965,1.3299042231310032,0.5783263076412404,-52.29801147852621,48.11300447644585,0.08264450196890975,0.03701393965641166
A,203,-1.1030537355916934,-0.5217801624175715,-0.18767117242452191,-0.43202179482957914,1.2952105220631205,-0.371818138910619,-0.27313464795392717,-0.12308261759157313,-0.10312052716733189,0.024227139230094626,0.32528891720845854,0.006129648172391767
A,204,-0.8258927597989836,0.8923210907002039,-1.086021108577572,-0.3279178445462454,0.7349521901103488,-0.9855850235091428,0.9324109864012604,0.14728192523748884,-5.4457310202385205,0.29619790398470763,0.227912462019444,0.026493512487122783
A,205,0.8542221109033294,-0.22458365596461505,0.3025307366454426,0.5092106096494313,-0.22480423047194753,1.3622653788661767,-0.5836804050840766,-0.5592039165021595,2.8611945968799977,1.2264198425705168,0.14734270975958486,0.01881252808070852
A,206,0.058470296424828705,0.37275565415875467,-0.6099429114440336,-0.9730659031905204,-1.3168928680580578,0.39490582044842815,0.2803268353051076,-0.8459849614422608,0.6430040931925344,2.9344345957521463,0.1878025216894889,0.01344976440738893
A,207,-0.08634486463332292,-1.090730537760766,0.7795299127818291,1.1329305038067916,0.5040410989483792,-0.029700725888625934,-1.3220354595902901,1.2145310437511714,0.955605202108986,0.13833123099712116,0.21292303882008964,0.0383300720176537
A,208,-0.14265986392739083,0.49812614288258095,-0.74759832759101,-0.6193484018932051,-0.6195814637962608,1.228467968933168,-0.3667990605296738,-0.7735395520572412,-0.803128580496093,2.1137691972712647,0.19776724964665088,0.016245892744627316
A,209,0.17002679729303982,-1.1602576613569486,0.6355916013648819,0.09124703764744257,1.1930603250290381,-0.949231028155851,0.7167155622787329,1.3140602717289134,1.771159978089546,0.1667713447496012,0.2220597863096046,0.054758371729220885
A,210,0.7369646749178551,1.0176990160864954,-0.27144609435114964,-1.372118538320543,0.037851703023376926,-0.15278876346440562,-1.1931893459584637,0.05321269484182989,-3.5464907812627517,0.16095271029554506,0.1176370651491525,0.040645341409392556
A,211,-0.7644479404075981,-0.2941188772599268,1.1125167413949464,0.8659107083728623,-0.9139512586956835,0.44214783331728436,0.1499563504696484,-0.6370247107763224,20.78869634038827,5.861815330137731,0.18616693215573982,0.006193514906931526
A,212,-1.2027646247075479,1.3148221474697939,0.21300295723736618,1.281674445898881,-1.041414313203766,0.8830099968030278,-0.7252613306499405,0.6507320444977467,-42.021186064489534,24.440873443144902,0.1718233490944278,0.004148478173933167
A,213,1.1867357921957848,-0.6901853154126265,-1.1697854745749778,-0.7698213680084953,0.5979408250833167,-1.2921908497760057,0.35757605493226996,-0.0235983297782576,0.8696769876657292,0.0184321022847505,0.7014418593623618,0.009372130328508699
A,214,0.4133455053157913,0.1021965393192441,0.8636371295762848,0.5391690933577167,0.9789551537094983,-0.5084276091392352,-0.14090298857038697,-1.3815812936528724,0.7341252243280098,0.12183732576900676,0.12832032138714047,0.010858789030161655
A,215,-0.397538791451692,-0.863082308077227,-0.520768683363999,-0.0058878509804165535,-0.1461344585477784,0.0890823310729234,1.2015661316681923,0.7110954672975127,14.966249653630443,3.152204362715002,0.39864202761361844,0.03838838775183193
A,216,-0.5844862165235155,0.8613238343542282,0.9158275518752694,-0.8786160654427531,1.3441467564077094,0.630202339870152,-1.0269202374013426,0.38675524355071955,-3.9994144563239735,1.336918959205831,0.17836952032545467,0.04299010432339688
A,217,0.6001342454379108,-0.10121018224106249,-0.46736246487455435,1.0436443539566531,-0.46597795973310874,-0.31375696737271364,0.6621118965305917,-0.32006355409342047,21.652306516397573,1.0566061509231877,0.1924127946331075,0.020823021624580797
A,218,1.3517816730643293,0.6883265293759278,0.09310156309627038,-0.24370632856071284,-0.7615318055700925,-0.7502670772036906,-0.18568009384334805,-1.0417597900722488,-2.297283791047149,0.12723448059867565,0.09945260149895148,0.014779336385807366
A,219,-1.3679691078962135,-1.313925856637026,-1.2908610299254255,0.430670457719164,0.18741532283179363,1.0782306882101917,1.243804918125157,1.0184228460687772,19.850862872370616,17.383483175466633,1.3549646333258352,0.030027690892159644
A,220,-0.9513168363895266,0.29377254310952083,-0.023112888724957648,0.32929035032294207,0.4010154156612109,0.2908384750703408,-0.6711652429368063,-0.9617324244289309,-0.05785229603489328,0.12312750765738574,0.23038413544178502,0.007067259405129418
A,221,0.923653794749032,-1.0153748860603746,1.3596754656221524,-0.5105616368989103,-1.2358223194230595,-0.6506266685399169,1.0185434671846607,1.1150344544586945,23.71260307841576,1.8749869081026238,0.1377801162137572,0.054323631164286755
A,222,0.3351422006269378,1.1598212609611285,-1.0203208166030144,0.9744014115714521,-0.3390199010855661,-1.101174873148513,-1.235259175575694,0.295525960934913,-10.316073770460292,0.1869431356407229,0.13290147588424,0.025202143030590724
A,223,-0.30795512604162334,-0.49590232517015975,0.3640852493903668,-1.134286840006975,0.7832142083728681,0.7299107578450414,0.19490307361900716,-0.40553934917720846,0.1763135670396913,0.5973382619717839,0.2194562936780378,0.0365894355985496
A,224,-0.2853541895552201,0.17545372238454737,1.1565069625673126,-0.07950455019678038,-1.178052244159359,1.123481965927078,-1.1627330758207508,-0.2842917357954915,0.4833463459448224,0.8779101965720315,0.16575073410805577,0.013240589595567082
A,225,0.2683099995638345,-0.9414165832372285,-0.23153754218074596,0.5856915523252091,0.6481488733112564,-0.7088736817563971,0.09377780102094802,0.3902100225642462,3.7592712175033016,0.046672289043301424,0.32966608430618444,0.01098834066740609
A,226,0.9043130910874517,1.0421751225065916,0.5942930440214176,-0.7016168238456869,0.9374417207177503,-0.26863797445377924,-0.3972658917609573,0.9717825831377447,-8.917220033066291,3.630869579576354,0.09779277375670617,0.1601612458084631
A,227,-0.8868141285289126,-0.4212609184204281,-0.7956877920447623,1.229739666618667,-0.017089855746836857,0.6717280304440953,0.7729046728210041,-1.1210556256890243,25.231051199399804,4.174958421964262,0.36878860108907424,0.0371393465892632
A,228,-1.3047701295953638,0.7437405770123149,-0.6541266820857592,0.7818120747263355,-0.5831864376906859,0.7724029614863863,-0.09149281934192355,1.053534779352929,-11.993845787932326,3.641337242898211,0.2444976160582676,0.015347834066017578
A,229,1.3311217054813904,-0.026590672330812026,0.7343203113608421,-1.3150724996130814,1.069727740038173,-1.0570250477723322,1.164340169565613,-1.034226843485337,0.29552011291395686,0.10631632665900138,0.10785149134995344,0.050521840054761395
A,230,0.53469567492082,0.5700717465777396,-1.0445662470492625,0.16993285520375045,0.16869432554928165,-0.6081717256761329,-0.7746820713006726,-0.37650284377329,-1.5186320272004237,0.02499177882536674,0.17371354195365477,0.0061958371025468756
A,231,-0.5604866917161229,-1.2399879633208684,0.344969298194407,-0.6818074219500515,-0.9591241906570622,0.3350255715527801,0.3948125884571174,0.3139062557895318,8.577455845291784,2.285945143704282,0.3371835111369198,0.014159715384699376
A,232,-0.37379558361060616,1.2378119210004381,-1.3348885118753526,-1.2065421342146765,0.4539945295829171,0.4862912239146928,-0.22019842395012001,1.3743717437605747,-16.200022266541104,0.8921269337549264,0.1892338919370346,0.07500189638997923
A,233,0.34782480099324964,-0.5694927946582864,0.053156235597105805,1.0195988225467791,-1.3750620906865407,-0.11028748089763418,1.2959227090207295,-0.702561891954139,147.22330566290864,12.230310974382583,0.2122333517208692,0.013648010634050653
A,234,1.1658297537148246,0.0245149423240818,-0.42610083779031926,-0.4437244470747367,-0.2125771385925126,-0.9050401203838981,-0.9923913255436041,-0.6648802638520406,0.040176133399923986,0.010248506523501108,0.16606105438080979,0.009409227858774849
A,235,-1.1396580262804348,-0.7430715588474475,0.9638799104819287,0.27867466970492116,0.7444718410748872,1.2709217446540928,0.6099835238840527,0.036361697979727436,4.048170790655249,4.382723776071725,0.26690709977653104,0.04595238177804353
A,236,-0.7000220780591263,0.42046495539440687,0.4974059770058683,0.34791273694472835,1.2234160117247324,0.13048249181732086,-1.2941452950480143,-0.060899466726098694,-1.552484503282163,0.16485756370799215,0.19478499257021314,0.013502497555689904
A,237,0.7173623659966595,-1.0403109500539545,-0.8910407633876354,-0.18804813632845718,-0.4323539993213009,-0.4631857408661071,0.22265174274700672,0.6460963338134154,6.250688479022005,0.19646441663100253,0.7149771354043069,0.012317509635010953
A,238,0.10310750464950869,0.9407106864566213,1.23441929750851,1.1209846313842247,-0.8094758032252382,-1.250669301009908,-0.612268531384822,0.7592524685244533,-17.32935295632822,16.362859497767133,0.11537476654769134,0.03027776675557295
A,239,-0.12031028663231735,-0.17348923761821067,-0.1551163252003933,-0.9396918662810387,0.3208597856655864,0.9281304873831531,0.9907842059769971,-1.301097234304597,1.8526259541952366,6.80049607104114,0.2141405452581879,0.0707189382683926
A,240,-0.019594632116504807,0.9672583216855897,0.13725359881379484,0.08085592345763803,-0.10962608531179385,-0.4156667536352069,0.007628262393017726,0.8600912204614632,-10.907000292416871,2.169840526331892,0.1360774637175401,0.05674265181225674
A,241,0.03595132848471061,-0.34184937814795435,-1.245704306273177,-0.5870637534053187,1.0073408736824618,0.007162430372621209,-1.0752282880880877,-1.227337033324396,-0.012041913637925561,0.00895099128732592,0.4090270814486956,0.00701051699372904
A,242,0.7896268579098129,0.4470104422542185,0.8743621085959934,0.7029734647424573,0.5234386259412833,0.9648870540645709,0.8583879742859677,-0.1401143769950739,-0.5519914120169251,6.996793256556185,0.1100092322643278,0.04169443250553225
A,243,-0.8064595110045009,-1.2086682811778777,-0.5098750573654919,-1.2310748289882198,-1.1186239532606956,-1.3849089444708582,-0.48410427707148806,0.5506276784722397,1.9389613079366366,0.018777171037088924,0.5607657283122475,0.0030790634461698167
A,244,-1.0823170877557784,0.14993036088363643,-0.9748044270335863,-0.7804557850052923,-0.8990163127534374,-0.07088807930648788,1.078866163928731,-0.563996571750604,4.851161759992721,3.861492947203405,0.31386915753886657,0.024760767250069364
A,245,1.0552991920772021,-0.8126435709645671,0.40787757787592005,1.3137370273825926,0.04466366518427023,0.34944840774382935,-0.004666291376545839,0.11016157148844163,13.92921799575817,0.4669359374192143,0.19162134646460602,0.020315181087427463
A,246,0.46340057003525015,1.3632294879291498,-0.06594271684223085,-0.16858179180382904,1.1403063973782628,1.3212104858341303,0.4809741496893667,1.2951964853627171,-19.29220059185856,7.991692443479642,0.1189497023653621,0.1023343215765888
A,247,-0.43692206994546534,-0.6390676161812263,1.3185272166544209,0.6804348696942146,-0.6750431628802643,-1.0311748862708594,-0.8621959896022513,-0.7979855864734927,5.971905114436875,0.18829552524313115,0.16443386810612215,0.003289470236273658
A,248,-0.6182083047294239,0.6412914545510431,-0.31564031763511835,1.2051961680271532,0.8577136394238727,-1.183073785934746,1.3833837443892214,-0.4733198486490222,-5.713157103176228,7.48686881966616,0.18196369555102285,0.009023392844408786
A,249,0.6448453968106318,-1.363665867667574,1.0673176752457854,-1.0182320388687018,-0.2618126986013334,0.8226083190885312,-0.30630710224928226,0.23333208888105084,1.2682763003239563,0.7494857994798749,0.20890081839898011,0.01673582687504478
A,250,1.2151652619507451,0.814967721648084,-0.7061750718781784,0.44236255403509994,-1.27233337812049,0.1980993924614194,0.5231887256785275,1.1286539064543042,-26.410484003136247,4.058142794967727,0.11421356251342955,0.046863836626755674
A,251,-1.242024483008315,-0.15027667437664682,0.6780618513589072,-0.2773342655212001,0.37262734074513326,-0.568686317017835,-0.9069490496665742,-0.9320394114954382,0.18825856037457295,0.036372566448989584,0.24327115441626143,0.0025884862243891233
A,252,-0.9878258448404302,1.2095645926680414,0.8180785627691101,-0.3492742788086374,0.24017210120318078,-0.843030127556016,0.3094372451244505,0.8750105390838343,-13.282682170988487,11.238854693521603,0.17241777091634888,0.02266197541400118
A,253,0.9711730401973788,-0.44886920763352123,-0.5646033646751621,0.18938885037311448,-0.706067586283809,1.1601526908005104,-1.379575713579891,-1.2015901407263878,1.9041995283584499,0.2639802765144092,0.274536427630802,0.009622361105442555
A,254,0.195749445854976,0.34283575588353177,0.25579060811689325,-1.122330287710812,-0.4809099723251602,0.5483221065340143,0.9033111480041864,-0.20913293616560313,-0.16235910999215153,6.109844031173814,0.15068790996772444,0.026545796083365655
A,255,-0.1792129836647165,-0.9690167747511929,-1.1286795784328565,0.9410590011348436,1.3373373970786793,-0.22103576890415177,-0.5261507225167441,0.492442394718571,1.015000585293135,0.015183108124776464,0.7068290786021056,0.004751451152744298
B,0,0.8490469607332412,-1.0683935459840452,0.07844429644969786,0.47983224242128397,-0.3297712493313545,0.260720939743577,-0.21337549012991586,-0.37998126001188903,7.769917435544327,0.3154129784999512,0.31219795284700413,0.011526372481332444
B,1,-0.5619501158558078,0.3722428033234857,-1.0437731915516912,-0.009139591033417105,0.174906564779308,-0.6399783826840569,1.2394596555892392,0.4120512471719726,-0.38539805024645624,0.873850631015721,0.24629658218470377,0.04428980764320089
B,2,-1.221210052330926,0.6967907707526841,-0.2010122040403859,-0.907647238656397,-1.2810671365394293,0.9114460330276584,0.17819880882100025,-1.0159380221612166,-2.793432595584429,6.733392815644993,0.24740638358608275,0.012642304309714036
B,3,0.14375799817390633,-0.007323857591609251,1.277255485521496,1.3793548911838094,1.3008417229767242,-1.2902791782240455,-1.231572049921439,0.962036225001514,-2.203258864612998,1.4983979865124313,0.129985514032896,0.07821904128852765
B,4,-0.8033451736192461,0.10311393168175753,-0.5619831108811489,0.7330738570129338,-0.6944385182644417,-0.3168507609779079,-0.81324205445169,1.3547655615776784,-1.371047689213324,0.39723895305357804,0.2253516994333968,0.03902388971996574
B,5,0.6029142583662062,-0.7959651924655933,0.9152692263654594,-1.204633773010383,0.8479077957344423,0.6744052960681686,0.46386377081986474,-1.300025575092893,0.6922499711247325,0.8440944917100579,0.16466470069073058,0.07586288272643851
B,6,1.2620889211117212,-0.4707404887520451,0.41505761351405823,-0.6516949605961158,-0.43477869729639373,-0.8821805817067847,0.7886427860560346,0.04123564266257218,5.444121594773133,0.29927416043710686,0.1488197772649233,0.02879241718963686
B,7,-0.0981401627161873,1.1648603563585433,-0.7061445221720576,0.18115070677487588,0.41631365547576316,1.239479868850968,-0.4448897540078406,-0.073810666997987,-5.948082367231345,0.8288777583769575,0.16363393726696382,0.025368060519358086
B,8,-0.9117331501710091,-0.18044906799996507,-0.8840805792479789,0.6615684624209341,0.9607355140037017,-0.8543282976639419,0.010378551911021994,1.1662856624387439,-0.9227303553383779,0.10954504962537723,0.30572740641363755,0.022028885640749916
B,9,0.45121200936321415,0.8699152374947936,0.5930038546860779,-0.18954314046187526,-0.9409609069090114,1.1901762840379846,-1.052900049882811,-1.1988659699031188,-2.5890327582018156,0.7981919547392512,0.12222919515671374,0.01673906932567783
B,10,1.1538782676449661,0.5453674353247608,0.7371653279491739,-0.72117017732116,0.5259274186509997,-0.030656094291027447,-0.034643356412296766,0.23250776583285693,-2.4967963563031335,0.5171172660271004,0.09678859664936869,0.0904035644243321
B,11,-0.24968128403242962,-1.2415185911332351,-0.38386890442439037,1.1915028529309108,-0.6807920825456505,0.3662490083068566,1.0715369586538002,-0.17776248589041432,87.23193879325478,7.441675207973515,0.5259436390318664,0.022121893996524075
B,12,0.870811969879395,1.3379657408313401,1.0991413410369246,0.8985670066496307,0.07417713436271334,0.8198169316817079,0.9564815726499891,-0.5813222936419681,-44.96519466924202,52.18081372242334,0.09343735059027793,0.011209840923405049
B,13,-0.49687215633175186,-0.6438451295585956,-0.022908243651912796,-1.3687942520758878,-0.0926421968407396,-1.1341309154017765,-0.6235379773839753,0.5274257796112252,-0.42749803860581126,0.02817214136855401,0.273368096332598,0.008432174787101314
B,14,-1.1996223662697798,-0.9690699985313096,-1.2217194946958982,-0.4922965173542241,1.2009597467272,0.08154017645186151,-0.9919980474613854,-0.8172199871766095,0.10563017649326817,0.010002410629357581,0.8360869259457165,0.002531588536842503
B,15,0.20867483001121245,0.2762191508953886,0.2563802915534319,0.020377286615322454,-1.047490489914595,-0.3954296868399738,0.6317680207009102,0.8492846808790355,2.9213016654602613,2.2877018101552578,0.1451826771452259,0.03547225394716689
B,16,0.39921858115432807,-0.7546520948977047,0.30269443876013624,0.8233357150537517,0.5105659904450619,-0.17714919879707125,-1.1637346548174163,-0.5172395093218992,1.3943912472876778,0.015775764203212646,0.21175329600562576,0.003777682221752205
B,17,-0.9677795542591788,0.05782461595279553,-1.3491985122065366,-1.0458382106987318,-0.36217680039214173,0.5563610302077635,0.11581363378956522,0.4641888743318019,-0.7401135250331243,1.1259217007464595,0.3601689304068079,0.016683659131436605
B,18,-0.28669016272755554,1.1195287342831113,-0.15449119367276953,-0.5580511253686978,0.7702350659264001,-1.001055357505407,1.1340155438465842,-0.8783851622375519,-5.274947181825512,0.6504413224544188,0.1583032302765423,0.028968408713067068
B,19,1.126338238213912,-0.4293850848376868,1.1386439289019525,0.33656437452950994,-0.7937828393107655,1.3800121062291877,-0.10246858172805595,0.9099419318935922,7.682291007642952,6.25321638715611,0.11265352194223072,0.028226184544212614
B,20,-0.35290473606203654,0.5041702283291323,-0.5110303041468718,0.38885114550438726,1.226889333333108,0.22780034816357286,-0.5614240778555352,1.232019964233208,-6.358988031048038,0.4880656293256661,0.1922774307168673,0.06119909538110661
B,21,1.008001951660843,-1.1963447528286184,0.7831201707431237,-0.16730060979151196,-1.3766699642480922,-0.5853938844169854,0.8889684805838185,-1.265784601509986,37.10938411838296,1.5336074664157175,0.21416657631232022,0.02027865884438168
B,22,0.3269965117854954,-0.13531737078265205,0.6348548889141836,-1.0006564477006754,0.27560270063832326,0.9665227557203548,0.5206215304054651,0.16351748663709187,0.092150010923568,3.0969203024886154,0.15050104330769487,0.03685772023594448
B,23,-1.0799391193920174,0.8287605021048006,-1.0180534143677624,1.2232220671826795,-0.2507467047106209,-1.323691828970509,-0.8861978667705835,-0.10860273342002125,-6.061148079538686,0.3351716416560148,0.20420965761612703,0.00433163014082808
B,24,-0.6779104094085835,-0.6024942702712994,-0.8385960330540794,1.011164038616344,-1.1468242137169056,0.7652425452098497,1.3019173200044902,1.1206113264215094,117.2151265510433,41.5711692128611,0.4012253397082342,0.010082004561055133
B,25,0.7263254240904555,1.2926375065688094,0.4553865385233642,-1.2323338636901322,1.123276460989936,-1.1012207661353175,-0.28122177049628005,-1.0657018666620963,-1.8809096748514877,0.10831258349590302,0.1058318946610894,0.045868853957142616
B,26,0.00216816152395638,0.2309332229793275,0.962409710716442,-0.37766616759640304,-0.020050855865709316,0.1149628770213511,-1.3423853622453883,0.2775491127655645,-1.6169946453837076,0.35435543225375543,0.1484152014927951,0.03773520889671171
B,27,-1.3614545192756546,-0.9277614455904832,-0.6903306892529524,0.1548044398395536,0.16844006657602528,-0.45051678987402854,0.28365523495368894,-0.31130846691338276,5.245133726174619,0.1354786172601256,0.546880653741753,0.012894683969576515
B,28,0.6375617488398249,1.0018921576206263,1.3179443759802203,0.549605974007777,-0.6017569819956952,-0.7362944741170819,0.35269601889985713,-0.6225560280776089,-17.545394068134488,12.854537168265438,0.09903925783315733,0.010576917666561545
B,29,-0.772766854423169,-0.30844861315056304,-0.3337806716739009,-0.3267227677237099,0.626612957266002,1.0504848336523616,-0.707463249001127,0.6541180911913071,-0.9930010013778219,0.25249828082497805,0.2800461209774678,0.016712841017012037
B,30,-0.04852431812706648,-1.3694758299373635,-1.1697302237879044,-0.8365196833254769,-1.0365743318616876,-0.1711987120106051,-0.3827548820583784,-0.775860857184495,3.804134431697769,0.18765038606129258,1.4974360529806545,0.005301613759151712
B,31,1.3211898103631718,0.6773020491041237,0.12323699547426603,1.057710325889819,0.8867936802893073,0.4851338339285052,0.7211506973969797,0.7228049390654381,-7.014450747076222,2.3889885687559285,0.09678999299350306,0.08867908693687034
B,32,-1.0382146452810699,-1.1675138194983783,0.9073163355806069,-1.299813586315664,-0.8798200972463408,-0.757625156353513,0.5892172171922079,-0.6905375963108303,5.1949955144200235,0.3741478341118148,0.29839088907540035,0.015051134147498361
B,33,0.3721058138036548,0.46806327477146126,-0.5702757745110868,0.9161031499383221,1.0333310148617987,1.114924939275194,-0.9492568653935693,0.6374845702271765,-3.309099060073461,0.2308136615314062,0.16028396853626684,0.034468722241848215
B,34,1.0556493142775516,0.793288092100686,-0.7631741795646996,0.08123480333502786,-0.6175888384925811,-0.10565327045666817,-0.5808203447472995,-0.7050828972903329,-3.272894806736394,0.12177995730352084,0.12803107353494078,0.010038314500847348
B,35,-0.31405677332139614,-0.1057671985763331,0.35836772896650126,-0.46663788606167733,0.5991680912927599,0.46320565717777207,0.9139120122259572,0.7366478524394344,0.095509187229609,2.068359475452208,0.19323947548851914,0.05475759308053983
B,36,0.9918987447779026,0.009995788443233566,-1.1167100352169492,-0.25865072526150845,-0.16585039605640084,0.7002470448452274,1.199565338946673,1.0587255904111605,3.3759021617551124,10.690590087607553,0.24752911395346272,0.02934270681547707
B,37,-0.4123289342141695,-0.6941320141551914,0.005170324086009259,0.643905400092833,0.011027351649811612,-1.0790810163374442,-0.1624813581460558,-1.0924825483010734,6.06079565152546,0.05121864635233423,0.2543239918563956,0.003702742721379695
B,38,-1.0959577084176695,-0.36958426362864816,1.2418880822242626,1.1305184171717964,-1.120032364173358,0.13616668153316458,-1.1807616010477102,0.3368128881645771,8.426102978068041,1.3289090904137097,0.18501120162095563,0.00846043229517299
B,39,0.26765692116195283,1.0710653425625971,-0.2360424786391888,-0.7469557276531159,1.1398512452314622,-0.5154223066228195,0.1383881752885654,-0.2819010321472586,-3.1989091084398034,0.16171489520545224,0.1368205853098643,0.027044334124594786
B,40,0.7537243790016717,-0.2788991019809077,-0.057937278806971415,-1.1410683247626325,0.25974967031080687,0.20609427973180594,-0.4021483188869266,1.2939120214066524,-2.5943731721590892,0.28540033829712214,0.16337851540651654,0.07392818237943109
B,41,-0.607190370269894,0.9664190865798481,1.0637725330367809,0.7560252178140991,-0.27817043816802367,-0.519985938489075,0.7460917294942344,-1.2389948719316761,-19.937404657130873,53.427232417857326,0.14769119749691464,0.0011667666609197177
B,42,-1.334309397278908,0.6411944345097893,0.1831050797459992,0.24742343067835693,1.3836647004642935,1.0310157442762746,0.42129445312023295,0.10424945581455725,-2.7442416310330526,1.5300705568480013,0.24870421275972573,0.04948519395092478
B,43,0.07263435741947855,-1.340645557643787,-1.294654933658246,-0.6314515364873446,-1.2301538035062314,-1.3453292322188457,-0.770524664539414,-0.13801169683342995,3.701783728499708,0.010311210088401059,1.6873345656008532,0.0009465099123970256
B,44,-0.7133736836794332,1.2441747758849588,0.5363127306947766,-0.07283195832057698,0.7970480893005785,-0.24185376040013096,-1.359409808930798,-0.44925905658804755,-3.1334727674590326,0.4306772872199112,0.17004253548519774,0.019171865532020348
B,45,0.653632523611458,-0.5426927880255972,-0.9411088319377108,0.45675396258070955,-0.7772291875850783,0.5774484922667851,0.3062269463894731,0.4808187182794912,15.88487332442979,2.588974860022113,0.3901702249181994,0.014678901283431108
B,46,1.380667598964196,-0.8672407038113064,-0.3921603286105839,1.3129552482409192,0.36474531773853114,-0.9788838779476816,1.3674695320198802,-0.9491536610444664,42.062261253976345,0.4383154635828601,0.3783982999517897,0.0515167403153072
B,47,-0.03236893582684308,0.18310505650642894,0.7292110324614105,-0.9280175818045773,-0.5195683414877247,1.3147310380258947,-0.34123729434791295,0.8961059180897724,-2.565254696460845,3.1136833331117866,0.15562442189824596,0.03547936420893469
B,48,-0.5782859663295402,-0.8314401949728728,0.8560570144083812,-0.26311533848347235,1.0442451071751322,0.841977256245735,0.8518656184846118,-0.5532805606228197,2.330610828078034,2.148587381539788,0.23542362616809498,0.07958102737704219
B,49,0.7893900363607329,0.13266671704863708,-0.4377563317831833,0.5725993054727314,-1.1939880641646412,-1.199148147346714,-0.5133217309333663,0.5853476505831512,3.84632769695214,0.13351366649876126,0.1535430427097959,0.02596194023048675
B,50,0.1273375401715835,1.193693964821531,-0.9826860110705289,1.1240256918224507,0.09005388454488505,0.01661276286358926,-0.8380111757016198,-0.8426376112152651,-8.236691197774668,0.19096020267535793,0.14589213911268417,0.006763168128161791
B,51,-1.2809515945607224,-0.5068501380998599,0.6698851635129868,-0.8162336275162532,-0.06515227192304596,-0.3742054728211721,0.48343432415946364,0.7887434934424278,1.2365282928311851,0.5268035640486974,0.2718598319137286,0.02717751962261468
B,52,0.5325848918956981,0.4320410320293593,-1.3412456214216837,-1.2959835992768394,0.6717666778493452,-0.789866295201628,0.2383757495629233,1.1814731243864813,-5.557992308158344,0.12386389075280904,0.19844961331266023,0.047771969897183165
B,53,-0.8303521337889536,-1.1168543245439988,0.3109871023900741,0.9881284008049203,-0.5233398138709491,1.1688251922945654,-1.2969578046419787,-1.1267249524086353,5.43274258560916,0.27633962502464343,0.3402984136995062,0.0065011664655671144
B,54,-0.1682156859435282,-0.05515000996842323,1.1956735862945942,0.08844676756045233,0.9339886820898144,-0.05260484580791469,-0.23577529071837522,0.21453234044163993,-0.4987370479263179,0.4144639856540395,0.15856157870956172,0.030245151122329648
B,55,1.235335793856483,0.7573081557050536,-0.09780130912521257,-0.3979945297520966,-0.9574908387800434,0.4318161814411092,1.2566612187856994,-0.24710975587061146,-11.449083536917298,16.08784800630305,0.10494762174588317,0.020345723038808536
B,56,0.5110070490836207,-0.679955439943074,-0.27708954768259964,-0.09827797336749877,-0.4188808145983829,-0.29574288941189786,-1.0167642973333078,1.3395876433467715,-0.23583477138684716,0.08795566746630307,0.23917155511248991,0.037373094047499535
B,57,-0.8952604237931223,1.3667986882576646,1.374972628669952,0.4064292697855658,0.4437824065628262,0.6096788376256275,0.6513360331808336,-1.3721597756467834,-15.059830738029206,41.531980676850864,0.16860426831866399,0.004736889731574041
B,58,-0.18997085184061335,0.30577127522560477,0.13152841966045958,1.2841222156028376,-0.8511743316471398,-0.9474833814903929,1.019707193826991,0.05921003518400236,22.62336387734443,23.580239890789628,0.14936477075475438,0.002773076073924055
B,59,1.1702663761655645,-1.0045456620752526,-1.1617759283001412,-0.9749551743789782,0.701431354000235,1.2616719231748477,-0.6919724125395937,-0.00446715666381392,-0.0017674960238238668,0.3125608949478822,1.169921696137995,0.021769744214168652
B,60,-0.4700866021295552,0.9304332834838267,0.49041557367842303,-1.1149031534692146,-1.3078351009691556,0.32615061725180294,-0.05704061614108058,-0.4080271658249762,-5.221291290340713,1.7996564201976142,0.17345074851268538,0.014201720396747844
B,61,0.9409185256794819,-0.22827455934011542,-0.8032272250539357,0.8057152844261035,1.2843329649363227,-0.6617050258819781,1.088735650472253,0.3541277649231791,4.088487892608296,0.18290474876093477,0.25081481807463846,0.048564242065323004
B,62,0.23571422745657622,-1.289978708656525,-0.6170554774455197,0.2756219197628822,-0.1839108163023786,0.8897882202723333,0.07055795088303785,-0.9905139943298825,7.792763681971938,1.6538466691319338,0.744285468084403,0.027136976631324583
B,63,-1.1292619775552233,0.6051663250672981,1.03534514967879,-0.5837947050368648,0.3323377009381703,-1.2257642928286445,-1.1182885933517752,1.0225863777478714,-5.785808377665344,3.4785106247996103,0.19010312476912106,0.0391296350802602
B,64,-0.3368565914674335,-1.3206046612249975,-0.3668149279917743,0.13205356681054092,-0.829288938945153,-0.6770517976656404,0.34337017045777585,0.39295942381423377,16.816055480537432,0.2539043859477423,0.5522758358515927,0.011214738814418347
B,65,1.0680536491945858,0.6181925896156166,0.7662329743771659,-0.3535350913286073,0.7231585213795733,0.3197520095796105,-1.3696499976051726,-0.36106213248251295,-1.5057104525327023,0.1574025753940984,0.09914256442455606,0.0549486728167466
B,66,0.3654723031380114,0.9867919886629253,0.5678822666213827,-1.253058049952069,-0.3971540655313086,-1.2424014494944247,-0.308150186083046,0.9808350438581168,-9.087398327721681,3.215464668881985,0.11730616157896268,0.1075499251767375
B,67,-0.9988241444453119,-0.30223262202103607,-0.8995550085729479,1.0305609045725845,0.4656682072483789,0.8848490576089716,1.361296035735559,-1.0348989602595648,20.99756498500688,11.943068798719462,0.37226085615958426,0.0614324799488544
B,68,0.2959578709293347,0.20373245770498816,0.22760432755324844,1.0811499681361985,-0.20568003697508863,0.6478076596128186,0.7696954405240815,-1.3244855119364758,11.159444012117223,6.976399173748657,0.14845024329126102,0.025579434424323522
B,69,-1.1136913467383063,-0.8903223688826072,-1.2388175953258087,-0.8585896989196903,0.3104097591653139,-0.2689736932849507,-0.42051281858032985,1.3790650317711746,-0.9719302180263704,0.04902827921249746,0.6308898482449802,0.010163271512997644
B,70,-0.4111939523380077,-0.5224000366379802,-0.007552305148892158,-0.30666619750590485,-1.3297629652767782,1.2985102776503379,-0.745561867293576,-0.04956011351759626,4.10626055838649,2.3203322854211494,0.2552295489886561,0.00637947600943342
B,71,0.9578401501776102,1.2214274301062684,1.124480244904775,0.5282115068976585,1.2625636564696807,-0.9192546577250317,0.4015814437974561,0.01681404594547775,-8.007832033720655,4.252369531194053,0.0892681418412385,0.08806565807075296
B,72,0.057617605607938716,-0.12876970450716918,1.291585887613145,0.31852808728610227,0.11195002425700418,1.1311405869453062,-0.1402248243435571,-1.1799407484420001,2.511591533313991,1.5675906660581853,0.14975696929948418,0.03190735245077611
B,73,-1.3087067836792514,0.8133283274828116,-0.17466813195336073,-0.5413845474070389,-0.04343586188253812,-0.8172489333523861,1.1825612372138898,1.147199974327539,-11.874617301816587,4.08868262137971,0.2209848984339452,0.028132182272975335
B,74,-0.6493625133860362,0.4447290936946693,-1.0715441112770743,-1.0713192890927432,1.0659614397504062,0.39284135646889795,0.16470083522319756,-0.19672786532884579,-1.38820383533537,0.22482211099152524,0.254534906744886,0.026904674485010573
B,75,0.7629914597350556,-1.1471415784519647,0.060320535464041036,0.8501547729696595,-1.1720918366585902,-0.07852787369067604,-1.2018324054992442,0.2513021020345849,9.791984092519073,0.05901695653605078,0.33331063241240827,0.004612651856265651
B,76,-0.011853655225821713,1.0479843385279601,-0.7322712784559278,1.2405509935525572,0.9122302084272371,-1.1820033558380885,-0.9134634523705715,0.5517191145581875,-7.763922146641805,0.3815475145333692,0.1465024109496788,0.03390557861365759
B,77,1.3497330791290743,-0.34895620139342554,0.40060872060046093,-1.0193656599389194,-0.9794295378917299,0.8464086188070856,0.5803347720031016,-0.6057883244172931,5.0876133170056175,9.318504202048272,0.13932358334879905,0.02055056031786105
B,78,0.6903035351062561,-0.7168786988972183,0.9333488631538216,-0.14117563004367506,0.6498283970499219,-0.35835098356508177,0.9483463287042662,0.8248675668168157,3.3631873005752673,0.5647652327427727,0.14963064903188,0.06973140663530275
B,79,-0.7173114610092142,0.030289200867514188,-0.5339205087279572,0.36405356869182937,-0.5450986955170926,0.022503818322519464,-0.5883542699783345,-0.7929649923561353,2.408197661713904,0.15599374523343973,0.25613659041863335,0.00527237402692394
B,80,-1.2740642458162608,-1.0278421640622202,-0.6614416776545973,1.1748386712271575,1.3622389709679015,0.5934083342411351,1.1204636828498267,0.4399768468944609,10.506843312418608,1.6591406326033695,0.5741457513679166,0.08782587315935957
B,81,0.08820087741464389,0.3261071592555209,0.9796208382871285,-0.7031362863356578,-1.2517589114985073,-0.2362374483045051,-0.07269603782097533,-0.49286139642283144,0.5636504834455109,0.7164961600468165,0.14163829804741243,0.016036464519733194
B,82,0.8126129179714676,1.3438444380032706,0.4401542242051326,-0.2163645946356887,0.23814414400626704,1.3321082665513553,-1.090616676777637,0.9344509300520507,-12.496754846651738,5.126401784085957,0.10021849665443494,0.14520303536024834
B,83,-0.5902672377818772,-0.6599621381640629,-0.8638113333945363,0.687051937072851,-0.29959575968085006,-0.974515561758121,0.058969221593196286,-0.902717498347666,10.706930347659677,0.07070643786755888,0.40634187425973267,0.005501391493988406
B,84,1.2337777485156243,0.5824665739283861,0.10623260712011717,0.03908410259566075,0.3863083724374352,-0.5588547497063631,0.6911854019124501,-1.2846166168015385,-1.1399725667481606,0.314098563841629,0.10523170339386588,0.0321599275609272
B,85,-0.13458015480793284,-1.2697335519086863,-1.1987483027948254,-0.5096230474661962,-0.4981851610622021,0.17989584744907683,-1.0188831806397332,1.2510296331281003,0.5530308480369843,0.06618540504272524,1.0147667163739633,0.005234958945818228
B,86,-0.8589069216351537,-0.2513192063582552,-0.30859891894412117,-1.3439942790054247,0.8184313471913349,-1.3827807395146066,-0.6507639575919862,-0.08955472439864098,-0.619477893790741,0.011176217601053806,0.2818603909115223,0.003240442791096478
B,87,0.5500646921375167,0.9510236666292247,1.3334789493128778,0.8724396306438884,-0.7556662206801061,1.0035693987170629,1.016239800891192,0.14463655463243374,-46.74545359445914,127.97902149412528,0.10482678798063312,0.005576850801389857
B,88,1.2120154558170098,-0.48651491510660727,1.1648520030241418,1.3552210881397764,-0.6390249741520759,-1.0421371438845286,-1.258455654452502,-1.0413179490348266,7.0999335915256845,0.07185628651744831,0.10986578073253843,0.00606345391030886
B,89,-0.19966099603869414,1.1703968017979,-0.1399610035782488,-0.8848936388511471,0.5775733791348887,0.7282011905064503,0.23761730553190974,1.0964050623975792,-12.355309864402654,3.0238213057264565,0.1586215312997436,0.07019630228375477
B,90,-0.8804975100604009,0.15265935779098472,-1.3672074077431968,-0.02853373021342054,-0.901414886869446,-0.47706121287795966,1.2992194951073095,-0.33564561619670363,13.794918730098393,3.0223184438812565,0.33784404021701636,0.02737838151342989
B,91,0.48515059740514577,-0.8543951062639303,0.2747025572012507,0.5005537019069835,1.0118949669962356,0.16287266602915595,-0.24060043746813986,0.3020533390656077,1.311330465358583,0.0841310938786791,0.22502295193866173,0.016058631594855433
B,92,-1.1656791509712028,0.777553973489556,-1.032281345447857,0.20322344914532642,-1.0984797156375565,1.0983939616235026,-0.4829435509158888,0.6731219966727886,-8.650829337888524,2.4467280862022567,0.26415046962243305,0.010361967845917017
B,93,0.23990584286517547,-0.0778491000706718,0.6086132671813169,-0.6751373296187322,1.1612448214913897,-0.7628395581576766,0.8375679816047767,-0.6413938480973636,0.3670198265869782,0.12602827218693902,0.15334275009179305,0.029575801279354358
B,94,0.9208263085431583,-1.096263280361937,0.8109829848934431,-1.1832420326765019,-0.1444564014842098,0.4480918181884421,0.5124534076322522,0.703928778919195,1.875249904056447,1.6323902229749092,0.187837939378879,0.03209551294801651
B,95,-0.43872901882973603,0.4089970460478831,-0.492814669393674,0.7130200135713662,0.032579592202047314,-0.11211575079648006,-0.8509602926233836,-0.756808034989908,-0.3372876807268282,0.08498921124137818,0.19891815829180806,0.00424917413730657
B,96,0.15853020257036055,-1.2186920862140798,-1.2687711909778279,-0.9584655063544123,-0.04193617626681112,1.0764927634316026,-0.6322561549621797,0.6132551905774164,0.36210735897563595,0.5116562238493317,1.2899834821994316,0.009954246318893422
B,97,-1.2470572443317616,0.525164419664226,0.1979905047463144,1.2662522617099057,0.14671282689580223,-0.6972353256554715,0.9924385922472252,-0.6661371734243665,-1.6398556226745482,25.24048291845842,0.20281647858405596,0.0022564523974142187
B,98,-0.5201917558693279,0.8930869688115084,1.0461295935943025,0.4330762102801915,-1.168550869825699,0.5124322312194471,0.6244089396673946,0.7611712281453256,-29.909986147721703,61.477577219026266,0.1461739745927229,0.00532845409525857
B,99,0.8393660865414974,-0.2009969795397275,-0.08624272930444943,-0.12359751092684546,1.1013905673461026,-0.13359909118740876,-0.9573895478222206,-0.7294458063461381,-0.122338989723135,0.012161136485680336,0.17005816712210586,0.013072322689101388
B,100,-0.11824426301940894,0.299473511795052,0.7146199340355588,-0.6023270073380156,-1.0148052041472584,-1.1070274981048485,-1.0697398840046919,-1.111344806019985,0.05222584168300437,0.051197325442030435,0.14669376409652518,0.004659246403213575
B,101,1.293434631573341,-0.9895326363414692,-0.418090839634951,0.29278451278228435,0.9087217150204447,0.7494729578502388,0.032798692287759,1.0777499673718178,1.1919928440138707,0.40632755081101896,0.419427147117925,0.033140213420205934
B,102,0.5664851914546312,-0.6209333509098373,-0.9129245164088355,0.7810898250348279,-0.5798291899889577,-0.45503313696144165,1.0506409983997853,-0.26283038262015057,41.655604094056564,1.2937744121385168,0.4201786712628686,0.030020657350673486
B,103,-0.7991654207201488,1.3178453547537539,0.5541756300870644,-1.0889397145560427,0.6483823380335287,0.09773384465290946,-0.008156513316808667,0.31791493446583163,-6.967494537277156,2.225168495564847,0.1880737734199279,0.0346869720705016
B,104,-0.2264465089260992,-0.02752753428880772,0.3869008446223985,-0.7922743381514077,0.7483390191725621,-0.5803698198571442,0.44567411532398093,-1.2145988903852958,0.4524142905093125,0.09749275826740696,0.18453794829949383,0.018477373856938588
B,105,1.1419088587021313,0.7196166146351761,-0.7456393815889052,1.101436029109771,-0.8154993423095542,0.24452182831875247,-0.789464160260987,1.2696781591020174,-12.199067975308811,0.7149534966296985,0.11966330022877615,0.11814985297314776
B,106,0.4581112412745736,0.35169423074705963,-0.5851951809273895,0.5918189309735471,0.4888497301706731,-1.3173774621581327,-0.4644384957197154,-0.16236851195749247,-0.7845205273127702,0.04352677927882654,0.15859357494338755,0.00864844480336225
B,107,-0.9508579400897488,-1.045222475703994,0.8817344181093045,-0.2836728608766017,-0.3840731001990778,0.9817845429779546,0.8137691898761112,0.12877896676698275,10.524517495241033,10.931316649795313,0.2801880405299314,0.02037300738204543
B,108,0.18011076182997732,1.1443983795850474,-0.2533573166651737,-0.4198927584433596,0.297361102000016,0.5282166299318014,1.2293943111123842,0.4998475778950231,-14.03599551190917,6.610574882791117,0.1402302234576752,0.04810722558079786
B,109,-1.1821518360342982,-0.447485466815718,1.2132338315997624,0.11172519949049864,-0.22880793329804905,-0.21390265137608178,-0.17605808290075742,-0.46811687296687576,3.6018457176668734,0.46636694882803065,0.22204715201828026,0.008006894347107718
B,110,-0.49843949233634366,-0.8160849175065158,0.0307054732133627,0.9669111741502265,1.2488275211742497,1.3531579255761776,-1.2375812785948583,0.8772018291444927,-0.2964702958437725,0.11161935838631473,0.28714250146654985,0.01652374491986431
B,111,0.9044382413373511,0.12602637136717942,-1.1014963022261832,-1.276093692927842,-1.354910989643668,-1.0392684203524143,0.2114495236601055,-0.9300891054491006,1.8782177385300285,0.15205095228701157,0.23243824758235843,0.007575152487882743
B,112,1.084156814762735,-0.9482617624904672,-1.147135262453218,-0.6088646005509022,0.5473532204482772,-1.1607519980012881,-0.7215966182700603,0.5662361613846705,-0.11139732821196446,0.004908101504360902,0.9459275629663093,0.004762612622431105
B,113,-0.2774323520005091,0.25405735965626386,0.15750851876329364,0.2234668680897487,-0.6591870468542597,0.7815401614262469,0.38323780549157305,-0.5343361484410614,3.6290600849218704,4.700611556528907,0.18318793013469423,0.01739085096484408
B,114,-0.9828055967344513,1.2724715089614353,1.3468484571487653,0.7765854669834658,0.9823411332665224,-0.4234680733610128,0.7083764246727353,0.807554376218141,-19.50321128690556,73.80772168810793,0.17822198026708808,0.00709834723352282
B,115,0.4248119350763453,-0.5797047834053051,-0.29489228240980303,-1.1602906770396855,-0.9195356783544657,0.044511319472883226,-0.35356161542473385,-0.8616261475943181,1.7774653707242256,0.2739168910178288,0.26023904097713835,0.008385208312660524
B,116,-1.043256214401624,0.6572186810796989,1.0095744339391477,-0.9512932869583863,1.1793965990700148,1.1967230878671955,-0.28181594691639167,-1.1512128180512544,-0.7633642497521838,0.49093343344720947,0.21461715311551152,0.04471436879139772
B,117,0.32307059696521656,-1.346601069341766,-0.6318278548476631,1.334850750155945,-1.0688735773818367,-0.8391295567781322,1.3405830767682054,1.205784327980756,197.9362406887946,2.0534441206040595,0.629006419743009,0.028696424802587873
B,118,1.0285291154287617,-0.32886365632094416,-0.7854606820840639,0.4368613294554746,0.0527938041710716,0.3713784255849575,0.27900493240144364,-0.22283424825617026,5.500683063747124,0.7141168463230091,0.28589083985171837,0.024740136321063522
B,119,-0.38382738305895847,1.0250989238805113,0.5188446483606901,-0.05161200488964601,-0.11420509144482671,-0.01420935749915242,-1.2996529027629222,0.19009074736547182,-4.87015514045609,0.8597262379631824,0.15083887032126295,0.03568070621298991
B,120,-1.3680999131081957,-0.40626160919741394,0.6873024518931301,-0.4487655359108398,-1.2596309079216534,0.6701218817750878,0.8870244414749127,-1.3532201766382317,18.0873560921825,17.341967752164482,0.27830820372985426,0.016528201485862714
B,121,0.04154678952151425,1.0990277563464639,-0.9539292894344746,0.06474273905255656,1.3224363421763143,-0.33414366601396894,-0.5214005259630627,1.320471382289876,-13.365007832737605,0.8530583420011268,0.15753219801421123,0.0945772508905054
B,122,0.7035137124488229,0.08061344178212626,-0.4631996071429957,0.9414202912397636,-0.3081763874073642,1.2337793158955257,-0.8895009920954803,-0.02344988831466477,1.6059325969165636,0.5823947332992988,0.17291526525113887,0.012815619113974662
B,123,-0.6655179370010512,-0.774818753541742,0.8409351758425523,-1.326458130552384,0.19634254034398602,-0.8982254082071973,0.5619935919273111,0.0780266813731263,0.984175861000926,0.12690208699119493,0.23659178346760096,0.017698112729181745
B,124,1.3223340829030665,0.8516359237370612,-0.12625312760018637,-0.7641207169304235,-0.4563314181330802,-0.6124477136354461,0.1003330563071898,0.37844374037586936,-5.678610022333757,0.39930560657172287,0.09844062436583527,0.07798623804642198
B,125,-0.08257365304971986,-0.15540007777041365,1.1782201061571194,1.1490531157308526,0.3949201515167209,0.29825734893581757,-1.1318324392789867,-0.43251021829438874,1.2351635307159567,0.2297494168778753,0.14849610317542175,0.01084907916691311
B,126,-0.7444566243207523,-1.1731373255320696,0.3259772294006831,0.6179443574375665,-0.7158326057949136,-1.264165730467379,-0.11389304340699535,0.9981390212582928,14.4336163586029,0.14680741407693657,0.28075261055398,0.014565832665278737
B,127,0.6198373805255251,0.4837558461954148,-1.3155929626986793,-0.23402766212813852,0.8263556481404877,0.95023060338513,1.1618510669949609,-0.9662442914436435,-0.5277678670704138,6.0414873886062646,0.20478003903699227,0.09264655834126724
B,128,1.0396372736463484,0.8821367389665069,-0.9871728671433527,-0.40169998626289394,1.203695901422171,-0.8754113726085438,-0.25452697972660365,0.9893892120428658,-7.681221349301532,0.2632681129648968,0.12657122723841996,0.08672425165071196
B,129,-0.37339095170725556,-0.18987780318368985,0.6527050762615698,0.10300906957664657,-1.055605499941193,1.254372257975821,1.2808081237829787,-1.0209507019138324,31.86725172020339,96.45058416947435,0.1932419901220877,0.014280045343943662
B,130,-1.054396071392969,-1.2509367600590404,0.8510556807303746,0.9810404506726293,0.07689345795777669,-0.3127905369348949,0.2196451724131383,0.4062360689097595,13.722994994883829,0.45627991830851566,0.2853372610763103,0.01412988130662804
B,131,0.3126025701267334,0.557578432510742,-0.45443288984915775,-1.27803876232436,-0.10073473162077584,0.6920038505137314,-1.272789705156673,-0.3531795775479707,-1.3994782848055134,0.0905301857762518,0.1570630408493935,0.011075702259931658
B,132,-0.9933425366451136,-0.6317088191869021,1.2126879134382673,-0.8118215537981724,0.5340633339620839,0.9263377611158476,-0.8571870849887067,-0.057923934129325394,-0.14362083888466698,0.18866771810725086,0.23912604799769988,0.012115548937202444
B,133,0.4135929189445353,1.3284518145475952,-0.09313910791302282,1.1087990376306511,-0.6834658519054954,-1.2835106301624684,0.508003135807279,0.00301389079848291,-74.61185142371318,16.22342779435396,0.11116210517742603,0.00528964380924261
B,134,1.0946833123598518,0.2667157908695632,-1.3244046253212924,0.5790440979174432,0.9688939045613483,0.2783214772991305,0.8327108210559684,-1.3376140538332637,1.4957128375400282,0.7236823257548756,0.23806851086541464,0.07530047364343659
B,135,-0.2662238814692228,-0.9569441924453486,0.31581176885538786,-0.2803746700871115,-0.9436545073687639,-0.6359161755310532,-0.4887317247975246,1.3713728244096524,3.410075897990073,0.16641277379095093,0.24732118454019653,0.03718127153704181
B,136,-0.7549882036372207,0.3844743701112723,0.14869693360591474,-0.5665373772006121,-0.4537020699205937,0.06664712629034497,0.05172181444103585,-0.21526635710219422,-0.7063979850225947,0.6028075708309284,0.21015241767506246,0.015163444006533086
B,137,0.6086339917135903,-1.077833441325817,-1.1573006352045814,0.2691790897707653,0.42986081691499045,-0.4021995569748782,-1.0940569104023903,0.24903041080754273,0.7751950293766892,0.0076011234931567025,1.0481278859928544,0.002539218769525782
B,138,1.332876187162663,-0.01677431919130057,-0.2604245525938891,0.8209439423852893,-0.7133843661352038,0.8022177161994815,-0.07585564072463913,-1.1828946295058664,9.488291856503173,1.8187698540605115,0.15510579511747413,0.020127974788825404
B,139,-0.07135980126684416,0.7090328418262033,1.3799623890419974,-1.1193171896398906,0.8614747882735776,-1.138191800481453,1.1129885279096638,1.1279792927173664,-7.556748444857135,10.255744485857711,0.13549214049000913,0.06782714509704754
B,140,0.714658651159519,-0.7838176599636656,-0.6217074274250749,-0.992902015098844,-1.294590748547516,-0.03742398131594116,1.0006157319736773,0.8435541204741106,13.693797082504398,5.062341605361861,0.3826360731008397,0.016417941393730828
B,141,-0.6550549918819195,0.09359000205412693,1.0183410634390537,1.2912121281877231,1.3198301250827045,0.35135794125533093,-0.6674883788438837,-0.7905029122412816,0.38916078494106787,0.3312521979278462,0.18355315311399903,0.00932431032270557
B,142,-1.3792132356747164,1.155325860472993,0.4856011481170459,0.39186897153675804,-0.34327503023953376,-0.858389843780282,-1.0358346473281776,0.5548633845098654,-9.939740317969516,3.7403903609105553,0.185840565410261,0.015982988971847856
B,143,0.03111552251874561,-0.4585824519643852,-0.8200579699216924,-0.09457447930929663,0.19387249163872666,1.172576407519095,0.6758412613645699,-0.5864195809231741,4.702719833239355,6.698974107017805,0.3379121087874752,0.04008432595125543
B,144,0.5770327182806085,1.2832087713850846,-0.7788195049424277,-0.7513433223572482,-1.023030888753693,0.9597525292453744,-1.2049073492308282,0.9482510387199052,-13.003721140877161,1.0470769028875124,0.1247655420976054,0.08452018949143586
B,145,-0.7879358383304192,-0.5902727687995859,0.3523669336748916,1.1457523634242912,0.8678674156297042,-1.3385845124632514,0.15714102111095496,-0.8943537861872647,5.494857017482403,0.16448728425841402,0.23080873209445274,0.005563442047906154
B,146,-0.12876017370121096,-0.9155504484045021,0.8918337749882406,0.6374890115672598,-0.5881884194944842,0.22373915838730918,1.1753983962755286,0.44766894580465566,46.0393320433351,7.755235533541287,0.2065343972132807,0.022118568498951698
B,147,1.282236727299974,0.22151505405352223,-0.5764496219711356,-0.2413881091319472,0.6076695056531454,-0.6029928055313224,-0.14374962418210946,-0.47973290100518395,-0.3477362063296908,0.034355980784355575,0.1548766182097424,0.014375913793498332
B,148,-0.5313105010022295,-0.31796253943430797,1.247722797218494,-0.46289737395031405,-0.0010653457951317336,-1.0159460578881585,-0.6053903132092762,-0.10350287429304572,0.34422918151157433,0.13462001435089965,0.17661004668337982,0.011535131003917818
B,149,0.8289190889318745,1.0140284679923195,-0.2202221489691243,0.0666903699661463,0.15491273623670576,1.3732438628641976,0.933086764698883,0.13608243292682487,-12.030344412621455,18.254332435498203,0.11379021428940032,0.03118349339874003
B,150,0.16965947264639047,0.689427855190085,-1.1103714295328497,0.9232300805763691,-1.1278558905995815,-0.1947487809480719,0.564626054242205,-1.2924991252569404,-15.523210669905597,2.717911163443937,0.17781007065090848,0.011926492888193469
B,151,-1.2365997837511982,-1.3789791899631887,0.020476558312712,-1.3177445621556034,1.1097742500438328,0.5522991793948362,-0.930103224779087,1.237753096483902,-0.8094535925603081,0.051509785052507195,0.4586410203220044,0.01216346628470073
B,152,-0.5095738441317248,0.048384720611023724,0.1891154652335798,-0.9100886097320242,0.26748926057380107,-0.15630668955452642,1.3432393364029884,-0.33810759818892766,1.5961702142030803,1.8461359480929045,0.20682267526147624,0.06085239359369839
B,153,0.893985862476139,-0.7424205281099182,-1.2790000284132446,1.3058302800554678,-0.24800815375774432,0.4919033993668225,-0.322399670573418,0.28336686287354684,12.936385826722182,0.3692180645148128,0.7662321611544844,0.010382766728260611
B,154,0.19123467131181338,-0.41714301376416796,-0.051753851479649615,0.4713003997169778,1.218793080221839,-0.7186962140394085,-1.3836611990357162,-1.0606866150637115,0.14413998267735068,0.0033066624303606795,0.21132051049862127,0.004535174136147388
B,155,-1.17171000277361,1.1100782726834202,1.0792646838251179,-0.07657443288453525,-1.373956532688432,1.0545453623919616,0.3250434583055246,1.093260890568531,-33.33640540254069,68.37707319804764,0.18456237306548237,0.007120548448400981
B,156,0.4686322336757267,-1.205868682456249,-0.4079915705499466,-0.6487161563842925,0.7675636928244607,0.12173178142300478,0.39680893209202983,0.7062003926810034,0.969177696486314,0.2698653886420259,0.5164278381802154,0.027846220265195152
B,157,-0.9396651175357336,0.5163177608310598,0.723365415526579,0.25384178165652527,-0.7856453540376053,-0.4356254284546135,-0.7514346900185938,-0.7382696413391893,-0.9396204846162886,0.7681285339990401,0.17510643263639325,0.004680411217927334
B,158,-0.23699920010101105,0.8409185388924605,0.5209955945274738,0.7407932753289905,0.5078694979499063,0.7693050570594406,-0.4266550344031561,0.6923425801603316,-6.9947849315815676,2.656742255592209,0.15082934567987466,0.0414050273359058
B,159,1.130684440661336,-0.14485186666820216,-0.9474583498911083,-1.1366826925110953,-0.3540221281657281,-1.0836205229476532,0.7651605921566114,-0.6384400444987312,2.121781061031008,0.15494479062256483,0.27154103952367775,0.018603731958381074
B,160,-0.8477937230130074,0.954187654065134,-0.17182961469816305,1.227604373593503,0.3511998088909629,0.14293480095378008,0.5451056054159666,0.7749555390697902,-19.21065262353429,10.931407182951459,0.1806404998477588,0.009966838573704218
B,161,0.560495917825494,-0.26945915499564643,1.134337179498212,-1.0158956822464789,-0.5006439773085293,-0.5005316475548595,-0.9052893699386884,-0.7210555649252612,0.31287604424951776,0.04445418116223207,0.13177614976239868,0.010855202493639391
B,162,1.2226326858605534,-1.331194982428419,0.28619802867803656,-0.1608895095592473,0.7834801052064477,0.7043090196025295,-0.5369188909865903,0.620963242161469,0.515006528999493,0.13866639952366344,0.3502324734357812,0.01760620377931973
B,163,-0.14504314124185602,0.6289523944223638,-1.3543581383437286,0.3715832410815172,-0.7582849923059752,-1.0614813928716522,0.86989817190374,-0.6530350523367263,-6.259004175184575,0.793471318258925,0.20811742562690314,0.015399518868109394
B,164,0.8020707723970795,-0.5548403515136185,0.6389985223568344,0.33282915071145536,1.3646772899133082,-0.09076062827871745,1.1582472681107607,-0.27680506177503084,3.658138421762194,0.5297916898867164,0.15406277263456303,0.08033702009130758
B,165,-0.6014812135091273,1.2536985918969126,-1.0005422923496574,-0.5435014037065075,-1.2166285389064855,0.46997575970837846,-0.12130475948484931,0.30937661050361287,-16.022871051617102,1.7299257556790415,0.19974364687225826,0.014219023331522246
B,166,-1.2635327078145837,0.1926395007484898,-0.5057088841219174,-1.05295985304347,0.24078209085972913,-0.7400261939243845,-1.1394818186947966,-1.1192009401453795,-0.31089118176033737,0.007334163612361231,0.28803733105731966,0.0013489586051304494
B,167,0.09940414228220429,-0.8793988748720387,0.7994425577591844,0.841271979187,-0.26466764881483984,1.118986252995832,0.09699865052079804,1.0644574780537617,12.590467139777585,3.343559336199606,0.19232788499381342,0.024479752186976157
B,168,0.9102999348904153,0.4558416390266753,0.966726701024119,1.0397760655239574,-1.1119183457017554,-0.9937751980523052,-0.35818602909577146,-0.16481470653502428,0.29159042111058464,2.299078236818747,0.09737917336024421,0.021282052750197237
B,169,-0.4499374480462307,-1.1580851359581428,-0.6729820169949244,-0.8294000034333339,1.1371134379448324,1.3079622575686158,0.7019747467951014,0.11006595098574867,0.8840706543919794,3.5982751971046643,0.6176150366133816,0.06497471435890266
B,170,-1.1551420871161662,-0.09634914326620447,-0.8334261556842528,-0.34127449315328673,-0.15775620868470575,-0.2594540449025866,0.37728598372090727,-1.2339835194167366,2.7829413933064253,0.3273787014655768,0.33845649975268627,0.020160575893759528
B,171,0.25112490031177703,0.7810770639286109,0.4718931895094005,0.5533431602784267,0.008312019609743704,0.5733858564728198,-0.7266180051149791,1.2665603512742785,-10.137575035249876,3.8990103566754284,0.12715518077999163,0.09898793178424926
B,172,-0.8693576117542643,-0.7062682935407913,-1.1872529087832733,0.17207434802981014,-0.6149167217243952,1.024246302782332,-1.3182384159333176,0.8794999824954741,0.9726455242043901,0.21494258964180737,0.5489621692592664,0.005653129517469892
B,173,0.49561874818800344,0.01950982834265491,0.11908178872565345,-0.3840792302812628,0.5910311844266802,-1.3602212133601328,0.2649035046306689,-0.911566499213074,0.6038812968753543,0.03392066316659948,0.15228406955829196,0.008146350837304332
B,174,1.2009073389142146,1.0805687542319118,1.3016104156581976,-1.2170966329117152,-0.8771255052315929,0.20203362704783157,1.3260853781750048,0.5190417973812567,-17.02983848895297,17.542312826995378,0.08497368111611384,0.07556989503787301
B,175,-0.21009730344602273,-0.381709935441537,-0.3391136546761193,1.0067836946581157,1.0251742768958116,-0.5375842398815399,-0.2999523063312737,-0.46514710636568746,1.912809337172888,0.03563940174347204,0.24683661211810412,0.005646760372872193
B,176,-0.40064121984830436,1.376238635242926,-0.20651559506438888,0.18486145157898193,-0.1866450705169418,-0.05937335255470044,0.8077328018916463,0.8160926123864278,-34.99313199273007,9.509346063068271,0.15145626337036422,0.0207043218407362
B,177,0.9690646921627797,-0.6921868724577881,1.261092222424799,-0.6662519743190013,0.3404547767043422,0.41692457729729426,-0.4693753163508352,-0.847651535575974,0.650854702640026,0.14027467089868337,0.1292938469973003,0.02097222942504364
B,178,0.2854369198429729,-1.016787702162678,0.07175255258547142,-1.1975405345847836,-1.3105521682304655,-0.7939285436694232,-0.7941732331041045,0.5795285835661905,1.484071326541355,0.04379211149905019,0.28888654704411887,0.008229855914747874
B,179,-1.1248840453479472,0.3152218504409725,-1.0587583065616595,0.7151343083537631,1.292424921309278,1.1512245307946374,0.4393570966184268,-0.5264801021095987,-0.045526731620256444,1.3964236579551208,0.3054082031045484,0.07091086860071077
B,180,0.35434851760054986,-0.21875074332816147,0.4310574404600318,1.37493752917242,-0.8593081812186503,0.0017204976831106666,0.19703647391028678,-0.2312244225405109,32.12048802759205,2.52254282755035,0.14997407720508538,0.009253863867185729
B,181,-1.0092659363912087,0.9182857199958054,-0.7004687710023724,-0.8924258727579062,0.7041070238404876,-0.3809746406046215,-1.2558022868531222,0.1763065242349393,-3.514315843385275,0.09417466115212403,0.23353728586432834,0.010686940456273001
B,182,-0.32572211572767795,0.5930081540065657,-0.5468358817937844,-0.015589671771437663,-0.4270397835631098,0.8243785778557979,-0.19455901952865573,-1.1643148513449628,-1.2268402173760102,1.1683645603935102,0.1951862605293272,0.02007634925063762
B,183,1.0785060693705895,-1.2804442644144642,0.9217872880106766,0.4970862857316145,0.44647526335633225,-1.2032084127045184,1.2152083067991126,1.1980763435332398,15.438341118818151,0.3338183073706159,0.18656080963937086,0.07606525799449075
B,184,0.6791742237154346,0.1420954005888726,0.7533176891052709,0.0031252470723786008,0.952911311047768,0.9046791633794846,-0.9728232536736683,-0.0419724377428532,-0.9887683854634435,0.1823678390024341,0.1227088558141478,0.03288259277517942
B,185,-0.727769045534152,-0.8436618307176587,-0.3783764256696853,-0.4858483990687985,-0.9710385786263513,-1.2189964471185224,0.6071980109241422,0.07572864680217051,11.810401052463348,0.18994171625375222,0.3809726523014877,0.011330809420359354
B,186,-0.0007349514077115149,-0.5190611662719347,-0.8691063765073088,-1.3840176217417652,0.6907144262005149,0.3437506177150671,0.9756351719496801,-1.3561898244593944,1.02215733602504,1.413270398979534,0.3703741192378517,0.08891600633205529
B,187,1.3601799527943224,1.2031120201316596,0.599684696609704,0.9029863311136153,-0.5369047406705103,-0.6576434384508464,-0.6481290990191868,1.3012772196114806,-26.012659758500146,10.857453214502126,0.07664239897932419,0.21701161593150212
B,188,-0.6388467266486089,-1.1073402846445775,-1.2273856659983102,1.2094444053574678,0.1035769181458912,-0.94071355267028,-0.015890469275115615,1.0168519182595015,12.26814422288031,0.04477396389918308,0.7423975576402226,0.007416390237216802
B,189,0.7741893226936305,0.4199047526437596,0.24039005480342923,-0.7282653781993546,-0.08414141769527306,1.2765648493919899,1.0473911691558906,-0.9637981536739499,0.07384849254432169,22.997480353392376,0.12284708818709175,0.0411019186401063
B,190,0.0470699548375868,0.745182483892165,1.0926328695876786,-0.1749881305063763,1.0577509538228853,-0.2916819630174299,0.029110244560176746,0.38156149139576967,-3.903864144363388,1.9026215777206277,0.13264765319730307,0.05753313450330879
B,191,-1.3199364073837725,-0.045646598299108554,-0.03804589287200422,0.657859680069423,-1.2129520905436522,0.6272781770522282,-1.077066951239164,-0.41312570804297344,4.552663801816057,0.4651449658328023,0.27116794452206106,0.0039761369538875956
B,192,-0.1570971577132816,0.8038996026277847,1.3621657379178387,-0.058700595401204536,0.668812915565504,1.280911723204775,0.2981585317011344,-0.9967181823399203,-2.1609737303682275,3.968261242259197,0.1482022643517592,0.04819830103516949
B,193,1.2457828431095954,-0.11654819270675776,-0.28854261985463525,0.45480684810201333,-0.558626356374744,-0.9233148817680447,-1.3242440243981337,0.9649892849338999,-0.717149610191852,0.09877095808222111,0.15602715316369922,0.050537377795296635
B,194,0.5214557354353448,-1.1349305915946815,-1.1313035040789619,1.3311459340244156,0.9311896075496027,0.6329152704879657,-0.26264115312867453,-0.37771038991632744,4.914608135805737,0.16818376305096497,1.1154510816700394,0.01650797988433561
B,195,-0.8408098732443595,0.4353109144401661,0.16335465213301914,-0.9367316666362513,-0.992940011796128,-0.27574290238319143,1.3160130669914374,0.4305888971564449,-1.0679398733790373,6.240820860527295,0.2134573105524151,0.021704051242433863
B,196,0.11679006498909517,-0.35847011734847234,-0.7916445845314878,-1.1538465249742416,1.0795151289266867,-1.2464636566474285,0.7271081173218901,0.02186772029993378,-0.08343733882015192,0.030188546425665243,0.29905158911991875,0.01367796725432212
B,197,-1.292181393853107,1.0601206592283512,0.503352022452251,0.7593268170738858,-1.1910085162865716,0.8672485200534183,-0.3777285167810869,-0.07695409516078877,-22.665463125558993,18.61350119465196,0.1815324676319425,0.002278173412821288
B,198,-0.5677703345225809,0.042414996624777324,1.0035638625350056,0.22787958218709736,0.12552090038653763,-0.6838203457272175,-0.702843731132879,1.352304323251701,-3.3822755391764234,2.3370669387705125,0.16450549032013204,0.06690486265339973
B,199,0.8005880542497763,-0.7263820692517415,-0.6474829460092261,-0.6240919364367611,-0.06237766090373564,0.30486028149142097,0.35909201599366325,-1.3187113076187071,3.0860521439798796,0.8096911713000274,0.39697700063064073,0.035978851199995214
B,200,0.22519310078235089,0.6087526839451471,-0.46953769639220166,-0.21879968586301168,-1.3324432623736757,-0.35429009848540516,-0.09482422205940999,0.22462600104370156,-4.170470016127216,0.505899677923365,0.1573676125295907,0.018325394515597712
B,201,-1.1404545005770004,-1.3083731047659088,0.8256294580507431,0.6135309616461586,1.2706928787845462,0.04010303380474567,1.137344392793523,-0.19103827886836577,7.2991348469601505,0.7291139178759479,0.33055589521968054,0.0755157397202719
B,202,-0.45953371470938387,-0.28999054061881924,0.6814678815006687,1.1663111252611646,-0.20837752102523965,-1.175233485703184,0.11942307214280179,1.1523382562105857,11.028652626221412,2.253135362252058,0.16579494001679118,0.028458407238003927
B,203,0.9521429127341838,0.9773415373919316,-0.9697494745027689,-0.7705641873018082,0.3185641008733955,0.8613016689686022,-1.1563180016219812,-1.2074193479424808,-1.2422601102775999,0.08584662346220773,0.13015046024841564,0.0296778394597327
B,204,-0.17883620051299398,-0.8998463088389357,0.34145960407648746,-1.3410191104952511,-0.4052651919675082,0.4104412329877878,-0.87068452149422,-0.8095286319326614,0.4891382065544933,0.12219211206696683,0.2576473872016596,0.006060228200224023
B,205,1.1807186207537044,0.21587997987821805,-1.3094193011551922,0.9451244256772335,0.4684084107929145,-0.0744663275743358,0.5377422431371846,0.8624124326304365,0.6287343763594406,0.393420598047454,0.22815422467571317,0.04221144091686946
B,206,0.49988310861569096,1.2335854772226262,-0.11060827734256007,0.04679658002675002,-0.8373749459881361,1.1460316539968323,0.9058621065641994,-0.5675229286403601,-37.581735768810915,31.893547214468104,0.12212458371421166,0.015200777722120815
B,207,-0.9057020608085511,-0.5319345221948325,1.1842204263286271,-0.44167626370522184,0.7258815379708554,-0.8104810463274726,-0.545630762894746,0.53578874810538,-0.4755343346395854,0.2071123418496156,0.22042652170352717,0.01985096883881401
B,208,-1.0854207994931007,1.1826183135983117,1.0509444942757813,-1.0953567434608837,-0.13632544394810253,-1.3651818184002695,1.0752309632208357,-0.8752414706929547,-7.522784899032816,5.895624974579858,0.17275071357231547,0.006624849250221585
B,209,0.2788761335390224,-0.49594363996163415,-0.06941150931659079,0.7983531228584486,0.029901526103889076,1.007630588493327,-0.027311269430660756,0.9293100969806305,5.692677840252124,1.511651644832803,0.21142125662838857,0.026833112916595105
B,210,0.9813725467130234,-0.8638132855184335,-1.264119055081711,0.2883975584574199,-1.0903289270015417,-0.5439620662136208,-1.0451710310420852,-0.4985535340716851,5.52629229667099,0.02551367485234907,0.9832584168385005,0.0015976432406358358
B,211,-0.423537539018528,0.164870344648268,0.21499477690261215,-0.58709374277958,1.1585442801466697,0.18666607392405754,0.013622741685880735,0.4666503760395748,-1.821430473921461,0.26014600749346817,0.19363136732578093,0.03157150162864075
B,212,1.0445413523052245,-0.0657127793702803,-0.9295896560993162,-0.11647122066806648,-0.898672452326171,1.3361701173642826,0.6485769978379092,0.16056418398030603,8.98126112952384,26.218284329454995,0.24364844528281537,0.011216187522327647
B,213,-0.32449323565919275,0.768040057534509,0.549185725113249,0.4151459161343112,1.0037855757812781,-0.9569159796071205,-0.9761200836572141,-0.12782283662311333,-2.4702938122276032,0.3628793401176482,0.15131356764147505,0.021677355166655508
B,214,-1.027074922562797,0.39949367569336003,0.6974509036552103,1.2699934142005367,-0.6363050148553628,0.6001765776061252,-0.6081092086501088,1.2134820508669402,-3.4786513962907497,8.34585168453302,0.17969373641842817,0.017452176985947
B,215,0.3825741401743761,-1.0841374846046739,-0.4225666491654043,-0.9730106214173533,0.5694838190198386,-0.22134674792175368,0.9736868619242054,-1.2680557143299476,2.4091457225217447,0.5139853927143219,0.477094458584666,0.05970052302926417
B,216,1.3695223813786572,0.3383387157146096,-0.6020359911112192,-1.261547937485633,0.8049001332616166,0.44403128944884207,-1.2130760917259134,0.26442114927585725,-2.016818139002847,0.05394363027998029,0.14146283100127013,0.029862613432731003
B,217,-0.04283176733029803,-1.0372820697326897,0.876909937560552,0.9631693399655361,-0.7366847594590932,-0.12971401087415346,0.19237921498002697,-0.3190000958678243,28.829942299039413,0.8702974147162281,0.20863719423754523,0.011808556684255893
B,218,-0.7022603094694231,-0.6694125894350563,0.3698869925988275,0.12965485325711112,0.37279963375427916,1.0916243961851857,1.2538783861228857,1.112248084216861,8.864552710950392,15.662199259376292,0.2579972753594937,0.03592407597548747
B,219,0.6640635737115714,1.3560865194054872,-0.7503011076809931,-0.42701836700807927,-0.4792235309410968,-0.7777315806137552,-0.19514958606886235,-1.0795014434020107,-7.8994372259938395,0.11400098948413756,0.11957074956275131,0.010927049838737072
B,220,-1.323777704346763,-1.2575860297354566,0.03570629045647622,-0.2989054850557693,0.21922440708371682,-0.49466145606562373,-0.44018565959709577,-0.76258479049605,1.6245295005105262,0.027652150138591822,0.46868879644199807,0.003546388104720962
B,221,0.08383746735657094,0.5729426339720576,-1.084820260595102,0.5962052036043521,-0.28604562357663665,0.158810154179565,0.7949542066073441,0.7306869155928994,-6.043497493545079,2.3966083983551227,0.19268534244964222,0.030325026151999234
B,222,0.7431820578394202,0.9414891810723722,-0.24887060519412008,1.0841720909068824,1.3432994029454435,-1.0570285053039439,0.46990583958815724,-0.6140024382999404,-5.261580446438764,0.5220272998146468,0.1133472442534962,0.02014210462339027
B,223,-0.6184041704092803,-0.2391611592418974,1.2304137742494092,-0.7858566275525072,-1.2381863001477318,0.7214322861047966,-0.8083003380177805,0.6680657711299587,0.337492476717673,1.063140776456717,0.1952049447937274,0.0268953516801945
B,224,0.33812057619779945,0.7290565512917391,0.44666222053427695,0.8788513712554209,1.2406946631577347,-0.4726327604272337,-0.6750153476969042,-0.7019658899366791,-1.6348543983198587,0.19303928083645727,0.12342079747167725,0.016635553489452146
B,225,-1.069497441061797,-0.039758977132219764,-0.8486741592945468,-1.3612628651223542,-1.3522349892850836,0.09367186989560783,1.0350563128072439,0.756031619024603,4.288540802500723,7.546180035727271,0.32055853702007203,0.014225367431862089
B,226,-0.36403926344528137,-1.0574645054627214,-0.6557756922687469,-0.5052413814346406,0.2892110570302475,-1.1219181571728085,0.6669552062955584,-0.6718254429758683,3.685629923925051,0.06365780129107237,0.543235296939545,0.013391465065108589
B,227,0.9975497483874942,0.3611448162911255,0.9956108891205695,0.023845549743916727,-0.2261068135462483,0.7427048384296235,-1.000045556865238,0.6399299643306235,-2.687151315372703,1.061428980048527,0.10064169782274272,0.1137311497223818
B,228,-0.2972430088329354,-0.4379616611324618,-0.32357297708302113,0.6799309351073808,0.48610522988782434,0.5083709174988091,-1.1151233922938664,0.333843984009661,0.3485684580520114,0.05763644265210888,0.26453163495690807,0.007797467132058311
B,229,1.1151139751035848,1.1322508057683283,1.3267982519910222,-0.19842901219649955,-0.37596560946452784,-0.15119805361653715,0.07803808425557324,-0.30109445115940736,-8.777796560013115,2.5653870864663846,0.08581188690462367,0.10107028616361458
B,230,0.409739749143345,0.11386821063514496,0.0900807623989135,-0.7068721505329802,0.7456196382829294,1.069722660900996,1.0959781618216236,1.0402037846492187,-2.2792074112159115,7.665785254529994,0.15175921908223686,0.0570086712814228
B,231,-0.9565869072930273,-0.8065504629357572,-1.2042402651146369,1.189389074583407,-0.8074090385282577,-0.7121279678334224,-0.05360606330015494,-1.0947798392057828,28.326000689261523,0.1584011158197658,0.5702687835826588,0.005531786467803475
B,232,-0.05904007387840027,0.5345931135331594,-1.382354822747123,0.6984689698358484,-0.566297232392993,1.357220561370143,0.48828646496110784,0.09114816618709565,-2.8716848318281007,14.51332213173617,0.23111156662783658,0.014374772307636055
B,233,1.3099917511593373,-1.2309137116301678,0.2681843096394718,-1.17950548678512,0.6294014552195966,-1.0216681358499586,-0.8322285586594372,-0.14571893761469967,0.04451863555986635,0.005135500065785108,0.3372687584827805,0.016260240779259066
B,234,0.6481091000779389,-0.21320801804050027,1.148851700958066,-0.6930722716786534,-1.00129836594451,0.5349854103890805,-0.5070892990990069,1.2855225907885581,-0.9244610715235964,1.8528043715336586,0.12178883478336236,0.11338029904769811
B,235,-0.7615370964455757,0.9025050137929391,-0.14563722986803573,0.21034376941673738,0.8897580191597656,-0.1990113312714581,0.8563208274271663,-1.2527783513959623,-3.980562952326309,1.1673528722075517,0.1939947542752675,0.03286884864879043
B,236,0.013297276669518077,-0.9800185861133499,0.8176752451925628,0.5157916143794596,-1.149630554496068,-1.299779160765668,1.2746283321573066,-0.935861982529193,81.54367908814578,2.573277522311085,0.19232489989242535,0.013632607606954323
B,237,-1.350996903764623,0.28733724273815,-0.4778290379488124,-0.03291471455091677,1.0878411749081358,0.985845195661929,-0.22144679685365776,0.9039612207549885,-3.401195200720314,0.5103466012434749,0.2840201162183248,0.031628674204970945
B,238,-0.6890289789536215,1.3057196726121674,-1.0267778098220837,-0.8676244123549498,-0.022998673983926743,-0.565477838715857,-1.2830256229144787,-0.44072156408600727,-3.4710342747824288,0.046205423215219296,0.202171397065826,0.005755021532407123
B,239,0.7158782508929693,-0.6114299495692205,0.6247766748797845,1.348808665834185,0.13313831506461882,0.25129126981269523,0.2567920580048355,0.49479258663158876,15.39448589562414,0.8847517302912693,0.15679177828359617,0.030446287191771945
B,240,1.2726312009591816,1.0867963135030518,0.5842160823416349,0.5353053857025258,-0.7348150585709219,0.38897908708488527,-0.7643768918771345,-0.8234439701361123,-8.659851166384868,0.6420597472698736,0.08800023442493576,0.04051970194489077
B,241,-0.0869264865211754,-0.39682167254085066,-0.8942221701724997,-0.32460642785913474,0.839885209478547,-0.010147109031357182,0.4258343212348672,0.7917126816365354,-0.0765396068240436,0.22154488727829572,0.32270561888685056,0.02994485252150826
B,242,-0.8138769078661825,-0.7653681679976763,-0.3492927594312989,-0.8548795944948521,-0.47529139566252654,1.211614692011011,0.7508593040820795,-0.550982985678919,5.524762046775963,16.41647254577847,0.370989902913584,0.021925822715947875
B,243,0.5917110244847394,0.06837141202339891,0.7703876646908852,1.066593636107372,0.4084298817548724,-0.8323610500313465,-0.39628113563094514,0.6038696784120972,0.39232925963966325,0.6498374460988067,0.11758415985165374,0.054395510469379675
B,244,-1.2323235504853105,-0.1675476515871328,-0.012721707398616777,1.024111464213832,-0.32172817610323645,-0.4194078080032083,-0.3272205360779161,0.19514828981727983,6.4509171500421685,0.5515555216703407,0.23733647159549826,0.00685007989854395
B,245,0.13332690675900127,0.8611597294203175,1.1079740690388407,-1.2358046883357978,0.2152612857115408,0.06210999786282012,1.3858012639192954,-0.2502269852912693,-4.257944789972989,4.793430322920222,0.13333232384923088,0.05471002648488352
B,246,0.8601920543744057,0.4932903007661733,0.22328752316213296,-0.35795309371926476,-1.2732025277174335,-1.1539828302178388,0.3242787086044623,1.17902750821603,-5.639384507095767,1.4568429010497377,0.11146522058668877,0.12356474337824781
B,247,-0.5514873256671441,-1.185295486264104,-1.256166081667275,0.14727561440309112,1.3413775627904314,0.7964324266067255,-1.3451659639094624,-1.1454373897827885,0.2502038285825526,0.017641547372559793,1.1392046028307452,0.004833657574725082
B,248,-1.2107620476732612,0.2418357342401758,-1.076866047736922,0.34883088072001134,0.05547352286088869,-1.2682273178985106,0.9296157515544812,0.05135447946568861,2.9624342125117398,0.48420838825770757,0.2822572684739932,0.01667749366288391
B,249,0.1982066275848655,-0.938833068621534,0.04399763201308704,-0.13675694595895838,-0.12233505742593853,0.9326306029218661,-0.5641861704930288,-0.0177590675747894,1.9611169983091155,0.48207191879806743,0.2863222545192084,0.01194335338097846
B,250,0.8819199731665133,-0.5702867384238743,1.287442109568724,-1.0366183811759226,1.18209614885974,-0.6192155593455683,-0.9322151413787999,1.325613542598972,-2.230254183193877,0.7995417877158106,0.11947442688521069,0.15057854671637136
B,251,-0.4864355700495807,1.2602604704606628,-0.19217939857323585,1.2469997522172507,-1.0770260186095106,0.28336640582866623,0.6044816770003809,-1.3806975212019215,-117.31203174584338,66.84330937825452,0.14755433005854138,0.001439231903740943
B,252,1.1644045896542197,-1.358737338398668,0.9498454591524828,0.8647104646192181,0.9904515160364753,1.2161799764689254,0.1455460377945541,-0.9828065211529107,4.701537406926477,1.149848954507435,0.22117634521368232,0.06396759770618084
B,253,-0.23847263791327955,0.6667327313078182,-0.5287606966742036,-1.075028711823522,-0.9222764603060818,-0.9022863346016654,-1.1772423993634025,1.0356879204284313,-6.405409796902701,0.3681780656349009,0.1797299043514252,0.05402128139306045
B,254,-0.9222699351512034,1.034602325221128,-0.7149323823104324,-0.5234436766745412,0.5554411279716682,0.6552289555579456,-0.159400733630644,-0.3942434333075925,-3.2410571780765642,0.3980958647299595,0.22468523463279816,0.021112402612434883
B,255,0.43999283830093616,-0.3409893384625309,0.4049159451243032,0.3114335267871755,-0.6619079977059681,-0.34091349483408173,1.2071300488617054,0.36251742793697517,27.14249293168741,3.2191723301093664,0.16242408328824165,0.029086489372505804
AB_k_inh,0,0.8490469607332412,0.8716130946721761,0.8495565812682513,-1.2380809603403446,-0.5602314076196029,0.9423419028753559,0.5483510888602334,0.2882450939660073,-5.706392955303562,8.149919985389706,0.10237070862499302,0.03898595867939118
AB_k_inh,1,-0.5619501158558078,-0.24525194847803578,-0.5398946094999253,0.7264800627727699,1.0901443583349788,-1.2323990274449852,-0.8807528303073634,-0.396915178242655,0.261699135721461,0.010192434565225904,0.2636058800501757,0.002202136509399462
AB_k_inh,2,-1.221210052330926,0.3514521467264158,0.19927142595901026,-0.5828057993524839,0.10770864776424838,-0.438132910943123,1.3573964126157045,-0.9649544384894657,0.9924666764132553,2.169315198634038,0.23984398321468298,0.04353299901710473
AB_k_inh,3,0.14375799817390633,-1.111989218644355,-1.1892604177405817,0.04926906114035745,-1.0280634925644971,0.1595940145538588,-0.3320168037884401,1.1168920113803467,8.300902583677136,0.4046927210337165,0.878779890370805,0.008257555842269696
AB_k_inh,4,-0.8033451736192461,0.052912496402628406,-0.2692704445212386,0.6623541019134358,-1.1551048366673031,1.2986570716866204,0.883037811986388,-1.0602015949048496,30.081055028962993,54.173336503872434,0.24880757929966732,0.012251258438162747
AB_k_inh,5,0.6029142583662062,-0.7174240773842498,1.120456315906072,-0.1345102166124903,0.6685579103438266,-0.8786560452500279,-0.546743995115371,1.0382291183689583,-0.5241593010940235,0.28730283421208375,0.14208592536705106,0.07366000686791081
AB_k_inh,6,1.2620889211117212,1.2662939173484096,-0.7450947932472607,1.3290676347540906,0.8764583359036442,-0.0933512619494179,0.3302394053087716,0.3723775695911007,-19.54065341229868,1.0129042084067514,0.09875236620065561,0.060990464088254086
AB_k_inh,7,-0.0981401627161873,-0.5437605300786345,0.6432032913621695,-0.8226096075935901,-0.0860268233685535,0.5018763562234174,-1.3598497159195444,-0.30702919442814736,-0.03272746206209459,0.05369806099729008,0.1945744208551242,0.006276209617023576
AB_k_inh,8,-0.9117331501710091,0.5416531942564262,-1.039446737574592,-0.2856852966227934,1.284277879408415,0.30728761070229593,0.8413061232799792,-1.3675396742071058,-0.5754850593856728,0.5818388104027773,0.2647392955832084,0.08706988015070576
AB_k_inh,9,0.45121200936321415,-1.265656752887769,0.35000469591798455,0.46721206870488974,-0.3632000774008546,-0.6345531669920466,-0.5021353715620424,0.6983969968869259,5.794617814341284,0.05150071781847124,0.2897784056662479,0.011459289970991418
AB_k_inh,10,1.1538782676449661,0.7152372519032448,-0.04258782672621231,-1.0180477025978412,-0.8325553870639184,-1.073963900538505,0.025535081990817332,0.6688323412640205,-5.555489126817098,0.4699351408611313,0.10411706893288196,0.09594654915968662
AB_k_inh,11,-0.24968128403242962,-0.05234391449583509,1.3459439291794475,1.1776809403818558,0.30065704371554514,0.7568204629956183,-1.0576837114175863,-0.04306292875294604,0.9838089836276367,0.6643028419109409,0.1531240100076125,0.018055093072620838
AB_k_inh,12,0.870811969879395,1.1112936918764078,0.10104113244304735,0.9216141635413526,0.5148481549657007,0.6575192487698491,0.5039127855347578,0.056770267638719174,-15.01346275557136,3.5628407018154835,0.10355100350305844,0.04008902454077816
AB_k_inh,13,-0.49687215633175186,-0.3494768787995042,-1.2886853749311655,-1.0868926595967698,-1.3059164523817852,-0.28691088183665836,-0.8388528044830924,-0.6392179916934951,1.3130950372485692,0.07924486061044567,0.43826961845039636,0.0022856117006242937
AB_k_inh,14,-1.1996223662697798,0.24448783915624128,0.923439236708208,0.20066897624586377,-0.23565372710881105,-0.7339238778614247,1.0553987039168173,-0.765918003317838,5.127514114884203,10.022882223682968,0.1914900268079007,0.005253024999223833
AB_k_inh,15,0.20867483001121245,-0.8697173164040611,-0.4648589253664561,-0.3873756367881961,0.7242720531324365,1.0943678093725835,-0.027142201557424306,1.3050955842830285,-0.39788659078575783,0.8585265251686421,0.3311557431380275,0.034235616849183144
AB_k_inh,16,0.39921858115432807,0.27103055792502406,0.43411257374910406,1.2394425590120923,-0.9246789903133742,-0.24744067702162287,-0.9672329285818797,-0.8640881502439378,3.3139359773601003,0.4391778404378996,0.12653918966381908,0.006037994453369012
AB_k_inh,17,-0.9677795542591788,-1.0380718794369557,-0.9502731705312211,-0.727820843953963,0.02695461174673519,0.5205659671752811,0.6361863536098997,1.233998700020429,2.5343951717234265,1.9960467884743853,0.6231841665345976,0.02865774383504571
AB_k_inh,18,-0.28669016272755554,1.1378441778259878,1.2564154887347077,0.584151553801701,1.20399972265215,1.144588370817991,-0.2461817895036551,0.13324253679046194,-6.044354723116609,5.550789138213915,0.1482065032526346,0.034807564743117726
AB_k_inh,19,1.126338238213912,-0.5178398700498597,-0.1263515316869548,-0.050636304445490055,-0.6088114258321002,-0.8599455135206313,1.2702063971149358,-0.5465078423494781,21.90563408180312,0.9218555387689161,0.2132678425045679,0.03669118497207065
AB_k_inh,20,-0.35290473606203654,0.840657669552568,-1.3724596358211296,-0.661007996288491,-0.13528114029270366,-0.5869780639456265,-0.6325484777692564,0.5707071551597427,-5.285962242727535,0.08677956071312698,0.2153775506489848,0.016508599128828228
AB_k_inh,21,1.008001951660843,-0.1219215867393868,0.011523289242320711,0.1331432831682937,0.9896394015091621,0.18386648294895225,0.9701948995983518,-0.1141201611444278,2.042452384194275,0.8175619715409039,0.1510390756688046,0.0689851751175232
AB_k_inh,22,0.3269965117854954,0.667065844724952,-0.37567476107907183,-1.327705726221407,0.5871296582442436,0.7935182903722573,-1.2733365244970571,-1.29102773252685,-0.6400717412003171,0.04779374686212119,0.14957806484590594,0.02037461650453427
AB_k_inh,23,-1.0799391193920174,-1.3352259969138598,1.0075365586101055,0.8212691775881245,-1.05239455049825,-1.2081051424948612,0.24237377418737172,0.7911520863953692,38.30622378505169,0.9693838858796342,0.23938727520357844,0.010236135339698076
AB_k_inh,24,-0.6779104094085835,1.3375185417818984,-0.6240079821983108,0.2843290223947972,0.17660266866022734,-1.0128804848677158,-0.4143437765469645,0.46644664505629163,-12.08958477138095,0.8570876613275291,0.1675004700257435,0.024094212406088757
AB_k_inh,25,0.7263254240904555,-0.6674440119221892,0.7603778498759459,-0.4658766222961457,-0.7725138607154014,1.3354407408712456,0.7548669679638136,-0.22920824522351646,10.696851148838944,28.588668628163795,0.15881171258856183,0.01450117844839735
AB_k_inh,26,0.00216816152395638,0.12413464194862889,-1.099737141644776,1.016696778635341,-0.455122823627209,0.3785410909354552,-1.1448302224429328,-1.1326468287020053,2.0700389738004787,0.08108204515029065,0.2549489085148942,0.0034186950290093403
AB_k_inh,27,-1.3614545192756546,-0.8411044193036524,0.28302963605248666,-1.1763085378921379,1.3548324915398668,-0.04585937722172484,0.11132898805808522,0.9386997148033525,-0.8695032636800121,0.11334216284942852,0.3352771556529886,0.023005675775879707
AB_k_inh,28,0.6375617488398249,0.5188366177980972,1.2042250819287699,-0.9229654386795803,0.7941524491818186,-1.3585066908287393,-0.7517368250886456,-0.8708404228598485,-0.7928742814105135,0.09688947390222735,0.10950957666929023,0.03365604848014253
AB_k_inh,29,-0.772766854423169,-1.1395918477310163,-0.17975776566944623,1.088264752225552,-0.328250689417235,0.9926458478986564,0.41815180735629487,1.194752633113491,27.02647254780098,4.9131791805620715,0.4031779178330735,0.017951550278317324
AB_k_inh,30,-0.04852431812706648,1.039000044631346,0.5540139627258509,-0.20202556033479602,-1.2465492247449208,0.022724095879788297,-0.11496688972047298,0.21583951203996898,-13.762339245086388,3.0007969711275417,0.13466311128770966,0.02607035353180967
AB_k_inh,31,1.3211898103631718,-0.2728577174888491,-0.8291976100164244,0.38871073202121265,0.3901194811987303,-0.3987487131952394,1.1418682256047161,-0.49639962098643853,8.954266807091889,0.6299473296103368,0.2883720416755165,0.053778524357949754
AB_k_inh,32,-1.0382146452810699,0.39848791357405755,-0.08504753111971386,0.8234518586791093,-0.006108296379025768,-0.0006093647703273586,-0.21437371488194867,-0.2015218865475834,-0.27040481376537473,0.7910174214928541,0.2132697221836202,0.00845660392408296
AB_k_inh,33,0.3721058138036548,-1.0622485362484457,1.3045100865513006,-1.3569885968912359,0.9482542096301507,0.41993320045986415,1.2153836493563042,0.4834668776329709,0.8568016443844927,2.130364758498998,0.17063105711755516,0.08082706983132854
AB_k_inh,34,1.0556493142775516,0.9179685773277504,-0.9942582583407467,0.1255424976937809,0.6374633034382648,1.380558458195993,-0.9990515952832505,0.8785574578288722,-7.382419734659651,0.4470626838140366,0.12551335762750554,0.06946271426790536
AB_k_inh,35,-0.31405677332139614,-0.19618610705041717,0.3942094648024772,-0.6371433952613559,-1.1889068844877613,-0.971356090545355,0.6910196934481954,-1.2037937451770802,9.515163657493094,0.6096582062483477,0.1932436844844831,0.013652374379519891
AB_k_inh,36,0.9918987447779026,1.216551277664254,0.8823227949655628,-0.03725281155268845,-0.9698929065478955,-0.35625515133012464,-1.2225758625292293,1.1467648676011273,-16.19974406184098,11.180552659589692,0.08677117806250324,0.17701753152450855
AB_k_inh,37,-0.4123289342141695,-0.5907929762499116,-0.5076359893306678,0.5437108387131888,0.15775624999949733,0.06687530013713427,0.20650492551949085,-0.9514936766079092,6.49108122710804,0.3252758896089046,0.32831986710216515,0.020435017411953964
AB_k_inh,38,-1.0959577084176695,0.003848653578047312,0.14488640066952585,-0.7466217801936289,1.0806235092414875,1.035102138657512,-0.6833197214880506,-0.45926774041056995,-0.5314836995407239,0.15755194952114038,0.25611351434912516,0.015186547670746167
AB_k_inh,39,0.26765692116195283,-0.7637828394013974,-1.2431373537245145,1.274465665494574,-0.5724600281463224,-1.3143182257938322,1.006074330017199,0.22064443778148135,68.99061031561483,0.35610336345200183,0.5282214171752967,0.020889222757403056
AB_k_inh,40,0.7537243790016717,0.7656786383269079,0.24177347284942408,0.3922819206240673,0.7553690976106948,-0.8158034088461075,-1.1779914494437047,1.2808081573512469,-9.031552529828835,2.2916441545068253,0.10611764368760938,0.1554538141280236
AB_k_inh,41,-0.607190370269894,-0.004612742242446233,-1.1477843875459905,-0.2326486828400527,-0.20184891119732407,1.1870883881192735,0.16479728202172006,-0.7849615503417391,2.057794961548736,3.693508151477115,0.3212909557409512,0.02712699133466537
AB_k_inh,42,-1.334309397278908,0.592768264834219,0.804410444531318,1.0792814085691418,-1.3858326244281989,0.5647555786956515,-0.3811719781239242,-0.5824488757045881,-4.959167913536156,24.242328619903358,0.1831107576236983,0.0009434480898113291
AB_k_inh,43,0.07263435741947855,-1.2172467837748053,-0.5840571908179736,-0.8977546364870451,0.4430549667006396,-0.2049881768948849,0.7013881025779105,0.12995701414890748,2.040507296880586,0.35112113836814135,0.6232499358124821,0.031210711396820374
AB_k_inh,44,-0.7133736836794332,0.19675470961460628,-0.7039359986790054,-1.1616006580438347,0.3101753726067564,-1.1667036028692985,-0.17249723848881815,-0.14332590226292297,-0.8933525378139935,0.02542710990535187,0.2549330725951707,0.005310140244660162
AB_k_inh,45,0.653632523611458,-0.9201553821513595,0.6860225325641276,0.9748939975015027,-0.8203296172578106,0.8387615168691556,1.1709687302028031,0.5524960547049091,81.59244561472869,26.97682000536849,0.18833005544017586,0.014093604848778103
AB_k_inh,46,1.380667598964196,1.062885721366482,-0.31307335992210694,-0.48599731823466774,-0.42137326624931914,0.22538940026751764,-0.69419591522673,0.8528210178731068,-9.543581858641868,0.8768657187732387,0.09325708209111212,0.14898307239417832
AB_k_inh,47,-0.03236893582684308,-0.4005952287388701,1.0749504719371676,0.3207188221792503,1.2342273438229714,-0.5418562254704291,0.3890407416646373,-1.218702528527625,1.7510603878232995,0.13674161506647325,0.16341192294172147,0.016751496414673602
AB_k_inh,48,-0.5782859663295402,1.188261126550494,-1.0586101181511645,-0.8248243076479679,-1.1078602158022353,0.7129705830055413,1.3012066358724212,0.7777017151838683,-34.34568960084121,35.88310241487353,0.2023925626556057,0.012069072470096903
AB_k_inh,49,0.7893900363607329,-0.4701279298319019,0.3258807309586713,1.3583395570041785,0.5343717643734867,-1.1167586937126082,-0.3015493063561441,-1.3208897849296597,5.687995951996009,0.06021016445782852,0.15585066832200492,0.004628015409096698
AB_k_inh,50,0.1273375401715835,0.3221276359111296,-0.6678215155005881,-0.12687790795208254,0.9964500415967283,-0.6783659514637285,0.6045302941812485,-0.04650874245672276,-0.9074416731146598,0.11336844222802267,0.1888020025894517,0.023147093758776705
AB_k_inh,51,-1.2809515945607224,-0.9896849433202393,0.7148827064380334,0.6384996230102116,-0.1203475164237846,0.26445571168109994,-0.9112097563173909,0.6330700666829221,2.9338736513914014,0.15624128388422692,0.3019378968676575,0.010007752475652968
AB_k_inh,52,0.5325848918956981,0.6193558721239387,0.5965053917148557,0.035917752470114195,-0.6860197438157029,1.0531818141784914,0.2930035379849365,-0.6576078302649445,-2.8432324284433212,6.735227318973933,0.1219684816098569,0.019221105013791227
AB_k_inh,53,-0.8303521337889536,-1.3856462766434283,-0.7877108792908415,-0.5423543011033969,1.1294988455834438,-0.779379911684858,-1.3104296414698249,0.0277247969250507,-0.04846700092561651,0.0015948474337705372,0.8929899858120016,0.0008906262902083644
AB_k_inh,54,-0.1682156859435282,0.792268724504116,1.159047174117193,0.7452496410857063,0.05534429793968032,-0.3279644269736328,0.9202631182166521,1.3775803769930206,-18.891961903246287,53.346699095770276,0.13011551049838643,0.01951847993113296
AB_k_inh,55,1.235335793856483,-0.17301537503522124,-0.22388849328326765,-1.273114354205904,-0.888166650857408,0.6119307545606001,-0.5961535084715199,-0.7044272108922395,0.5686248882619473,0.508710686785266,0.1709841887165463,0.017732767460096444
AB_k_inh,56,0.5110070490836207,0.17118819481400038,1.2153307354371232,-0.3909147237980751,0.38330615564971837,0.11413383892258033,0.07766279876504156,-0.38005265455373105,-0.11056366497856462,0.4250806066197482,0.12194273142403594,0.03478278838452101
AB_k_inh,57,-0.8952604237931223,-0.7913405799671217,-0.16916020146664423,0.23130296454127808,-1.2614852035569537,-0.47931740847602433,-1.0922119674030102,0.3161129175347932,5.3607756778482525,0.05176553700205999,0.33939581633891897,0.003848951816539614
AB_k_inh,58,-0.18997085184061335,1.3838985860810042,0.4779683772474086,-1.0779405912375057,-0.27278779220427873,-1.2779807563571302,0.7891889985854188,1.0459259607336489,-20.391907962220806,9.56276405224718,0.13257928081026263,0.055832764899955166
AB_k_inh,59,1.1702663761655645,-0.6183591450330966,-0.9047356019668131,0.8963929913361575,0.8469079054798783,0.9012789482946231,-0.46761770765628274,-1.0252537226576421,2.26642996642456,0.20678685106699757,0.47465882209379634,0.023511907065278326
AB_k_inh,60,-0.4700866021295552,0.9892381729117592,-0.41812393020074745,1.1629411241997432,1.3264457386971162,0.4590853743388279,1.0831586209967956,0.9577328711571977,-16.441500740901194,6.498717799077799,0.1779400264221793,0.03832993452007856
AB_k_inh,61,0.9409185256794819,-0.3199146013592833,0.9660922633397158,-0.9762559525133265,-0.4916325602513123,-0.13720230908235398,-0.08603956898172327,-1.1083702055881943,1.5088051323302638,0.2254824451337383,0.12361208885869819,0.01642316783887605
AB_k_inh,62,0.23571422745657622,0.46974974197726915,-1.3272394681422233,0.487364205199724,-0.695302692011187,-0.921494379049996,0.4761634502057457,-0.30240575423688365,-0.14785420857452847,0.31868774163780583,0.21265634636608852,0.012568839180896229
AB_k_inh,63,-1.1292619775552233,-1.1859686023398508,0.05569645231133524,-0.3220648916537525,0.25110606593121365,1.2548533661403651,-0.7799660188097598,0.4096671797121203,0.660394187710577,0.41364324508951633,0.41925814681610035,0.011317403341449227
AB_k_inh,64,-0.3368565914674335,0.038059901168488564,-1.274079581350421,0.250401736530508,0.9236824956182346,0.6894131213025754,-1.2845016945447039,0.611093750453598,-1.8509415497490216,0.040557150117759455,0.3042368799765017,0.008685726691511617
AB_k_inh,65,1.0680536491945858,-0.7512244209695595,0.10877172641019817,-0.41551365651104977,-0.025243665526978543,-0.2754926406160101,0.23196285213722967,-0.06857198500730877,2.9172313836912833,0.1989856517637565,0.22297842187465944,0.017604165808757528
AB_k_inh,66,0.3654723031380114,1.2513628240104684,-0.4516920536718778,0.8719217213288382,-1.2022872477851088,-0.7020184578444812,-0.6219227188034477,-1.3420226441979883,-27.156771817976132,0.9613291430547025,0.11920123447023703,0.004542063089370048
AB_k_inh,67,-0.9988241444453119,-0.5776502788726947,0.932608752561525,-1.0588002565680528,0.6078161292659132,1.1057963173189134,0.9814836835020893,0.7561487671158285,0.5223835150586711,7.3999099423803925,0.24630885928508303,0.04405418897346483
AB_k_inh,68,0.2959578709293347,0.9434093505605039,0.3796688995309472,-0.9574051880529681,0.13352561024859733,0.339001350744194,-0.23492410530919972,-0.7265344175453031,-2.1950372931746225,0.3371966102341206,0.1305960914622735,0.026934992065463254
AB_k_inh,69,-1.1136913467383063,-0.19241434804582713,-1.0034581431479717,1.1387600957668804,-0.9886871601200404,-0.6229779295637959,1.2808632144752352,1.3557299830837615,81.47223227034554,7.487768362712949,0.2915652074177464,0.013817497696367444
AB_k_inh,70,-0.4111939523380077,0.4231589974059933,1.3765383869659444,-0.3462874827668383,-0.586176218726169,-1.0422194429491456,-0.9776762310998399,0.006127895083231305,-1.4998343994287346,0.7579549780055632,0.14372624007696808,0.028903884824285707
AB_k_inh,71,0.9578401501776102,-1.0592301163159474,-0.0075294864731259015,0.5060873069544267,1.0506405491014281,0.7684277813594489,0.6250536053448623,-0.6786147568845103,4.587725465490848,1.1499394648236079,0.3379368878702007,0.06984762083954373
AB_k_inh,72,0.057617605607938716,1.061163098553785,1.0848623138884739,1.3774379984750766,-0.17768373473351518,1.2669439926813857,-0.10384469738465762,-1.0040789133829202,-18.650306169476245,24.31279426346429,0.1232091523782701,0.005564362666744272
AB_k_inh,73,-1.3087067836792514,-0.4239814225559537,-0.29798874081904736,-0.8494222488059471,0.7741402355570102,-0.8902319437149422,1.1523221253666895,1.0673522944588665,-0.02156875778336831,0.27194534780015,0.33030275726776287,0.0463607725567193
AB_k_inh,74,-0.6493625133860362,0.19443706601074684,0.6090485417490694,0.6140280224845609,0.45675064448651925,-0.1250963805754408,-0.7623196270000188,0.33779278464224216,-1.0848316296276472,0.4303754463855869,0.18179948026452597,0.019884873172241777
AB_k_inh,75,0.7629914597350556,-0.9441311328784331,-0.7752523419495674,-0.10773658172763412,-1.3559124421137847,0.4902696988962505,0.4068200663981216,-0.35777752393071993,22.058337145926735,4.705093010949841,0.5943470142189697,0.011323838102050463
AB_k_inh,76,-0.011853655225821713,0.5781605449513219,-0.547225312436047,-0.523504528198034,-0.7958233252181939,0.910447369305966,-1.1561295622758923,0.4310522038102125,-3.238587192838833,0.36980919533204004,0.17496053981136112,0.019478669994256462
AB_k_inh,77,1.3497330791290743,-1.2535124455217506,0.8359019729672716,0.01173705455558327,0.32928758481408793,-1.2438166076289698,0.10071382633628967,-0.28110236816674483,3.477354522903787,0.022716152495954104,0.2155488038711186,0.00903409588224854
AB_k_inh,78,0.6903035351062561,0.7518353298802183,-1.1975210443319055,-1.2973379368739852,1.2475872356411435,-0.4700376699234028,-0.4038588390478961,-1.0861363949210066,-0.8827866277972456,0.012768042889686065,0.16428036968091292,0.023363957650260034
AB_k_inh,79,-0.7173114610092142,-0.040119786952688585,0.1865467413132329,0.7639730733587411,-0.3917889112174041,0.14816484557086573,0.7659580812477425,0.9795413047313659,13.264236783674093,5.137348523971366,0.20665153188845972,0.019080024597939813
AB_k_inh,80,-1.2740642458162608,0.8122676838273846,-0.21422522177486658,-0.25175303232613144,0.5586050276136454,-1.3699341865626777,0.3190749066264864,-1.1829586880900473,-1.97442261515798,0.23498522833242524,0.22068846208972365,0.005674129535130121
AB_k_inh,81,0.08820087741464389,-0.13135283437886813,1.1743908989349843,0.41688576979722747,-1.0890632974260401,0.9607427208526398,-1.370261309335048,0.8989724261161938,0.6079948522348722,1.1037147568976897,0.14721635342021994,0.060769065179481906
AB_k_inh,82,0.8126129179714676,0.6385960388226406,-0.8644257643911682,-0.8732782847603748,-0.10662870235467947,0.011307486593403304,0.8936629202442308,0.5061660426182788,-4.387668579886431,1.4719428426954524,0.14715665528533092,0.04414000110774359
AB_k_inh,83,-0.5902672377818772,-1.3447479718354187,0.5249404780013884,1.0601353311436734,1.026435666540838,-0.43064223455223816,-0.5354545605036675,-0.17890964788353747,2.6030296751103723,0.023953199513271545,0.32079899774556697,0.004233237791318597
AB_k_inh,84,1.2337777485156243,0.3292894233223085,0.7518045064636041,0.9560489757971593,1.1540679361061013,-1.024488774129146,1.3686534461021942,0.2410154522950232,0.9991422941298915,2.75131431815466,0.09491257630735354,0.04854699201006701
AB_k_inh,85,-0.13458015480793284,-0.9608651830589185,-0.6364092908068696,-1.1374247113303233,-0.6668870394718002,1.3036939489961676,-0.32135933572017494,-0.43830675067477465,1.6687053880335365,2.798311720468489,0.48332266130704366,0.013651182294666176
AB_k_inh,86,-0.8589069216351537,1.1960123159411944,0.27606477043052124,0.3449364968321509,-0.8747889110493192,0.3669641802581498,0.5379084577076347,-0.9289254020463408,-33.278936095372686,21.673427649441024,0.16669729947406903,0.004008037466273758
AB_k_inh,87,0.5500646921375167,-0.4407129938489508,-1.1137469280437116,-0.5047148424925214,0.08498880730798208,-0.07757342712455917,-0.891886249937762,1.1695899549065,-1.547876480672496,0.0478636844399592,0.35421688691490216,0.01680035436874445
AB_k_inh,88,1.2120154558170098,0.438922996940057,0.02501337171495166,-1.3760919548223194,-1.2859888307925205,-0.5753691136475327,1.066521567617994,0.10696135872693291,-0.9098892834468937,2.0927105727629987,0.11220173567369085,0.03157310649614904
AB_k_inh,89,-0.19966099603869414,-1.195142507889762,-1.363602671529665,0.8480553773339377,0.3641965669316456,0.2156126137873664,-0.016688973160812415,-0.6048492676110006,7.093650525381875,0.2101959681184924,1.3592761556449866,0.015670566011090802
AB_k_inh,90,-0.8804975100604009,0.9591649218771068,1.021787669870392,-0.6126660519796902,0.8335506784657565,0.8050945400128995,0.4933293329154187,-0.8057546161075869,-2.5241666911058847,2.237771072618047,0.19667601763778808,0.045280083347770804
AB_k_inh,91,0.48515059740514577,-0.3283189724388442,-0.36757882557526256,0.10639608974998094,-0.30236952374693526,-1.1763904315553635,-0.8501838947332999,1.2602666160358946,-0.8131420593503749,0.10756774418138634,0.19875045443327086,0.04649733113495206
AB_k_inh,92,-1.1656791509712028,1.344242864941377,-0.9193555122953695,0.5248661475271772,-0.5158004015191714,-0.23601384232434808,0.014235091449892101,-1.2411442403898607,-22.07405857862959,2.0164147568736355,0.19609965190640138,0.005132985258570829
AB_k_inh,93,0.23990584286517547,-0.6363458209584671,0.46885837276903586,-0.013077856394172471,1.3076719772615426,0.5524697552579614,-1.0682982224314161,0.8299539289178515,-1.01274064539417,0.10059171771816969,0.18744899411511323,0.03021202973031812
AB_k_inh,94,0.9208263085431583,0.1309483703168577,-0.09704202072314816,1.2986836706658067,0.2374077233412839,1.1560056411410395,0.8517917321444088,0.5319132037624317,9.757844499240882,9.951926593447599,0.1396567495175534,0.031448710897608305
AB_k_inh,95,-0.43872901882973603,-0.8099277302361291,1.292769435026685,-0.7653402960064779,-0.7252254978148599,-0.8280526532002961,-0.4910449296434749,-0.1639903912333538,1.9789528027962526,0.0783994691300646,0.1997179716077908,0.007519965281037134
AB_k_inh,96,0.15853020257036055,1.2909705476911004,0.6501968010454988,-0.44702623483325943,1.108894343108059,-1.1336364109160966,0.9525576331931778,-0.5243586392108808,-6.018561172882405,1.593092481818882,0.12313834492318519,0.03337914176452136
AB_k_inh,97,-1.2470572443317616,-0.5407476566568917,-0.7324224828462004,0.26014769959404505,-0.5360450779825591,0.848982641349439,-0.5632118231082937,0.1551355882219183,3.8155373666008883,0.6300460668554879,0.41880372724821113,0.008735201155191026
AB_k_inh,98,-0.5201917558693279,0.07834774378202236,1.0410700163890148,-1.200531423373113,-0.9981221570768479,0.2584880121196358,0.2601907547711102,1.2556375570329907,-2.185561714904922,3.70092938850693,0.1826572834638636,0.049209303310415
AB_k_inh,99,0.8393660865414974,-0.7136467925262998,-0.34350512005977785,1.0354195033925715,0.12138317237689322,-0.5316024003326937,-1.3425146078239925,-0.8430386074169661,2.3278966541398676,0.0063734099388518765,0.2931735817602467,0.002315735205816253
AB_k_inh,100,-0.11824426301940894,0.38625833247843633,-1.155008379540083,1.1073639012122538,0.6876489693779233,-0.782555423365414,0.5724340592177064,0.8130857864172871,-1.961798599363518,0.3836513534173486,0.20938895040202127,0.030622302786584774
AB_k_inh,101,1.293434631573341,-1.0988411606729445,0.22801223623599798,-0.9475640770246656,-1.1305773914544515,1.197153177428618,-0.944011312236634,-1.2690064451470062,1.9786095905426972,1.03499881234336,0.30178396258577816,0.02692045618570147
AB_k_inh,102,0.5664851914546312,0.9058297235142068,-0.5923819844448062,0.36423975638178296,-0.05642131516340365,0.59801449193869,1.3341384160143914,-0.09302995939829639,-18.143329616889382,11.945999910914534,0.13520362652232593,0.03414188978347772
AB_k_inh,103,-0.7991654207201488,-0.23269891129778753,0.7917500095506325,-0.18288484866787091,0.889797074548581,-0.1949138232113139,-0.26924484484357136,0.5922181067422487,-0.8431827546036924,0.28721511736930844,0.21591989379784965,0.025099743281320957
AB_k_inh,104,-0.2264465089260992,0.23063900485619193,-0.4927978775131141,-0.7089707870094086,-0.3823565997220424,-0.3895037978474818,0.4439118922836558,0.9173566458760025,-2.004643230903202,0.5162558685057503,0.20193397266096536,0.03677050887270121
AB_k_inh,105,1.1419088587021313,-0.9052188352609438,0.8898211533254872,1.2152622277663354,1.2597273185697333,0.05681117186445328,-0.8129506612274214,-1.1539075985647385,1.6480343481866573,0.02016816266324227,0.15905625623026504,0.009586407567407093
AB_k_inh,106,0.4581112412745736,1.0966915185042663,-1.2302448483957684,-0.07485952044479705,0.2710310227164281,1.0018438864511372,1.115928426498791,-0.2514000594051704,-12.203577953059481,10.856267062439384,0.1526060122104611,0.04295039990015746
AB_k_inh,107,-0.9508579400897488,-0.38574808705720476,0.15433036551825796,0.6028752701139268,-0.8459569035345007,-1.3243932405140668,-0.053911624915724765,0.4446808690043207,12.125945294227202,0.4900474134951524,0.21430420635791814,0.008892893633952828
AB_k_inh,108,0.18011076182997732,0.7129249895509753,1.334068147300617,0.15224144060000033,-1.3247318591271648,-0.03367589568686569,0.8213268685300694,-0.5176170877833577,-13.796260972660653,29.772638188718222,0.1188547445719308,0.004515029135515684
AB_k_inh,109,-1.1821518360342982,-0.07632504647449823,-0.048952711199863996,-0.6856063041152447,0.4906386683880355,0.4097114149429171,-0.4348577867181479,0.19437118182921753,-0.7682704360759128,0.16400926876277414,0.27594597337797744,0.012592002382936616
AB_k_inh,110,-0.49843949233634366,0.5399252108495354,0.4248679966662017,0.7967972103936993,0.6943102461656119,1.3474591853072118,0.04468936298456727,1.1730301497986362,-6.412559929123992,4.816517273880872,0.17995103798655612,0.0429674102431399
AB_k_inh,111,0.9044382413373511,-1.2890375861106587,-0.959263909535305,-1.3085646840361498,-0.2493910708618925,-0.9816092546464268,-1.124474773277079,-0.8931575086536019,0.39752207313515225,0.003911852160919932,1.3588293572498602,0.01316474045484056
AB_k_inh,112,1.084156814762735,0.6748225806264083,0.9793490360205424,0.44836668033177207,0.007866176201897224,0.44883119802536475,-0.6510258572194909,1.0965629933523389,-7.401100834630016,4.383237140225211,0.09105952383170458,0.1741458887081039
AB_k_inh,113,-0.2774323520005091,-1.305816607441664,-0.4090337387470613,-0.26150963394847326,-0.9492037707221759,-0.1703025528687352,1.039016666088391,-0.9858727707030637,26.133051560812305,2.979245732188493,0.5886208209344826,0.026688016267252347
AB_k_inh,114,-0.9828055967344513,0.8478139311103872,0.07022292149244902,1.2018983309955649,-0.6384143105479916,-0.9317177965012062,-1.2553879743776941,-0.41944149763348115,-5.731546239720514,1.1227536343346658,0.17099570430645736,0.004119143515964663
AB_k_inh,115,0.4248119350763453,-0.09309630062470631,-1.3194189731888244,-1.036765593524469,1.190663648811263,1.2217851619747722,0.17441928779996174,0.2654626228680401,-1.008699405545005,1.0046271210945765,0.3286345255579958,0.04614219706445893
AB_k_inh,116,-1.043256214401624,1.1570789839304958,-0.13813739192214158,-1.1059966424140746,0.9708867932468237,0.10405979509994534,-1.0311471588814312,-0.3279068677225856,-2.7972759429049225,0.14372072008650935,0.2192514193939683,0.010847468372816256
AB_k_inh,117,0.32307059696521656,-0.4769362046476562,1.249971300518821,0.9462182967537041,-0.15947013473379745,-0.5125746484700081,0.6582174661635907,0.35192064613303686,19.42502732457931,2.558331840208254,0.13404696486712514,0.01976770031957243
AB_k_inh,118,1.0285291154287617,0.29103489849988207,-0.875489173525239,-0.3628990010223343,-1.0823385094751576,-1.2880432113807565,-0.18144258544794423,1.0154872958614531,-2.260122771058681,0.13707764577470788,0.16380292992688064,0.04923442026874039
AB_k_inh,119,-0.38382738305895847,-0.9964147200321922,0.5143853234320348,0.18152326548917008,0.5734524688275489,0.8680319337115294,1.2476887615768428,-1.082855830054429,10.071961453489207,7.931210698545043,0.2654230401303125,0.07650265281802891
AB_k_inh,120,-1.3680999131081957,0.9987546942808436,-0.8219449533035722,0.7076356659546474,-0.7536957891659716,1.0632551969644626,-0.7264481238567856,-0.020579261719968267,-10.295233389083625,1.5481058385925275,0.25207178848081657,0.0076314339797624664
AB_k_inh,121,0.04154678952151425,-0.2914393419044967,0.5664377439987973,-1.2139056281843565,0.20081477872715126,-0.7461220106542106,0.3560567499549414,0.6917420464266819,-0.6073857113583307,0.23503468621963575,0.17227024822020134,0.03872890691875229
AB_k_inh,122,0.7035137124488229,0.4791864431692252,-0.2593925943146176,0.07348744330906198,1.3847969633107413,-0.31790131091334306,-0.13972676162146147,0.719021844314937,-3.6778192664109355,0.24513242663400914,0.13339826317959902,0.05890233098478511
AB_k_inh,123,-0.6655179370010512,-1.157584070167142,1.1302495534197534,-0.6015240207974437,-0.44138285638486896,0.6451771081070306,1.2030960029034403,-1.3468325277144777,12.744463934400551,12.798011573223224,0.2520317669936071,0.038662417485654604
AB_k_inh,124,1.3223340829030665,0.09406677216556636,0.3172023291959589,-0.153613868911463,-0.3090968319000975,0.7232254203556681,-0.3490334368139123,1.3280485821828056,-3.086048065063264,1.3147245736034578,0.10791642857237062,0.13983481513750987
AB_k_inh,125,-0.08257365304971986,-0.849514171634803,-1.070906451038936,0.6869572435707918,0.8187003865312412,-1.0836591109628904,0.734147352150684,-0.7435596078969593,7.341634393570452,0.05383048537676711,0.5839054126086557,0.015376130657440678
AB_k_inh,126,-0.7444566243207523,1.3066864361504924,0.7079803552599178,-0.7981326413093967,0.41974283739379703,-0.6681431950491817,-1.2109655359321447,-0.618467542135053,-2.830619016923542,0.4148559184879542,0.16700804787935725,0.020097645989061757
AB_k_inh,127,0.6198373805255251,-0.6766125568779064,-0.6818938989729563,1.3099209324424013,-1.233150331763597,0.29752457688335654,0.13253512685561697,0.07726985378332918,55.64474993527687,1.7551077228326735,0.36557354352304505,0.010312810025230768
AB_k_inh,128,1.0396372736463484,0.60089864654542,0.2674466469485699,-0.9991705689718242,0.6185427040694427,-0.9538395537073923,-0.15202270718306288,0.5283555431716105,-3.560260406764646,0.39657890898060366,0.10538861738750177,0.08819904063966073
AB_k_inh,129,-0.37339095170725556,-1.2308142127014252,-1.1166004761364825,1.180635208771892,-1.1913916438409597,1.3738723460542797,1.1911094276647474,-0.16179719811011295,161.90367987665203,112.3091727932731,1.0623555996864338,0.008512628197821297
AB_k_inh,130,-1.054396071392969,0.773813652459103,0.7435142674954907,-0.30185349683707186,-0.03618157581759718,0.4266185482779352,-0.7146810127904046,-1.248765701335332,-1.3269382223768977,0.3656592800318728,0.20438258019264618,0.009126009906326619
AB_k_inh,131,0.3126025701267334,-0.018186125663387287,-0.6395907234134787,0.46155152137846733,0.9129136144682353,-0.01812513728464782,0.36891061046061235,0.8389187041576684,-0.44045811465889884,0.25729595940519295,0.20474199366716542,0.039980779871528184
AB_k_inh,132,-0.9933425366451136,1.0818306680583551,-0.8459783975547652,0.20819098215955845,1.0397857435138602,-1.3101738925819009,-1.1818871915553348,-0.8197963130185876,-2.0313028447656647,0.030158700195673106,0.21414122905363728,0.0025747318618708076
AB_k_inh,133,0.4135929189445353,-0.4032740669071939,0.5383431383752597,-0.37340734593294744,-0.5968616233399943,1.0201273807493318,0.16056902813960638,1.2729650089812476,2.2263344087462866,4.2735884119834635,0.15661726925587768,0.03274683980443745
AB_k_inh,134,1.0946833123598518,0.21569370181215808,-0.1954288379087863,0.9167984365640438,-0.977874836466806,0.08185078105416554,-0.3772868022702134,0.08886113942589313,4.9756310037791955,0.4609018311365916,0.1334953190035979,0.018228792489128502
AB_k_inh,135,-0.2662238814692228,-0.9228295878986892,1.187444542279178,-1.1035698838637569,0.14450733487557432,-0.36040020755090674,0.7056269227179437,-0.5853845911710781,2.219696867529865,0.37858972982373074,0.2031199198040419,0.029821789645372743
AB_k_inh,136,-0.7549882036372207,0.9207115515454893,-0.09989556365157015,-0.5680019529901094,-1.3451009447563798,-0.20913582561883204,-1.224096479251187,-0.9104835094198083,-2.9398683379483734,0.12692319757224674,0.1892119828698321,0.004255492433962785
AB_k_inh,137,0.6086339917135903,-0.21515160268669997,1.2841513063803844,0.056293972647381896,0.4677312122993351,0.5797336521158478,0.20531679991062068,1.1497837704002507,-0.5155006534079329,2.033192249720857,0.12158026943126919,0.10294304920274211
AB_k_inh,138,1.332876187162663,0.401224943626173,-0.9225369397376297,-1.2555937297857598,0.7632865867836032,1.1721109137635535,-0.6817885178507775,0.25539303846071015,-2.1246418007164825,0.27433461367954143,0.16024271101420562,0.03087624012012729
AB_k_inh,139,-0.07135980126684416,-1.081209409792432,0.4605681286365737,0.7221614405308292,-0.18836831305151103,-0.8116563591866367,1.007251868710754,-0.4513411981339799,29.97691692763031,0.6938985242096789,0.25142253756561544,0.026325304512215538
AB_k_inh,140,0.714658651159519,0.017353309843370912,1.0351903250799144,1.332540150724032,-0.4027286393588475,-0.5593694467963759,-0.1969405926079728,0.5134469870524185,8.20372763561982,1.9617078797303296,0.10903361837591038,0.03594692608548987
AB_k_inh,141,-0.6550549918819195,-0.7718914740392362,-0.3491314535745107,-0.8045891826479341,1.236816867158651,0.23207219689721548,1.233150584816695,-0.18753374135285705,1.3655810706030809,1.1038411252766462,0.3601436867742928,0.09634043039632609
AB_k_inh,142,-1.3792132356747164,1.2300605560218736,0.03806700989479661,0.6561752966784102,0.34001564695011033,0.8320781624897726,-1.0164741306419112,-1.1797367514947465,-4.093647582780557,0.5994900645055361,0.2203371584578684,0.0071948112500066635
AB_k_inh,143,0.03111552251874561,-0.5989075550533738,-1.3448062824992357,-0.14982171847510584,-0.7849259034232201,-1.1491898237936666,0.6732421710724894,0.8971147917293074,12.315337310605027,0.1888577875037017,0.5346599689409895,0.016237231221309514
AB_k_inh,144,0.5770327182806085,1.3649522656723148,1.373668674461009,1.0005430954059167,1.0372854936960334,0.279261915568763,1.1036258705705537,-1.100516377344599,-23.32307984713302,53.443816123074356,0.10236742751959951,0.008882609421544422
AB_k_inh,145,-0.7879358383304192,-0.6156815772946107,-0.016120786326712766,-1.1819862566787669,-0.09594823485843529,-0.6823417306551424,-0.06589423393443572,0.9925779831893109,-0.44494466055454907,0.11270146925491724,0.2834856914654435,0.0203540916564965
AB_k_inh,146,-0.12876017370121096,0.15224782889963207,0.37647132316956955,0.3031889845606075,-1.0998706839616934,-1.1127835135856705,0.4556856137166725,0.41261336847824914,8.803429628349132,1.8378977234982208,0.1495085855184268,0.014928645340143243
AB_k_inh,147,1.282236727299974,-0.7886676446496298,-1.011721579145116,-0.4629078369212549,0.547628281419041,0.6981649781823547,-0.8001007669417322,-0.26129907569589883,0.2704947481082876,0.09571001831982798,0.7108073019056549,0.016705136712303354
AB_k_inh,148,-0.5313105010022295,0.46161798654925157,-0.4383055370527751,-0.2068558456117504,0.0742672109368252,0.6187854207228309,0.07376374114139561,0.33457374008234453,-2.27001608661974,0.9094423727151976,0.2100341625885718,0.024191547558794737
AB_k_inh,149,0.8289190889318745,-1.172402443843069,0.9510829223688966,0.3720507205292236,-0.8856795778758868,-0.34564951783211284,-1.0964342616264535,-0.35592294683840286,5.090200805607247,0.03734634445520369,0.19158314877933705,0.004554948366067799
AB_k_inh,150,0.16965947264639047,0.9811017850627477,-1.2610421024183913,-0.9154262199908876,-0.6559540662987629,-0.761694263076693,0.7930774692937497,-1.0113620888157997,-6.795855247739733,0.4719219314060359,0.1739224200235427,0.022559730833488948
AB_k_inh,151,-1.2365997837511982,-0.30634248836818,0.12759493390464316,1.1022184847811547,1.164831838823728,1.0463265902665755,-0.463384826517524,1.0759787841860915,-0.5830175043293193,0.4884666642814929,0.2798840320137637,0.030489813489525817
AB_k_inh,152,-0.5095738441317248,0.30862433270522693,-1.2061123493498411,0.5666348336293512,-0.2914353937597365,0.8944262549136852,0.29148886026425336,0.013747125029963003,1.672894782208319,3.0388731170843264,0.26975239188191663,0.019804091350357343
AB_k_inh,153,0.893985862476139,-0.981575017595167,0.18367703397264656,-0.054948342142539186,0.8443154074792123,-1.260297638279943,-1.311621061933315,-0.6875771358664217,0.26224131504998877,0.001964445394929604,0.26327065712562486,0.011084786839281635
AB_k_inh,154,0.19123467131181338,1.174753201252295,-0.5554887535975401,1.254252989919358,0.3534741442646592,-0.4969997622295693,0.9217883621952552,-0.7229738649190787,-34.270838526887516,7.202501702868121,0.1308897725211618,0.008732727985721007
AB_k_inh,155,-1.17171000277361,-0.4620120599412062,0.8327044017702427,-0.7207998831738733,-1.2968806544332494,0.12098576797987604,-0.5949726542659493,1.3535337326659518,0.6661504159103169,0.9494043066343055,0.2501497717006037,0.04115694506715355
AB_k_inh,156,0.4686322336757267,0.789527103345798,0.6275227167207904,-1.3338805394147064,-0.7360313970180201,1.2400451894714093,1.3186443750743442,-1.3239193676023795,-4.3415451907768645,70.78212995274214,0.12230507958580573,0.027482259527674843
AB_k_inh,157,-0.9396651175357336,-0.1540485883117051,-0.7618658304948136,0.8059510498658262,0.22643279499750424,-0.9175166270772892,-0.283789631970355,0.7366811986405029,1.6298421684082043,0.10858741242419266,0.2809442483283959,0.01144096191561173
AB_k_inh,158,-0.23699920010101105,0.616620195131244,1.1036855265472678,-0.6575421061782322,1.318519986565913,-0.14118078406391166,0.5871031212372448,0.6251330511066933,-4.039113325881342,2.383286268287078,0.1548292377798558,0.05794846044342809
AB_k_inh,159,1.130684440661336,-1.3666841120122084,-0.28495126705136653,0.15116770015567593,-0.5051214213554204,0.47389427401663453,-0.9289799969610997,-0.08126814695392204,3.33121819902622,0.1354882236575874,0.7057901776115457,0.005555482543495037
AB_k_inh,160,-0.8477937230130074,0.734224572078124,-0.878406139822923,1.0624468627405694,0.11061794758593946,0.16374105388463178,0.5132285221816257,-0.6152559394019698,-7.302992194267357,2.328668148180213,0.21727645911323185,0.01645214012325521
AB_k_inh,161,0.560495917825494,-0.05506508483237327,0.50574608809164,-0.9027488381991738,-1.0090564523232126,-0.45311037497014506,-0.8292138312364271,0.07540155501589352,0.024174029607850533,0.10706369094532732,0.14017584522374385,0.019487965026518485
AB_k_inh,162,1.2226326858605534,0.5606345702656819,-0.14138224273366395,0.4064101875162536,-0.5251530890826642,-1.2174209643534868,1.0460935541852645,1.3353187073059283,-9.528473460801449,2.2729224598756614,0.10325177087038644,0.12339795469614702
AB_k_inh,163,-0.14504314124185602,-1.2683733011320109,1.2416599496922645,-0.22494554771618547,1.1196172615525433,0.9381942644801067,-0.0367917617194049,-0.7521941901589644,1.0154428244084708,0.40758641143948215,0.2196048756305364,0.039247374913334764
AB_k_inh,164,0.8020707723970795,0.2525759919862067,0.08356216366140723,-0.49150054399950505,0.9007724986698584,0.519390145627747,0.8262525780644572,0.7334102601203389,-2.2870755928815023,1.4854823385078786,0.12950515918848446,0.0780267664604165
AB_k_inh,165,-0.6014812135091273,-0.8832424751346538,-1.300992718210865,0.3047290966997922,-0.045615250701077414,-0.1000346266574983,-0.5168670022510942,-1.3598564760522995,3.42973445924319,0.062465257601426995,0.783344278931765,0.005508784129651498
AB_k_inh,166,-1.2635327078145837,1.1193864667986697,0.9923392611598232,-1.158806365690736,-1.1412565368773684,-0.8719732382916323,0.04059921412165468,-0.00212704555991583,-8.20865817193866,3.7579315807056046,0.174227005082787,0.011619124912558579
AB_k_inh,167,0.09940414228220429,-0.36300798169572035,-0.39025846673942444,0.9935900019173471,0.6768004642960552,1.281143840031976,-1.0429626676438497,0.6719465159722839,0.04315529409372609,0.2029397175083537,0.23675649954072897,0.017352228753979623
AB_k_inh,168,0.9102999348904153,0.36499909384516216,0.699341114755174,0.1100498769496907,-0.856637205771579,0.7393047008099958,0.8710138184574918,0.9973762572493958,0.37012237280324634,14.874451434735596,0.10753363781125981,0.03029871951178367
AB_k_inh,169,-0.4499374480462307,-1.1201401028208253,-0.6848108601062913,-0.6434821662046212,0.2601816913387305,-1.0672785630491317,-0.5590899238281328,-1.0634016424071924,0.9119861929815503,0.006350370174455621,0.6000097489161341,0.0018747053175025726
AB_k_inh,170,-1.1551420871161662,0.8851646742119168,0.3088909732050533,0.8416507686882835,1.2707035689868402,-0.6412392688050622,0.34225283257974803,-0.34195889849580374,-4.25219278753049,1.9051123294564039,0.2084687546640499,0.008772357261965702
AB_k_inh,171,0.25112490031177703,-0.2534087871488273,-1.074151296686109,-1.353358749031011,-0.371549378445555,0.32480413721156065,-1.347493220948863,0.3646083746978406,-0.9639581618490247,0.044262353638035774,0.31965717201886223,0.005755516995366392
AB_k_inh,172,-0.8693576117542643,1.2689945800553295,-0.24096633417230895,-0.7507592835540946,-0.23850056929449082,1.0902227428231035,0.5552824869189301,-0.4270526350454328,-9.205773430217905,7.699331937839221,0.20586415270474506,0.024406989452776095
AB_k_inh,173,0.49561874818800344,-0.562683672889307,1.143588790424363,1.2571128617573988,0.7050313467592708,-0.7189483866156955,-0.8741446895058598,0.2744380521597085,1.8178925532066077,0.16422331936892026,0.13407752080922436,0.024995961162495816
AB_k_inh,174,1.2009073389142146,0.05560720461522717,-0.8031696761315864,-0.030406385109182033,0.4798752614479067,-0.30188565007353674,1.3504544482990883,1.0930161624012327,1.1843846090054693,1.146783763017402,0.1877125807166151,0.0846141387550875
AB_k_inh,175,-0.21009730344602273,-0.7363425877739282,0.5794279639737292,0.5583573531852801,-1.3356646670410364,0.6616635923104781,-0.3386143783320241,-0.9836690784584394,18.619243206036604,1.613668386475253,0.219810953179673,0.009015737649105474
AB_k_inh,176,-0.40064121984830436,0.11604521868882567,-0.6010367851328889,-1.0638083839470829,1.179683246257613,-0.8530935947920334,-0.7424270481004477,1.1870799495731148,-4.03802489849178,0.1468990078385682,0.2233789353615082,0.03874484949423459
AB_k_inh,177,0.9690646921627797,-0.8275806342898763,0.788859102557671,0.9040895315864355,-0.6492253121278988,1.126906027393144,0.427794096114976,-0.9058428409604999,29.62179280894748,8.884787026148752,0.16403166563256227,0.02061835915072459
AB_k_inh,178,0.2854369198429729,1.3294244964297992,-1.1633353163717233,-0.4077558645002366,-0.9385196881816777,0.5382490749237705,-0.12426610045075126,-0.4995031571358973,-13.181261057494002,1.2769737222425344,0.14868507473117007,0.01430607739053824
AB_k_inh,179,-1.1248840453479472,-0.6539142827427896,0.22479346538659395,0.22631270322738617,0.01871965971613787,-0.25429336007386305,1.1322153705881155,0.17491393688741175,13.949694210141653,1.6770897890914305,0.2963746532287044,0.036691391246031255
AB_k_inh,180,0.35434851760054986,1.0200114540266292,1.0594806853618903,0.4901545158397944,0.5842226720508752,-1.1932962324883567,-0.42940195934782954,-0.24785017115949537,-4.62134577163088,1.564928570449252,0.11089179184633728,0.0453703854532376
AB_k_inh,181,-1.0092659363912087,-0.27013792086912747,-0.3301397979287013,-0.3033622510495275,-1.071399277111212,0.7895398050620022,0.740142619006759,0.4424742847242933,12.320469925911624,12.823267932706731,0.29783975802003826,0.011313544107599922
AB_k_inh,182,-0.32572211572767795,0.4998539713590038,0.6689565077054478,1.1574445346232862,-0.1703670607512735,0.1878442452503568,-1.1297614733841481,0.9249653870300489,-4.590121363003065,2.1981307809951103,0.1477113075547714,0.04629437128363183
AB_k_inh,183,1.0785060693705895,-1.1368766732035906,-0.7194061984021971,-0.9922496597058131,0.9601588963699668,-0.6017862509432802,0.12604277075722026,-1.162880796857667,0.6122325474573289,0.029908230070146494,0.8275430914452256,0.024745427905792754
AB_k_inh,184,0.6791742237154346,1.1351448062063014,0.42197709483758894,-0.10869352525646048,-0.4522789561065155,-0.06066497171621377,-0.6445652102235507,-0.10030248077932447,-6.735013848414684,0.6642795714725918,0.10663295698615957,0.058926226922298916
AB_k_inh,185,-0.727769045534152,-0.4989153741797664,-0.9679187153877368,0.6421466320019451,1.3740702232480462,0.38251626073369493,0.9578443539576427,0.6008549200029933,3.19961799590764,0.7857039529848876,0.4085700917821776,0.0728961941565356
AB_k_inh,186,-0.0007349514077115149,0.26833714079965887,1.3308493816155618,-0.8402997672605492,0.21158382513631624,1.3314649720085294,-1.261330378958078,0.8098772409787729,-3.1792666914621686,1.8666957215831217,0.14439171368790688,0.07350266519265033
AB_k_inh,187,1.3601799527943224,-1.0191520159878567,-0.057279653195853264,1.3519862587473612,-0.7427573830978553,-0.9980742913087506,0.25473490674339616,-1.2671410384149737,45.658398132353014,0.1567181952048281,0.3339436514085276,0.008517243273543806
AB_k_inh,188,-0.6388467266486089,0.6535201886934392,-1.216879531429041,0.7521106361575562,-1.2224644313722741,-0.40560394743585304,-0.960298235668563,1.2371882329083415,-9.789839577712412,0.3838957748772307,0.2083146250853443,0.0357709802830211
AB_k_inh,189,0.7741893226936305,-1.3270737596779687,0.1727410396554827,-1.2584850421801126,0.43059780824053084,0.0404097548166511,0.6427885554101287,-0.8232461342571374,1.5157639131060658,0.5141265446092259,0.38802559122596014,0.04323572004925434
AB_k_inh,190,0.0470699548375868,0.8271073811000609,-0.4797815982334598,0.031763046663348504,0.8077184966450985,0.9749607467114785,-0.2531270693322871,-0.5387492860150226,-2.2380823424108804,0.44271567201973544,0.16086998887087492,0.028721360638106926
AB_k_inh,191,-1.3199364073837725,-0.11376339500917454,0.9085808651497851,-0.5596925362122287,-0.3199096513308297,-1.3516520143378103,1.2636147822300219,0.16816193281764558,6.024183466482624,2.5342196117879197,0.2116976520650486,0.013973452727991399
AB_k_inh,192,-0.1570971577132816,1.0885545160977317,-0.3832603091420541,0.6180080338599263,-1.0390387514266084,-0.527624638031289,0.8035658823996508,0.19740059924277142,-55.11612887240781,11.890183304025348,0.14118316055928276,0.0058666598560287025
AB_k_inh,193,1.2457828431095954,-0.37217668158190564,1.0050175415482514,-0.08988519108694626,0.09690241804275646,0.24367982512198205,-0.4522968583220962,-0.47659640598082653,1.2453315375471767,0.15343835555360613,0.11514865856157835,0.020952624429711984
AB_k_inh,194,0.5214557354353448,0.2225079466152804,-1.3803730477405542,1.370751708163325,1.1008236690170616,0.8637915513559433,0.06246093603030123,-0.885220327818207,1.3685639964380516,0.4516178986274263,0.2592606226822683,0.04089292360441676
AB_k_inh,195,-0.8408098732443595,-0.8916520518779407,0.009332136036908745,-0.8645647060348964,-0.5493830677969007,-1.1376148962263521,-1.107046288588446,1.2077893890366698,-0.5254203909616559,0.0562031864826997,0.3150266702583603,0.018373339115619957
AB_k_inh,196,0.11679006498909517,0.5209842200489461,1.2759165944920128,-1.2830416272318261,-0.07526176383676564,-0.17723071546282454,0.4451046451491709,-1.1399300919288167,-0.6307586046494864,0.5884127453975362,0.13644381059249966,0.031311753276776405
AB_k_inh,197,-1.292181393853107,-1.286365347980273,-0.11263550378409959,0.771167060485525,0.8873927964091746,0.5911618088864499,-0.8114346717621088,0.9473261167366458,1.0398438379324322,0.07142592994531641,0.4841936718998389,0.009330243381760637
AB_k_inh,198,-0.5677703345225809,0.6939793766580895,0.4532646418193358,-0.5405097712519314,0.6576657561847659,1.2040050961572162,1.1147462605485907,0.4632276882903259,-4.599943490453616,12.45999263270028,0.18504639571490178,0.04450947681002599
AB_k_inh,199,0.8005880542497763,-0.07364686417848909,-0.9362081049412927,0.007249346365185261,-1.1658275898526211,-0.800237766790261,-0.055438201296352574,-0.22735358033726727,6.713914547552221,0.1321548772321534,0.24633351230027542,0.0069356889061435644
AB_k_inh,200,0.22519310078235089,0.07561136960222159,0.5514949404996476,0.8799512639627485,0.28976670740730914,-1.3420783417012447,0.5766576858431747,-1.2874671024353914,5.984263245584297,1.0346694968220063,0.1361530345319047,0.008379826406501105
AB_k_inh,201,-1.1404545005770004,-0.6946852527813009,-0.8367831529150578,-1.0450010413325639,-0.8432766529167434,1.008698562942066,-0.9401109428683587,0.7889559134427933,0.013642279144524538,0.5469832648917177,0.4630248217143894,0.0069639654632290895
AB_k_inh,202,-0.45953371470938387,1.2882295410903055,1.2020339235590092,0.2450784831616819,-0.3524365052015599,0.04995593762383965,1.3299042231310032,0.5783263076412404,-52.29801147852623,168.4198830409117,0.13921083944806986,0.003747495975080282
AB_k_inh,203,0.9521429127341838,-0.5217801624175715,-0.18767117242452191,-0.43202179482957914,1.2952105220631205,-0.371818138910619,-0.27313464795392717,-0.12308261759157313,-0.10312052716733189,0.021540553231951094,0.22218230823733667,0.012644910121013963
AB_k_inh,204,-0.17883620051299398,0.8923210907002039,-1.086021108577572,-0.3279178445462454,0.7349521901103488,-0.9855850235091428,0.9324109864012604,0.14728192523748884,-5.445731020238522,0.23934998879183156,0.186863443525832,0.03033235718312008
AB_k_inh,205,1.1807186207537044,-0.22458365596461505,0.3025307366454426,0.5092106096494313,-0.22480423047194753,1.3622653788661767,-0.5836804050840766,-0.5592039165021595,2.8611945968799977,1.2205202974590112,0.1383876218097602,0.020590478418226334
AB_k_inh,206,0.49988310861569096,0.37275565415875467,-0.6099429114440336,-0.9730659031905204,-1.3168928680580578,0.39490582044842815,0.2803268353051076,-0.8459849614422608,0.6430040931925333,2.9235660092213167,0.16672616204852905,0.014093986457141315
AB_k_inh,207,-0.9057020608085511,-1.090730537760766,0.7795299127818291,1.1329305038067916,0.5040410989483792,-0.029700725888625934,-1.3220354595902901,1.2145310437511714,0.955605202108986,0.15804365964747083,0.2614317971971449,0.026891760302469432
AB_k_inh,208,-1.0854207994931007,0.49812614288258095,-0.74759832759101,-0.6193484018932051,-0.6195814637962608,1.228467968933168,-0.3667990605296738,-0.7735395520572412,-0.8031285804960931,2.129917181014931,0.26602229091015656,0.01550844536271861
AB_k_inh,209,0.2788761335390224,-1.1602576613569486,0.6355916013648819,0.09124703764744257,1.1930603250290381,-0.949231028155851,0.7167155622787329,1.3140602717289134,1.771159978089546,0.16390555806872065,0.2175050037082066,0.05642203167882844
AB_k_inh,210,0.9813725467130234,1.0176990160864954,-0.27144609435114964,-1.372118538320543,0.037851703023376926,-0.15278876346440562,-1.1931893459584637,0.05321269484182989,-3.5464907812627513,0.15990739762311168,0.10853694254211098,0.048376410252574775
AB_k_inh,211,-0.423537539018528,-0.2941188772599268,1.1125167413949464,0.8659107083728623,-0.9139512586956835,0.44214783331728436,0.1499563504696484,-0.6370247107763224,20.788696340388263,4.76288427399974,0.17149597742259295,0.007569243871064652
AB_k_inh,212,1.0445413523052245,1.3148221474697939,0.21300295723736618,1.281674445898881,-1.041414313203766,0.8830099968030278,-0.7252613306499405,0.6507320444977467,-42.02118606448954,5.266607596074376,0.09066750986212908,0.07393149992034173
AB_k_inh,213,-0.32449323565919275,-0.6901853154126265,-1.1697854745749778,-0.7698213680084953,0.5979408250833167,-1.2921908497760057,0.35757605493226996,-0.0235983297782576,0.8696769876657292,0.01920281507914498,0.5485620654566716,0.006452889954330809
AB_k_inh,214,-1.027074922562797,0.1021965393192441,0.8636371295762848,0.5391690933577167,0.9789551537094983,-0.5084276091392352,-0.14090298857038697,-1.3815812936528724,0.7341252243280099,0.2557609847497968,0.2073607893446005,0.006698557000652092
AB_k_inh,215,0.3825741401743761,-0.863082308077227,-0.520768683363999,-0.0058878509804165535,-0.1461344585477784,0.0890823310729234,1.2015661316681923,0.7110954672975127,14.966249653630443,3.1202180655051213,0.3847457550824113,0.03905306426809052
AB_k_inh,216,1.3695223813786572,0.8613238343542282,0.9158275518752694,-0.8786160654427531,1.3441467564077094,0.630202339870152,-1.0269202374013426,0.38675524355071955,-3.9994144563239735,1.2587128188885022,0.08364464569747702,0.18368219277364922
AB_k_inh,217,-0.04283176733029803,-0.10121018224106249,-0.46736246487455435,1.0436443539566531,-0.46597795973310874,-0.31375696737271364,0.6621118965305917,-0.32006355409342047,21.65230651639757,1.3872546509270163,0.21234834445025294,0.017484389772727454
AB_k_inh,218,-0.7022603094694231,0.6883265293759278,0.09310156309627038,-0.24370632856071284,-0.7615318055700925,-0.7502670772036906,-0.18568009384334805,-1.0417597900722488,-2.297283791047149,0.40054746896806714,0.1742585145108329,0.005455655907151985
AB_k_inh,219,0.6640635737115714,-1.313925856637026,-1.2908610299254255,0.430670457719164,0.18741532283179363,1.0782306882101917,1.243804918125157,1.0184228460687772,19.850862872370612,17.360768936351064,1.8802461782299418,0.030175698712431052
AB_k_inh,220,-1.323777704346763,0.29377254310952083,-0.023112888724957648,0.32929035032294207,0.4010154156612109,0.2908384750703408,-0.6711652429368063,-0.9617324244289309,-0.05785229603489361,0.13553785244470368,0.25848567241335235,0.006706562378811426
AB_k_inh,221,0.08383746735657094,-1.0153748860603746,1.3596754656221524,-0.5105616368989103,-1.2358223194230595,-0.6506266685399169,1.0185434671846607,1.1150344544586945,23.71260307841576,2.1177356882033376,0.17343410505420664,0.0393281635009574
AB_k_inh,222,0.7431820578394202,1.1598212609611285,-1.0203208166030144,0.9744014115714521,-0.3390199010855661,-1.101174873148513,-1.235259175575694,0.295525960934913,-10.316073770460294,0.16026791728744155,0.1202960552694143,0.03191720177604167
AB_k_inh,223,-0.6184041704092803,-0.49590232517015975,0.3640852493903668,-1.134286840006975,0.7832142083728681,0.7299107578450414,0.19490307361900716,-0.40553934917720846,0.1763135670396913,0.5984974164701445,0.24080893680605794,0.0361056339906345
AB_k_inh,224,0.33812057619779945,0.17545372238454737,1.1565069625673126,-0.07950455019678038,-1.178052244159359,1.123481965927078,-1.1627330758207508,-0.2842917357954915,0.48334634594482284,0.8069642998937693,0.131198676962522,0.01927821260194996
AB_k_inh,225,-1.069497441061797,-0.9414165832372285,-0.23153754218074596,0.5856915523252091,0.6481488733112564,-0.7088736817563971,0.09377780102094802,0.3902100225642462,3.7592712175033016,0.061101364794963565,0.38901457377626725,0.009274354288642856
AB_k_inh,226,-0.36403926344528137,1.0421751225065916,0.5942930440214176,-0.7016168238456869,0.9374417207177503,-0.26863797445377924,-0.3972658917609573,0.9717825831377447,-8.917220033066291,3.887000942920017,0.15895288546439387,0.06246706030950316
AB_k_inh,227,0.9975497483874942,-0.4212609184204281,-0.7956877920447623,1.229739666618667,-0.017089855746836857,0.6717280304440953,0.7729046728210041,-1.1210556256890243,25.231051199399804,3.7813949602423853,0.32041440724953085,0.040736150743142754
AB_k_inh,228,-0.2972430088329354,0.7437405770123149,-0.6541266820857592,0.7818120747263355,-0.5831864376906859,0.7724029614863863,-0.09149281934192355,1.053534779352929,-11.993845787932322,2.5773691767492792,0.1828192386044317,0.028231954415023446
AB_k_inh,229,1.1151139751035848,-0.026590672330812026,0.7343203113608421,-1.3150724996130814,1.069727740038173,-1.0570250477723322,1.164340169565613,-1.034226843485337,0.29552011291395686,0.10872937648006803,0.11363427232208641,0.045914954935717234
AB_k_inh,230,0.409739749143345,0.5700717465777396,-1.0445662470492625,0.16993285520375045,0.16869432554928165,-0.6081717256761329,-0.7746820713006726,-0.37650284377329,-1.5186320272004237,0.025760943446138947,0.1784615234346682,0.00581176083866139
AB_k_inh,231,-0.9565869072930273,-1.2399879633208684,0.344969298194407,-0.6818074219500515,-0.9591241906570622,0.3350255715527801,0.3948125884571174,0.3139062557895318,8.577455845291784,2.293483562496906,0.3668480478822031,0.013973002734213511
AB_k_inh,232,-0.05904007387840027,1.2378119210004381,-1.3348885118753526,-1.2065421342146765,0.4539945295829171,0.4862912239146928,-0.22019842395012001,1.3743717437605747,-16.200022266541104,0.8830808868025379,0.16959056555855231,0.08694344222758615
AB_k_inh,233,1.3099917511593373,-0.5694927946582864,0.053156235597105805,1.0195988225467791,-1.3750620906865407,-0.11028748089763418,1.2959227090207295,-0.702561891954139,147.22330566290864,9.970381492894521,0.19725107776153922,0.01664522305388098
AB_k_inh,234,0.6481091000779389,0.0245149423240818,-0.42610083779031926,-0.4437244470747367,-0.2125771385925126,-0.9050401203838981,-0.9923913255436041,-0.6648802638520406,0.040176133399923986,0.010854668479751816,0.1785139840307319,0.005008835241371057
AB_k_inh,235,-0.7615370964455757,-0.7430715588474475,0.9638799104819287,0.27867466970492116,0.7444718410748872,1.2709217446540928,0.6099835238840527,0.036361697979727436,4.048170790655247,4.339482949021584,0.23665115244346666,0.04655612133092323
AB_k_inh,236,0.013297276669518077,0.42046495539440687,0.4974059770058683,0.34791273694472835,1.2234160117247324,0.13048249181732086,-1.2941452950480143,-0.060899466726098694,-1.552484503282163,0.14858658069175557,0.15079671223585772,0.02102272308681707
AB_k_inh,237,-1.350996903764623,-1.0403109500539545,-0.8910407633876354,-0.18804813632845718,-0.4323539993213009,-0.4631857408661071,0.22265174274700672,0.6460963338134154,6.250688479022005,0.20480150529013194,0.668981336618922,0.011293883762426267
AB_k_inh,238,-0.6890289789536215,0.9407106864566213,1.23441929750851,1.1209846313842247,-0.8094758032252382,-1.250669301009908,-0.612268531384822,0.7592524685244533,-17.32935295632822,28.48530136173951,0.14570674937066658,0.009872906502301545
AB_k_inh,239,0.7158782508929693,-0.17348923761821067,-0.1551163252003933,-0.9396918662810387,0.3208597856655864,0.9281304873831531,0.9907842059769971,-1.301097234304597,1.852625954195237,6.790873656204632,0.17673533393719817,0.07447241215439433
AB_k_inh,240,1.2726312009591816,0.9672583216855897,0.13725359881379484,0.08085592345763803,-0.10962608531179385,-0.4156667536352069,0.007628262393017726,0.8600912204614632,-10.90700029241687,1.561310923556834,0.09028652840737046,0.15535023177680665
AB_k_inh,241,-0.0869264865211754,-0.34184937814795435,-1.245704306273177,-0.5870637534053187,1.0073408736824618,0.007162430372621209,-1.0752282880880877,-1.227337033324396,-0.012041913637925589,0.008959620418853226,0.4105652196706164,0.00593160711068521
AB_k_inh,242,-0.8138769078661825,0.4470104422542185,0.8743621085959934,0.7029734647424573,0.5234386259412833,0.9648870540645709,0.8583879742859677,-0.1401143769950739,-0.5519914120169237,12.421672428925154,0.1936413067085417,0.02161324711490581
AB_k_inh,243,0.5917110244847394,-1.2086682811778777,-0.5098750573654919,-1.2310748289882198,-1.1186239532606956,-1.3849089444708582,-0.48410427707148806,0.5506276784722397,1.9389613079366366,0.018068653526060973,0.5924867318051128,0.004053380634156227
AB_k_inh,244,-1.2323235504853105,0.14993036088363643,-0.9748044270335863,-0.7804557850052923,-0.8990163127534374,-0.07088807930648788,1.078866163928731,-0.563996571750604,4.851161759992717,3.8804780904194116,0.3269584414356795,0.024646545383337284
AB_k_inh,245,0.13332690675900127,-0.8126435709645671,0.40787757787592005,1.3137370273825926,0.04466366518427023,0.34944840774382935,-0.004666291376545839,0.11016157148844163,13.929217995758169,0.5611407987897382,0.2170212541667851,0.01735830489666374
AB_k_inh,246,0.8601920543744057,1.3632294879291498,-0.06594271684223085,-0.16858179180382904,1.1403063973782628,1.3212104858341303,0.4809741496893667,1.2951964853627171,-19.29220059185856,7.7298777811652375,0.1018419036629056,0.13246321284906215
AB_k_inh,247,-0.5514873256671441,-0.6390676161812263,1.3185272166544209,0.6804348696942146,-0.6750431628802643,-1.0311748862708594,-0.8621959896022513,-0.7979855864734927,5.971905114436874,0.20613633400865883,0.16895727496502705,0.0030867565219728837
AB_k_inh,248,-1.2107620476732612,0.6412914545510431,-0.31564031763511835,1.2051961680271532,0.8577136394238727,-1.183073785934746,1.3833837443892214,-0.4733198486490222,-5.713157103176229,10.01678991849617,0.22093397097103384,0.006657264947775553
AB_k_inh,249,0.1982066275848655,-1.363665867667574,1.0673176752457854,-1.0182320388687018,-0.2618126986013334,0.8226083190885312,-0.30630710224928226,0.23333208888105084,1.268276300323956,0.7504624373481673,0.22470805788930096,0.015461735627397565
AB_k_inh,250,0.8819199731665133,0.814967721648084,-0.7061750718781784,0.44236255403509994,-1.27233337812049,0.1980993924614194,0.5231887256785275,1.1286539064543042,-26.410484003136247,4.287721834624018,0.12475504748911197,0.0395358493572589
AB_k_inh,251,-0.4864355700495807,-0.15027667437664682,0.6780618513589072,-0.2773342655212001,0.37262734074513326,-0.568686317017835,-0.9069490496665742,-0.9320394114954382,0.18825856037457306,0.028376663448441062,0.19257817525634005,0.003657387675901742
AB_k_inh,252,1.1644045896542197,1.2095645926680414,0.8180785627691101,-0.3492742788086374,0.24017210120318078,-0.843030127556016,0.3094372451244505,0.8750105390838343,-13.282682170988487,6.577108529158409,0.08281346967957925,0.18098338215426868
AB_k_inh,253,-0.23847263791327955,-0.44886920763352123,-0.5646033646751621,0.18938885037311448,-0.706067586283809,1.1601526908005104,-1.379575713579891,-1.2015901407263878,1.9041995283584499,0.26527021908979415,0.30029498928886866,0.006174670434062455
AB_k_inh,254,-0.9222699351512034,0.34283575588353177,0.25579060811689325,-1.122330287710812,-0.4809099723251602,0.5483221065340143,0.9033111480041864,-0.20913293616560313,-0.16235910999215242,6.312123780517607,0.2237941591242637,0.024610614477499994
AB_k_inh,255,0.43999283830093616,-0.9690167747511929,-1.1286795784328565,0.9410590011348436,1.3373373970786793,-0.22103576890415177,-0.5261507225167441,0.492442394718571,1.015000585293135,0.014682089120180083,0.7830756467047959,0.005132725605310502
AB_A0,0,-0.1912269015488417,-1.0683935459840452,0.8495565812682513,-1.2380809603403446,-0.5602314076196029,0.9423419028753559,0.5483510888602334,0.2882450939660073,3.3737568608765076,6.984121357098762,0.22999955578107467,0.017131587444755347
AB_A0,1,0.20810183516825487,0.3722428033234857,-0.5398946094999253,0.7264800627727699,1.0901443583349788,-1.2323990274449852,-0.8807528303073634,-0.396915178242655,-0.8868099212418044,0.024647036703982446,0.16670016428558634,0.005810306855473197
AB_A0,2,0.959154309140047,0.6967907707526841,0.19927142595901026,-0.5828057993524839,0.10770864776424838,-0.438132910943123,1.3573964126157045,-0.9649544384894657,-3.0777341085929586,1.5093638789231734,0.10934379610698015,0.06082001175205228
AB_A0,3,-0.9754686836687362,-0.007323857591609251,-1.1892604177405817,0.04926906114035745,-1.0280634925644971,0.1595940145538588,-0.3320168037884401,1.1168920113803467,1.3469489928227762,0.48260916780215557,0.33324558232099777,0.015353304292755726
AB_A0,4,-1.251336929964912,0.10311393168175753,-0.2692704445212386,0.6623541019134358,-1.1551048366673031,1.2986570716866204,0.883037811986388,-1.0602015949048496,27.357080942880355,56.69694563075016,0.2804988219268844,0.011706518361127651
AB_A0,5,1.2248161390217043,-0.7959651924655933,1.120456315906072,-0.1345102166124903,0.6685579103438266,-0.8786560452500279,-0.546743995115371,1.0382291183689583,-0.3753822543775036,0.23755168626135373,0.12616704960899608,0.09079120169089035
AB_A0,6,0.6355404071738959,-0.4707404887520451,-0.7450947932472607,1.3290676347540906,0.8764583359036442,-0.0933512619494179,0.3302394053087716,0.3723775695911007,6.608827103882483,0.17645070806598617,0.3002778868871525,0.024104420695424993
AB_A0,7,-0.6085648436635346,1.1648603563585433,0.6432032913621695,-0.8226096075935901,-0.0860268233685535,0.5018763562234174,-1.3598497159195444,-0.30702919442814736,-3.2782630105691917,0.5086702109437744,0.17602600027358514,0.024754457234225296
AB_A0,8,-0.44893598782959054,-0.18044906799996507,-1.039446737574592,-0.2856852966227934,1.284277879408415,0.30728761070229593,0.8413061232799792,-1.3675396742071058,1.103912932211555,0.5596352667913806,0.3307567385101761,0.08825452303036843
AB_A0,9,0.475752959348529,0.8699152374947936,0.35000469591798455,0.46721206870488974,-0.3632000774008546,-0.6345531669920466,-0.5021353715620424,0.6983969968869259,-8.7282225823045,1.570370724845451,0.11193372114710123,0.07510602417952353
AB_A0,10,1.0432804610198703,0.5453674353247608,-0.04258782672621231,-1.0180477025978412,-0.8325553870639184,-1.073963900538505,0.025535081990817332,0.6688323412640205,-3.945408335799619,0.3539399503468549,0.11287336800621622,0.0766448373167313
AB_A0,11,-1.0699599265840842,-1.2415185911332351,1.3459439291794475,1.1776809403818558,0.30065704371554514,0.7568204629956183,-1.0576837114175863,-0.04306292875294604,3.536051116126225,0.16573441946027878,0.26799908129909294,0.006751585007799564
AB_A0,12,-0.8157719579610977,1.3379657408313401,0.10104113244304735,0.9216141635413526,0.5148481549657007,0.6575192487698491,0.5039127855347578,0.056770267638719174,-22.359090764651896,13.46712514088499,0.17531011174599354,0.00884030804579985
AB_A0,13,0.7992777349807716,-0.6438451295585956,-1.2886853749311655,-1.0868926595967698,-1.3059164523817852,-0.28691088183665836,-0.8388528044830924,-0.6392179916934951,1.7430979565046814,0.07856377563335663,0.6820022462228003,0.0036185541416359035
AB_A0,14,0.02664633884797496,-0.9690699985313096,0.923439236708208,0.20066897624586377,-0.23565372710881105,-0.7339238778614247,1.0553987039168173,-0.765918003317838,18.93917312885428,0.8025071685132015,0.1992562475650212,0.029890830154938142
AB_A0,15,-0.009951171050615715,0.2762191508953886,-0.4648589253664561,-0.3873756367881961,0.7242720531324365,1.0943678093725835,-0.027142201557424306,1.3050955842830285,-5.081139578130499,1.166290083239612,0.1817097882189379,0.06194975437267661
AB_A0,16,-0.1110051317364158,-0.7546520948977047,0.43411257374910406,1.2394425590120923,-0.9246789903133742,-0.24744067702162287,-0.9672329285818797,-0.8640881502439378,13.023694985319153,0.1256401733442886,0.20820173038270912,0.0026833882391043055
AB_A0,17,0.09346387832445346,0.05782461595279553,-0.9502731705312211,-0.727820843953963,0.02695461174673519,0.5205659671752811,0.6361863536098997,1.233998700020429,-2.2797526078558046,2.0847387948770373,0.22870718838645054,0.038623132864228
AB_A0,18,0.7266746476940906,1.1195287342831113,1.2564154887347077,0.584151553801701,1.20399972265215,1.144588370817991,-0.2461817895036551,0.13324253679046194,-5.8921017721386555,3.87953506410253,0.10077001890791921,0.095636936018682
AB_A0,19,-0.7096727898709193,-0.4293850848376868,-0.1263515316869548,-0.050636304445490055,-0.6088114258321002,-0.8599455135206313,1.2702063971149358,-0.5465078423494781,20.722729625163442,1.3545014484201874,0.26555189965703707,0.02929444604346389
AB_A0,20,-1.1276394604822686,0.5041702283291323,-1.3724596358211296,-0.661007996288491,-0.13528114029270366,-0.5869780639456265,-0.6325484777692564,0.5707071551597427,-3.275436647396457,0.059286411557530616,0.30415716331281145,0.008848048164296041
AB_A0,21,1.1534727578022965,-1.1963447528286184,0.011523289242320711,0.1331432831682937,0.9896394015091621,0.18386648294895225,0.9701948995983518,-0.1141201611444278,4.810498831852675,0.7593578998666515,0.4030103613061904,0.06649949470490127
AB_A0,22,0.35983888413654075,-0.13531737078265205,-0.37567476107907183,-1.327705726221407,0.5871296582442436,0.7935182903722573,-1.2733365244970571,-1.29102773252685,-0.16005035963946335,0.04385164295589821,0.203043678476554,0.020078677981950045
AB_A0,23,-0.38614813818305094,0.8287605021048006,1.0075365586101055,0.8212691775881245,-1.05239455049825,-1.2081051424948612,0.24237377418737172,0.7911520863953692,-22.983567099700778,37.66785312934089,0.13513495646020637,0.006783717655000739
AB_A0,24,-0.5511815368202212,-0.6024942702712994,-0.6240079821983108,0.2843290223947972,0.17660266866022734,-1.0128804848677158,-0.4143437765469645,0.46644664505629163,1.7757531820585881,0.02633630959985566,0.34182988335890435,0.005890380467497277
AB_A0,25,0.5250520485957648,1.2926375065688094,0.7603778498759459,-0.4658766222961457,-0.7725138607154014,1.3354407408712456,0.7548669679638136,-0.22920824522351646,-22.352683066437145,33.24957838619086,0.11374990001131519,0.016489119183180277
AB_A0,26,1.3404339871788216,0.2309332229793275,-1.099737141644776,1.016696778635341,-0.455122823627209,0.3785410909354552,-1.1448302224429328,-1.1326468287020053,1.4319995154198275,0.07349786610050484,0.2109157207919873,0.005093417065703469
AB_A0,27,-1.3144208414071568,-0.9277614455904832,0.28302963605248666,-1.1763085378921379,1.3548324915398668,-0.04585937722172484,0.11132898805808522,0.9386997148033525,-0.7561711312526783,0.10464471740691243,0.3423291007416048,0.022309222220978444
AB_A0,28,-0.8747955627307465,1.0018921576206263,1.2042250819287699,-0.9229654386795803,0.7941524491818186,-1.3585066908287393,-0.7517368250886456,-0.8708404228598485,-1.578433661106935,0.3488789897392748,0.1752929670999535,0.015364783305708337
AB_A0,29,0.8919560951749237,-0.30844861315056304,-0.17975776566944623,1.088264752225552,-0.328250689417235,0.9926458478986564,0.41815180735629487,1.194752633113491,16.803838345439488,5.044164349989787,0.1752224536105025,0.026932476565733394
AB_A0,30,0.2803240827071256,-1.3694758299373635,0.5540139627258509,-0.20202556033479602,-1.2465492247449208,0.022724095879788297,-0.11496688972047298,0.21583951203996898,11.614542723313276,0.5980875481066533,0.2931926841802014,0.00926772047264061
AB_A0,31,-0.2977067441276646,0.6773020491041237,-0.8291976100164244,0.38871073202121265,0.3901194811987303,-0.3987487131952394,1.1418682256047161,-0.49639962098643853,-4.503284230543797,1.3117656105847502,0.1925211484896165,0.03897736980603041
AB_A0,32,-0.31726408189834054,-1.1675138194983783,-0.08504753111971386,0.8234518586791093,-0.006108296379025768,-0.0006093647703273586,-0.21437371488194867,-0.2015218865475834,8.102521917101106,0.14912830677419756,0.3916920922191468,0.008852824197391295
AB_A0,33,0.34478962791280865,0.46806327477146126,1.3045100865513006,-1.3569885968912359,0.9482542096301507,0.41993320045986415,1.2153836493563042,0.4834668776329709,-2.827137524249223,3.7067419615218618,0.12492952219980995,0.09004660905887113
AB_A0,34,0.9143506023057253,0.793288092100686,-0.9942582583407467,0.1255424976937809,0.6374633034382648,1.380558458195993,-0.9990515952832505,0.8785574578288722,-6.372826097401566,0.40011693138397475,0.13679236542618828,0.05770854059384538
AB_A0,35,-0.941675213831858,-0.1057671985763331,0.3942094648024772,-0.6371433952613559,-1.1889068844877613,-0.971356090545355,0.6910196934481954,-1.2037937451770802,8.587521028513395,0.8677537175010739,0.21861172992703262,0.01160691273546881
AB_A0,36,-1.3799812285869095,0.009995788443233566,0.8823227949655628,-0.03725281155268845,-0.9698929065478955,-0.35625515133012464,-1.2225758625292293,1.1467648676011273,-1.9240276617391878,1.3530802953163406,0.2060726653889792,0.034979474330355864
AB_A0,37,1.3641322238693874,-0.6941320141551914,-0.5076359893306678,0.5437108387131888,0.15775624999949733,0.06687530013713427,0.20650492551949085,-0.9514936766079092,6.843581384206705,0.3021902185113359,0.3657374711274554,0.022525236566697866
AB_A0,38,0.5881190054804584,-0.36958426362864816,0.14488640066952585,-0.7466217801936289,1.0806235092414875,1.035102138657512,-0.6833197214880506,-0.45926774041056995,-0.22475149799776584,0.14522141719448922,0.1774933189696457,0.020877573131088196
AB_A0,39,-0.5721325051369096,1.0710653425625971,-1.2431373537245145,1.274465665494574,-0.5724600281463224,-1.3143182257938322,1.006074330017199,0.22064443778148135,-76.68643350594473,13.763407227078302,0.17324300068620724,0.0035529598140596344
AB_A0,40,-0.40684774730840934,-0.2788991019809077,0.24177347284942408,0.3922819206240673,0.7553690976106948,-0.8158034088461075,-1.1779914494437047,1.2808081573512469,-2.4038766350957603,0.3066376424607601,0.19816770405104428,0.05428470832483963
AB_A0,41,0.42299293260166215,0.9664190865798481,-1.1477843875459905,-0.2326486828400527,-0.20184891119732407,1.1870883881192735,0.16479728202172006,-0.7849615503417391,-5.0237665869421235,3.7239114026371043,0.15793927630637086,0.028489541788281565
AB_A0,42,1.1774325997524782,0.6411944345097893,0.804410444531318,1.0792814085691418,-1.3858326244281989,0.5647555786956515,-0.3811719781239242,-0.5824488757045881,-7.428053142257301,3.6127272648668405,0.0929139299916282,0.01449354875384231
AB_A0,43,-1.1931230021498793,-1.340645557643787,-0.5840571908179736,-0.8977546364870451,0.4430549667006396,-0.2049881768948849,0.7013881025779105,0.12995701414890748,2.1450678472743845,0.35178758695079765,0.7317973535880474,0.030688498348717515
AB_A0,44,-0.7764600610982941,1.2441747758849588,-0.7039359986790054,-1.1616006580438347,0.3101753726067564,-1.1667036028692985,-0.17249723848881815,-0.14332590226292297,-4.538647704010021,0.13630070009588002,0.1990630980302055,0.011617391928569244
AB_A0,45,0.7493152257229132,-0.5426927880255972,0.6860225325641276,0.9748939975015027,-0.8203296172578106,0.8387615168691556,1.1709687302028031,0.5524960547049091,69.36842310005368,28.414493143907553,0.15130756708957824,0.013991148524651102
AB_A0,46,0.15801155733558736,-0.8672407038113064,-0.31307335992210694,-0.48599731823466774,-0.42137326624931914,0.22538940026751764,-0.69419591522673,0.8528210178731068,0.8463072833697389,0.1374810568508596,0.3199631779979025,0.012332745372086234
AB_A0,47,-0.13030615254078493,0.18310505650642894,1.0749504719371676,0.3207188221792503,1.2342273438229714,-0.5418562254704291,0.3890407416646373,-1.218702528527625,0.523672789970645,0.3614870838180357,0.14978629162468485,0.016824523707012144
AB_A0,48,-0.07432945941670477,-0.8314401949728728,-1.0586101181511645,-0.8248243076479679,-1.1078602158022353,0.7129705830055413,1.3012066358724212,0.7777017151838683,19.015859314859444,34.256639557422325,0.5849830414133228,0.011460505725280599
AB_A0,49,0.046116419779056894,0.13266671704863708,0.3258807309586713,1.3583395570041785,0.5343717643734867,-1.1167586937126082,-0.3015493063561441,-1.3208897849296597,2.61776057459389,0.33521934373391143,0.14692946831714981,0.004747059736549613
AB_A0,50,0.8662340663348596,1.193693964821531,-0.6678215155005881,-0.12687790795208254,0.9964500415967283,-0.6783659514637285,0.6045302941812485,-0.04650874245672276,-6.783930396847074,0.2625490969653149,0.11480241349859288,0.043168657675432584
AB_A0,51,-0.8382431453448758,-0.5068501380998599,0.7148827064380334,0.6384996230102116,-0.1203475164237846,0.26445571168109994,-0.9112097563173909,0.6330700666829221,1.7837883762887539,0.2687274945130111,0.2270025350432276,0.017231772322892646
AB_A0,52,-1.0937507084075528,0.4320410320293593,0.5965053917148557,0.035917752470114195,-0.6860197438157029,1.0531818141784914,0.2930035379849365,-0.6576078302649445,0.26990802440726547,8.209080076169505,0.22421591149518305,0.01405696921916757
AB_A0,53,1.1089333933325258,-1.1168543245439988,-0.7877108792908415,-0.5423543011033969,1.1294988455834438,-0.779379911684858,-1.3104296414698249,0.0277247969250507,-0.15053448507584155,0.001911242818085238,0.8544035876766487,0.00871171997756729
AB_A0,54,0.49662195911893225,-0.05515000996842323,1.159047174117193,0.7452496410857063,0.05534429793968032,-0.3279644269736328,0.9202631182166521,1.3775803769930206,7.845239739211388,6.949006872424255,0.1172256447691695,0.06496237393211206
AB_A0,55,-0.511920976167999,0.7573081557050536,-0.22388849328326765,-1.273114354205904,-0.888166650857408,0.6119307545606001,-0.5961535084715199,-0.7044272108922395,-1.7671043749537156,0.5451372959676257,0.19222594089709086,0.01008800750246462
AB_A0,56,-0.6718008606749412,-0.679955439943074,1.2153307354371232,-0.3909147237980751,0.38330615564971837,0.11413383892258033,0.07766279876504156,-0.38005265455373105,1.5447166747679952,0.2757047582339974,0.21564543412304105,0.018234357904709106
AB_A0,57,0.6563219848455397,1.3667986882576646,-0.16916020146664423,0.23130296454127808,-1.2614852035569537,-0.47931740847602433,-1.0922119674030102,0.3161129175347932,-17.301917234891768,0.8308499599248041,0.10578363940984002,0.07040050719936601
AB_A0,58,1.2902071355564122,0.30577127522560477,0.4779683772474086,-1.0779405912375057,-0.27278779220427873,-1.2779807563571302,0.7891889985854188,1.0459259607336489,-3.3182179912736496,0.9521559826594203,0.09912275899679901,0.1572823892065175
AB_A0,59,-1.2752042267821908,-1.0045456620752526,-0.9047356019668131,0.8963929913361575,0.8469079054798783,0.9012789482946231,-0.46761770765628274,-1.0252537226576421,2.715972793859736,0.208253982954901,0.6795438974822279,0.019770745296613323
AB_A0,60,-0.9980325814445827,0.9304332834838267,-0.41812393020074745,1.1629411241997432,1.3264457386971162,0.4590853743388279,1.0831586209967956,0.9577328711571977,-14.703938448556022,6.9620496482628305,0.21658729740809896,0.032064375340496123
AB_A0,61,1.0258649001144453,-0.22827455934011542,0.9660922633397158,-0.9762559525133265,-0.4916325602513123,-0.13720230908235398,-0.08603956898172327,-1.1083702055881943,1.351246604322854,0.2276531158046886,0.11739503333764142,0.01769938575487824
AB_A0,62,0.22749011281221776,-1.289978708656525,-1.3272394681422233,0.487364205199724,-0.695302692011187,-0.921494379049996,0.4761634502057457,-0.30240575423688365,24.219719213564805,0.1701526018593525,1.648043245501639,0.010865811937138063
AB_A0,63,-0.25586183739956936,0.6051663250672981,0.05569645231133524,-0.3220648916537525,0.25110606593121365,1.2548533661403651,-0.7799660188097598,0.4096671797121203,-3.238020868206723,0.6720915720782925,0.17243152597240005,0.029527737313117045
AB_A0,64,-0.22046291608078983,-1.3206046612249975,-1.274079581350421,0.250401736530508,0.9236824956182346,0.6894131213025754,-1.2845016945447039,0.611093750453598,0.10902982606980294,0.025372928245155447,1.3940292665712954,0.0030436905846101697
AB_A0,65,0.2466452149374483,0.6181925896156166,0.10877172641019817,-0.41551365651104977,-0.025243665526978543,-0.2754926406160101,0.23196285213722967,-0.06857198500730877,-2.4833135933632584,0.40961053739048814,0.14171082404535001,0.027314245651570614
AB_A0,66,1.0125049308310394,0.9867919886629253,-0.4516920536718778,0.8719217213288382,-1.2022872477851088,-0.7020184578444812,-0.6219227188034477,-1.3420226441979883,-15.306469383723602,0.336940561600465,0.10721605214069013,0.0063299733667227555
AB_A0,67,-1.0384651420261277,-0.30223262202103607,0.932608752561525,-1.0588002565680528,0.6078161292659132,1.1057963173189134,0.9814836835020893,0.7561487671158285,-0.20290623978414657,7.605496268315701,0.23715273130723732,0.044021696953153576
AB_A0,68,-1.283189957661917,0.20373245770498816,0.3796688995309472,-0.9574051880529681,0.13352561024859733,0.339001350744194,-0.23492410530919972,-0.7265344175453031,-0.27371299309161623,0.2709294899289188,0.2538201113985901,0.013806707858733386
AB_A0,69,1.2659765939281418,-0.8903223688826072,-1.0034581431479717,1.1387600957668804,-0.9886871601200404,-0.6229779295637959,1.2808632144752352,1.3557299830837615,125.16014147461955,2.176466627015796,0.6275040344797918,0.03163695119076115
AB_A0,70,0.6862620757250955,-0.5224000366379802,1.3765383869659444,-0.3462874827668383,-0.586176218726169,-1.0422194429491456,-0.9776762310998399,0.006127895083231305,1.0475228948171251,0.09260678469088979,0.1254287800689519,0.023574984196599306
AB_A0,71,-0.6689323695385289,1.2214274301062684,-0.0075294864731259015,0.5060873069544267,1.0506405491014281,0.7684277813594489,0.6250536053448623,-0.6786147568845103,-8.185586235637263,3.1296459217037094,0.18382847226475577,0.03848790344289632
AB_A0,72,-0.4819795735438138,-0.12876970450716918,1.0848623138884739,1.3774379984750766,-0.17768373473351518,1.2669439926813857,-0.10384469738465762,-1.0040789133829202,10.882048366188181,5.652631427068952,0.17676807866973787,0.014050369713241596
AB_A0,73,0.4994891178533194,0.8133283274828116,-0.29798874081904736,-0.8494222488059471,0.7741402355570102,-0.8902319437149422,1.1523221253666895,1.0673522944588665,-8.587277960288413,1.063226963803467,0.13046250559234965,0.10716429504623139
AB_A0,74,1.1009463300507745,0.4447290936946693,0.6090485417490694,0.6140280224845609,0.45675064448651925,-0.1250963805754408,-0.7623196270000188,0.33779278464224216,-2.2590947027066415,0.41216831273162824,0.10004755870614435,0.07618121243847796
AB_A0,75,-1.1179799382911937,-1.1471415784519647,-0.7752523419495674,-0.10773658172763412,-1.3559124421137847,0.4902696988962505,0.4068200663981216,-0.35777752393071993,23.365472561981676,4.723444145845942,0.694901968906638,0.010881926389381036
AB_A0,76,-0.8516017822262567,1.0479843385279601,-0.547225312436047,-0.523504528198034,-0.7958233252181939,0.910447369305966,-1.1561295622758923,0.4310522038102125,-6.562243729190866,0.5592468777634749,0.2138997249240804,0.019318575517425024
AB_A0,77,0.8258001940086854,-0.34895620139342554,0.8359019729672716,0.01173705455558327,0.32928758481408793,-1.2438166076289698,0.10071382633628967,-0.28110236816674483,1.990890016676111,0.07836918454697589,0.12927437817284076,0.015457196408971509
AB_A0,78,0.08151402935320728,-0.7168786988972183,-1.1975210443319055,-1.2973379368739852,1.2475872356411435,-0.4700376699234028,-0.4038588390478961,-1.0861363949210066,0.021641784474589504,0.010228093177298898,0.6044101173106967,0.009064660597888423
AB_A0,79,-0.055173024889449085,0.030289200867514188,0.1865467413132329,0.7639730733587411,-0.3917889112174041,0.14816484557086573,0.7659580812477425,0.9795413047313659,11.453252178443899,4.10985450347415,0.1691298943147679,0.02747894736156884
AB_A0,80,-0.17111880920389377,-1.0278421640622202,-0.21422522177486658,-0.25175303232613144,0.5586050276136454,-1.3699341865626777,0.3190749066264864,-1.1829586880900473,2.555654116261696,0.017004239247228964,0.37486251381546926,0.005490333363530841
AB_A0,81,0.14427016989729036,0.3261071592555209,1.1743908989349843,0.41688576979722747,-1.0890632974260401,0.9607427208526398,-1.370261309335048,0.8989724261161938,-2.7428994212789775,2.3401468346454863,0.13446460199848517,0.07425629675838204
AB_A0,82,0.768088909693253,1.3438444380032706,-0.8644257643911682,-0.8732782847603748,-0.10662870235467947,0.011307486593403304,0.8936629202442308,0.5061660426182788,-15.365999756644136,1.7988634028040165,0.11865513795710272,0.057825183591261216
AB_A0,83,-0.7414412358610786,-0.6599621381640629,0.5249404780013884,1.0601353311436734,1.026435666540838,-0.43064223455223816,-0.5354545605036675,-0.17890964788353747,1.8436184417478174,0.06707841238484002,0.23781993766610673,0.005912651458976226
AB_A0,84,-1.1905513164754187,0.5824665739283861,0.7518045064636041,0.9560489757971593,1.1540679361061013,-1.024488774129146,1.3686534461021942,0.2410154522950232,-3.89123807524631,19.15250516732747,0.20716786396816037,0.005249417962622422
AB_A0,85,1.2070772072434097,-1.2697335519086863,-0.6364092908068696,-1.1374247113303233,-0.6668870394718002,1.3036939489961676,-0.32135933572017494,-0.43830675067477465,1.8963103012839888,2.797649868018,0.9680406655237899,0.020922348635574694
AB_A0,86,0.3984669075847673,-0.2513192063582552,0.27606477043052124,0.3449364968321509,-0.8747889110493192,0.3669641802581498,0.5379084577076347,-0.9289254020463408,16.895949972547758,3.2801472632023616,0.1679795510799146,0.019443977833719123
AB_A0,87,-0.4151302836500871,0.9510236666292247,-1.1137469280437116,-0.5047148424925214,0.08498880730798208,-0.07757342712455917,-0.891886249937762,1.1695899549065,-10.053941990475217,0.3892793441888801,0.19751448963724227,0.05358409383187261
AB_A0,88,-0.5966572184091751,-0.48651491510660727,0.02501337171495166,-1.3760919548223194,-1.2859888307925205,-0.5753691136475327,1.066521567617994,0.10696135872693291,8.573538036565623,2.0197984100167417,0.2609413736534116,0.020899564905956496
AB_A0,89,0.5798351367367556,1.1703968017979,-1.363602671529665,0.8480553773339377,0.3641965669316456,0.2156126137873664,-0.016688973160812415,-0.6048492676110006,-10.28211702194125,0.33169978685531043,0.1470996316556503,0.01903317226011716
AB_A0,90,1.366702577141823,0.15265935779098472,1.021787669870392,-0.6126660519796902,0.8335506784657565,0.8050945400128995,0.4933293329154187,-0.8057546161075869,0.06324273579535833,1.2392419656220954,0.09596726196574423,0.08012142788762677
AB_A0,91,-1.3503353093513488,-0.8543951062639303,-0.36757882557526256,0.10639608974998094,-0.30236952374693526,-1.1763904315553635,-0.8501838947332999,1.2602666160358946,0.9861458994955399,0.05214715965862004,0.379265251921206,0.012980093521939544
AB_A0,92,-0.9229001974594934,0.777553973489556,-0.9193555122953695,0.5248661475271772,-0.5158004015191714,-0.23601384232434808,0.014235091449892101,-1.2411442403898607,-5.599436054210893,0.6968265927165423,0.2170411608810952,0.008558372702272856
AB_A0,93,0.9493681157983118,-0.0778491000706718,0.46885837276903586,-0.013077856394172471,1.3076719772615426,0.5524697552579614,-1.0682982224314161,0.8299539289178515,-2.152784449861968,0.2596618302656686,0.12443767787054398,0.07452441703350914
AB_A0,94,0.30397565950507044,-1.096263280361937,-0.09704202072314816,1.2986836706658067,0.2374077233412839,1.1560056411410395,0.8517917321444088,0.5319132037624317,29.55384256356835,8.97051918017769,0.3567265055019746,0.030449839187977293
AB_A0,95,-0.3310041369346126,0.4089970460478831,1.292769435026685,-0.7653402960064779,-0.7252254978148599,-0.8280526532002961,-0.4910449296434749,-0.1639903912333538,-1.116187757788667,0.5621273113679058,0.14835466609684148,0.02424752000642363
AB_A0,96,-0.2677203806816575,-1.2186920862140798,0.6501968010454988,-0.44702623483325943,1.108894343108059,-1.1336364109160966,0.9525576331931778,-0.5243586392108808,2.3120229479893033,0.059058127995442675,0.2737560523987527,0.020892767528953766
AB_A0,97,0.2832309139700262,0.525164419664226,-0.7324224828462004,0.26014769959404505,-0.5360450779825591,0.848982641349439,-0.5632118231082937,0.1551355882219183,-2.3169882440667355,0.6804693884902293,0.17072924001454579,0.01502042730034609
AB_A0,98,0.8840139927149948,0.8930869688115084,1.0410700163890148,-1.200531423373113,-0.9981221570768479,0.2584880121196358,0.2601907547711102,1.2556375570329907,-12.369881468912954,10.944106715324248,0.096921268478877,0.14457510087938955
AB_A0,99,-0.8989851200858743,-0.2009969795397275,-0.34350512005977785,1.0354195033925715,0.12138317237689322,-0.5316024003326937,-1.3425146078239925,-0.8430386074169661,1.454579864722778,0.023618208142891624,0.25186520493385317,0.0013310380189738519
AB_A0,100,-1.3278191508170507,0.299473511795052,-1.155008379540083,1.1073639012122538,0.6876489693779233,-0.782555423365414,0.5724340592177064,0.8130857864172871,-0.5489192875597064,0.5661001754106745,0.2923509269018439,0.019969609419392097
AB_A0,101,1.299955154030825,-0.9895326363414692,0.22801223623599798,-0.9475640770246656,-1.1305773914544515,1.197153177428618,-0.944011312236634,-1.2690064451470062,1.9063149524319283,1.035112407847246,0.26641689975259647,0.02716832758076314
AB_A0,102,0.5604099856414018,-0.6209333509098373,-0.5923819844448062,0.36423975638178296,-0.05642131516340365,0.59801449193869,1.3341384160143914,-0.09302995939829639,21.290579408693244,10.238487908928859,0.32832560665129484,0.03741300694192883
AB_A0,103,-0.5320700631147874,1.3178453547537539,0.7917500095506325,-0.18288484866787091,0.889797074548581,-0.1949138232113139,-0.26924484484357136,0.5922181067422487,-9.385781292488117,5.429050216650587,0.15684763848652272,0.04044805378746767
AB_A0,104,-0.35078886873538884,-0.02752753428880772,-0.4927978775131141,-0.7089707870094086,-0.3823565997220424,-0.3895037978474818,0.4439118922836558,0.9173566458760025,-0.12222637342477372,0.44533212152141677,0.22988885114532984,0.030742708441886556
AB_A0,105,0.37894904609734525,0.7196166146351761,0.8898211533254872,1.2152622277663354,1.2597273185697333,0.05681117186445328,-0.8129506612274214,-1.1539075985647385,-1.275894470390299,0.33402255425685357,0.11718594129366322,0.01727618836436746
AB_A0,106,1.140073136647773,0.35169423074705963,-1.2302448483957684,-0.07485952044479705,0.2710310227164281,1.0018438864511372,1.115928426498791,-0.2514000594051704,0.5309827404416028,10.640282319912869,0.20637225274070403,0.04444153424454382
AB_A0,107,-1.1681169612282398,-1.045222475703994,0.15433036551825796,0.6028752701139268,-0.8459569035345007,-1.3243932405140668,-0.053911624915724765,0.4446808690043207,17.131478515807277,0.17518548375958948,0.3006168669089403,0.006321462227562961
AB_A0,108,-0.7176135805862192,1.1443983795850474,1.334068147300617,0.15224144060000033,-1.3247318591271648,-0.03367589568686569,0.8213268685300694,-0.5176170877833577,-51.1879615938016,147.04801325615895,0.1458052312164613,0.0009493154000107562
AB_A0,109,0.7024837579369374,-0.447485466815718,-0.048952711199863996,-0.6856063041152447,0.4906386683880355,0.4097114149429171,-0.4348577867181479,0.19437118182921753,-0.18492420712026347,0.1333857561520963,0.19651947016176166,0.01643142391461068
AB_A0,110,0.12344890936843567,-0.8160849175065158,0.4248679966662017,0.7967972103936993,0.6943102461656119,1.3474591853072118,0.04468936298456727,1.1730301497986362,3.141887006433458,1.7985337836118849,0.20925148141753155,0.04104454591327878
AB_A0,111,-0.10809698872888607,0.12602637136717942,-0.959263909535305,-1.3085646840361498,-0.2493910708618925,-0.9816092546464268,-1.124474773277079,-0.8931575086536019,-0.3204408244930508,0.0054976405303536376,0.24654143468198675,0.0028021751884762447
AB_A0,112,-0.03452082448730742,-0.9482617624904672,0.9793490360205424,0.44836668033177207,0.007866176201897224,0.44883119802536475,-0.6510258572194909,1.0965629933523389,2.1652015136699445,0.3306645241082081,0.19294646902207785,0.04215728279113013
AB_A0,113,0.018322818233154514,0.25405735965626386,-0.4090337387470613,-0.26150963394847326,-0.9492037707221759,-0.1703025528687352,1.039016666088391,-0.9858727707030637,6.5576929191537605,3.362236392831013,0.1873716777417067,0.024884256328917897
AB_A0,114,0.8018031480887811,1.2724715089614353,0.07022292149244902,1.2018983309955649,-0.6384143105479916,-0.9317177965012062,-1.2553879743776941,-0.41944149763348115,-14.05764907263592,0.6509997322497694,0.09877875909342237,0.03214736128329269
AB_A0,115,-0.7861656905966544,-0.5797047834053051,-1.3194189731888244,-1.036765593524469,1.190663648811263,1.2217851619747722,0.17441928779996174,0.2654626228680401,-0.3443776668550746,1.0013748348948768,0.5630013568574582,0.0441670205105296
AB_A0,116,-1.0511452583406022,0.6572186810796989,-0.13813739192214158,-1.1059966424140746,0.9708867932468237,0.10405979509994534,-1.0311471588814312,-0.3279068677225856,-1.5988677874464665,0.060463130930874784,0.23312600047291143,0.006922176676509142
AB_A0,117,1.078342914676883,-1.346601069341766,1.249971300518821,0.9462182967537041,-0.15947013473379745,-0.5125746484700081,0.6582174661635907,0.35192064613303686,27.03748447609331,0.522170645101188,0.1747192222161168,0.030062671120179102
AB_A0,118,0.43497864281190823,-0.32886365632094416,-0.875489173525239,-0.3628990010223343,-1.0823385094751576,-1.2880432113807565,-0.18144258544794423,1.0154872958614531,3.194821573102243,0.06501898054077439,0.2756324768994166,0.018988106937552325
AB_A0,119,-0.46263110270143637,1.0250989238805113,0.5143853234320348,0.18152326548917008,0.5734524688275489,0.8680319337115294,1.2476887615768428,-1.082855830054429,-9.879995367316782,15.252118040353315,0.16794093577216296,0.04298074672110574
AB_A0,120,-0.6493378277981303,-0.40626160919741394,-0.8219449533035722,0.7076356659546474,-0.7536957891659716,1.0632551969644626,-0.7264481238567856,-0.020579261719968267,6.246276973404595,0.8640519464673779,0.3544312609102569,0.007805771536585521
AB_A0,121,0.621843980557421,1.0990277563464639,0.5664377439987973,-1.2139056281843565,0.20081477872715126,-0.7461220106542106,0.3560567499549414,0.6917420464266819,-8.27396504091509,2.4681153271426597,0.10878921778146021,0.11365071684353788
AB_A0,122,1.2436294955205571,0.08061344178212626,-0.2593925943146176,0.07348744330906198,1.3847969633107413,-0.31790131091334306,-0.13972676162146147,0.719021844314937,-2.0394240376328443,0.11564351197920753,0.14012766525316667,0.04979850421631217
AB_A0,123,-1.2162731439058743,-0.774818753541742,1.1302495534197534,-0.6015240207974437,-0.44138285638486896,0.6451771081070306,1.2030960029034403,-1.3468325277144777,11.310831644600926,13.214885844906826,0.2680805447171014,0.03748754362963715
AB_A0,124,-0.9729419588160975,0.8516359237370612,0.3172023291959589,-0.153613868911463,-0.3090968319000975,0.7232254203556681,-0.3490334368139123,1.3280485821828056,-11.787870259456044,5.105863972567058,0.20481977140050087,0.0418294674293146
AB_A0,125,0.9887592441024651,-0.15540007777041365,-1.070906451038936,0.6869572435707918,0.8187003865312412,-1.0836591109628904,0.734147352150684,-0.7435596078969593,4.495545721724489,0.06113506444335308,0.29185634431391705,0.016842101716192125
AB_A0,126,0.183530849329538,-1.1731373255320696,0.7079803552599178,-0.7981326413093967,0.41974283739379703,-0.6681431950491817,-1.2109655359321447,-0.618467542135053,0.21310726969677107,0.00554415042410924,0.23924489499596055,0.004254411514927917
AB_A0,127,-0.19954911041903278,0.4837558461954148,-0.6818938989729563,1.3099209324424013,-1.233150331763597,0.29752457688335654,0.13253512685561697,0.07726985378332918,0.19566586885928072,4.33348624350091,0.18630927304902625,0.00683960107601954
AB_A0,128,-0.20886073107980008,0.8821367389665069,0.2674466469485699,-0.9991705689718242,0.6185427040694427,-0.9538395537073923,-0.15202270718306288,0.5283555431716105,-5.024990431604655,0.7651348931779702,0.15505982243481906,0.048629481459974346
AB_A0,129,0.19318090010466737,-0.18987780318368985,-1.1166004761364825,1.180635208771892,-1.1913916438409597,1.3738723460542797,1.1911094276647474,-0.16179719811011295,98.2709117978594,113.47605511706281,0.3200452137636744,0.008458417904840816
AB_A0,130,0.9794534281699001,-1.2509367600590404,0.7435142674954907,-0.30185349683707186,-0.03618157581759718,0.4266185482779352,-0.7146810127904046,-1.248765701335332,1.640183853496548,0.11852752412899951,0.23101879940949405,0.013214230942547483
AB_A0,131,-0.9632976714543787,0.557578432510742,-0.6395907234134787,0.46155152137846733,0.9129136144682353,-0.01812513728464782,0.36891061046061235,0.8389187041576684,-4.779729018493916,0.6337347146901314,0.23833298215900664,0.03339080601011582
AB_A0,132,-1.228287888085829,-0.6317088191869021,-0.8459783975547652,0.20819098215955845,1.0397857435138602,-1.3101738925819009,-1.1818871915553348,-0.8197963130185876,0.24410403727359786,0.0015086680469390862,0.45509143412159964,0.0006165286674492212
AB_A0,133,1.255982711129665,1.3284518145475952,0.5383431383752597,-0.37340734593294744,-0.5968616233399943,1.0201273807493318,0.16056902813960638,1.2729650089812476,-25.48229297459706,15.194401882414326,0.08312578276292555,0.16361612262313158
AB_A0,134,0.6098260757959186,0.2667157908695632,-0.1954288379087863,0.9167984365640438,-0.977874836466806,0.08185078105416554,-0.3772868022702134,0.08886113942589313,3.905327786213695,0.5653333815065904,0.14509593689115308,0.015285681268635219
AB_A0,135,-0.6369814929222658,-0.9569441924453486,1.187444542279178,-1.1035698838637569,0.14450733487557432,-0.36040020755090674,0.7056269227179437,-0.5853845911710781,2.2539405495593154,0.38380352351199115,0.230486964265376,0.02921871356222557
AB_A0,136,-0.4719427233622038,0.3844743701112723,-0.09989556365157015,-0.5680019529901094,-1.3451009447563798,-0.20913582561883204,-1.224096479251187,-0.9104835094198083,-0.23987579870409215,0.0675614953543603,0.1975791053918877,0.002975758927205382
AB_A0,137,0.4446286935870376,-1.077833441325817,1.2841513063803844,0.056293972647381896,0.4677312122993351,0.5797336521158478,0.20531679991062068,1.1497837704002507,2.404314332222133,0.868648632293406,0.16281480468424062,0.06173693458442914
AB_A0,138,1.0690370987443176,-0.01677431919130057,-0.9225369397376297,-1.2555937297857598,0.7632865867836032,1.1721109137635535,-0.6817885178507775,0.25539303846071015,-1.2708757806280175,0.26073214059952365,0.22823363460708576,0.02187102033822071
AB_A0,139,-1.0415009709788834,0.7090328418262033,0.4605681286365737,0.7221614405308292,-0.18836831305151103,-0.8116563591866367,1.007251868710754,-0.4513411981339799,-9.76894449441606,26.32663600746271,0.17764855485691858,0.0020901935844035487
AB_A0,140,-0.798180434776609,-0.7838176599636656,1.0351903250799144,1.332540150724032,-0.4027286393588475,-0.5593694467963759,-0.1969405926079728,0.5134469870524185,17.9910850082693,1.3312885332759778,0.1942844230095455,0.00965273825248438
AB_A0,141,0.8141563636978895,0.09359000205412693,-0.3491314535745107,-0.8045891826479341,1.236816867158651,0.23207219689721548,1.233150584816695,-0.18753374135285705,-0.17392047041026693,1.1220111160012014,0.1616158154921661,0.10019661629808958
AB_A0,142,0.006304913471652185,1.155325860472993,0.03806700989479661,0.6561752966784102,0.34001564695011033,0.8320781624897726,-1.0164741306419112,-1.1797367514947465,-3.599577815315855,0.2842679787752435,0.14178376963124595,0.013180470830325365
AB_A0,143,-0.022164489611442795,-0.4585824519643852,-1.3448062824992357,-0.14982171847510584,-0.7849259034232201,-1.1491898237936666,0.6732421710724894,0.8971147917293074,11.063250023199716,0.1956873391647355,0.45503378536888534,0.017242824073792386
AB_A0,144,-0.09607891870821761,1.2832087713850846,1.373668674461009,1.0005430954059167,1.0372854936960334,0.279261915568763,1.1036258705705537,-1.100516377344599,-20.22070398594413,73.2923373063086,0.1303403983679955,0.004528279420311071
AB_A0,145,0.11109240923340535,-0.5902727687995859,-0.016120786326712766,-1.1819862566787669,-0.09594823485843529,-0.6823417306551424,-0.06589423393443572,0.9925779831893109,-0.5017325286823304,0.11003692152206615,0.2234642055814745,0.02804913399263987
AB_A0,146,0.7144983368577262,-0.9155504484045021,0.37647132316956955,0.3031889845606075,-1.0998706839616934,-1.1127835135856705,0.4556856137166725,0.41261336847824914,26.496921586599168,0.2596890526103991,0.21264956522101341,0.01695163121405541
AB_A0,147,-0.7299666309361615,0.22151505405352223,-1.011721579145116,-0.4629078369212549,0.547628281419041,0.6981649781823547,-0.8001007669417322,-0.26129907569589883,-0.8491902253674048,0.1032668354274602,0.2794744266830435,0.00807941246436362
AB_A0,148,-1.1588113105548405,-0.31796253943430797,-0.4383055370527751,-0.2068558456117504,0.0742672109368252,0.6187854207228309,0.07376374114139561,0.33457374008234453,1.411912183966141,0.792364436943345,0.32628176468170367,0.020066405945489068
AB_A0,149,1.1304290145452203,1.0140284679923195,0.9510829223688966,0.3720507205292236,-0.8856795778758868,-0.34564951783211284,-1.0964342616264535,-0.35592294683840286,-6.45079818841566,0.7213483835000021,0.08711689579026821,0.08660521768112636
AB_A0,150,0.38826083201727846,0.689427855190085,-1.2610421024183913,-0.9154262199908876,-0.6559540662987629,-0.761694263076693,0.7930774692937497,-1.0113620888157997,-2.6718710124091563,0.4401833110330522,0.185269558006995,0.022792351765461568
AB_A0,151,-0.3604390847696841,-1.3789791899631887,0.12759493390464316,1.1022184847811547,1.164831838823728,1.0463265902665755,-0.463384826517524,1.0759787841860915,1.9679524733279008,0.22955025591018663,0.381297780159927,0.02219145419665079
AB_A0,152,-0.5200519930941191,0.048384720611023724,-1.2061123493498411,0.5666348336293512,-0.2914353937597365,0.8944262549136852,0.29148886026425336,0.013747125029963003,5.321918214785326,2.97814453583036,0.31108063775123485,0.019845901238358016
AB_A0,153,0.5480534855063715,-0.7424205281099182,0.18367703397264656,-0.054948342142539186,0.8443154074792123,-1.260297638279943,-1.311621061933315,-0.6875771358664217,0.1680133673240175,0.0030128179824484556,0.21912689807367064,0.006433382309923866
AB_A0,154,1.3119697329516138,-0.41714301376416796,-0.5554887535975401,1.254252989919358,0.3534741442646592,-0.4969997622295693,0.9217883621952552,-0.7229738649190787,20.49824064417578,0.43588222116262165,0.2611755000526582,0.03754772576445936
AB_A0,155,-1.3401722011669932,1.1100782726834202,0.8327044017702427,-0.7207998831738733,-1.2968806544332494,0.12098576797987604,-0.5949726542659493,1.3535337326659518,-17.67017389755642,16.204435896759914,0.1893420813755691,0.027055142818088854
AB_A0,156,-0.889679469412475,-1.205868682456249,0.6275227167207904,-1.3338805394147064,-0.7360313970180201,1.2400451894714093,1.3186443750743442,-1.3239193676023795,9.313328635616811,70.17964907345564,0.32068376975288976,0.02630194460957415
AB_A0,157,0.8743698706124416,0.5163177608310598,-0.7618658304948136,0.8059510498658262,0.22643279499750424,-0.9175166270772892,-0.283789631970355,0.7366811986405029,-3.9691925998183533,0.17333771489564487,0.14211138790477917,0.043344656229142166
AB_A0,158,0.2925426998899594,0.8409185388924605,1.1036855265472678,-0.6575421061782322,1.318519986565913,-0.14118078406391166,0.5871031212372448,0.6251330511066933,-5.404224963672492,3.364542282146528,0.12307477926260339,0.08540067968484732
AB_A0,159,-0.27737059671595277,-0.14485186666820216,-0.28495126705136653,0.15116770015567593,-0.5051214213554204,0.47389427401663453,-0.9289799969610997,-0.08126814695392204,1.1461352853491154,0.15838983189361674,0.22821992121224435,0.006799492054217791
AB_A0,160,-0.3430154313294793,0.954187654065134,-0.878406139822923,1.0624468627405694,0.11061794758593946,0.16374105388463178,0.5132285221816257,-0.6152559394019698,-15.03553100247025,2.4422614181080573,0.17674096716422238,0.016660975193943113
AB_A0,161,0.316325384014299,-0.26945915499564643,0.50574608809164,-0.9027488381991738,-1.0090564523232126,-0.45311037497014506,-0.8292138312364271,0.07540155501589352,0.541613040673375,0.08602512510609409,0.16145645468396663,0.01340157008150192
AB_A0,162,0.9373520495450298,-1.331194982428419,-0.14138224273366395,0.4064101875162536,-0.5251530890826642,-1.2174209643534868,1.0460935541852645,1.3353187073059283,32.77051148785681,0.2959527974365533,0.4265376857780926,0.037013187281458325
AB_A0,163,-0.910545659777058,0.6289523944223638,1.2416599496922645,-0.22494554771618547,1.1196172615525433,0.9381942644801067,-0.0367917617194049,-0.7521941901589644,-1.1675179079455216,0.9330897303110993,0.2010012665061313,0.034474672282322226
AB_A0,164,-1.3596450915038956,-0.5548403515136185,0.08356216366140723,-0.49150054399950505,0.9007724986698584,0.519390145627747,0.8262525780644572,0.7334102601203389,0.7334414885864982,1.3049438886677331,0.32390782071157337,0.05507856674130987
AB_A0,165,1.376350830723523,1.2536985918969126,-1.300992718210865,0.3047290966997922,-0.045615250701077414,-0.1000346266574983,-0.5168670022510942,-1.3598564760522995,-6.2097954275513025,0.07750241053349903,0.11736506042405151,0.011389397507480685
AB_A0,166,0.5705327705892784,0.1926395007484898,0.9923392611598232,-1.158806365690736,-1.1412565368773684,-0.8719732382916323,0.04059921412165468,-0.00212704555991583,0.19724108044650768,0.3579609731425429,0.12128029347215559,0.03619100405101897
AB_A0,167,-0.5870164221473358,-0.8793988748720387,-0.39025846673942444,0.9935900019173471,0.6768004642960552,1.281143840031976,-1.0429626676438497,0.6719465159722839,1.1134501061900786,0.18101548771402473,0.3778050834388336,0.010860902156533875
AB_A0,168,-0.4271415780449537,0.4558416390266753,0.699341114755174,0.1100498769496907,-0.856637205771579,0.7393047008099958,0.8710138184574918,0.9973762572493958,-2.9250322956593404,21.247873266809595,0.1724805742331019,0.014800997660810122
AB_A0,169,0.4108166320939959,-1.1580851359581428,-0.6848108601062913,-0.6434821662046212,0.2601816913387305,-1.0672785630491317,-0.5590899238281328,-1.0634016424071924,0.9261017471118457,0.006215139899118257,0.6830336640774438,0.0038855273230782948
AB_A0,170,1.1950611409901277,-0.09634914326620447,0.3088909732050533,0.8416507686882835,1.2707035689868402,-0.6412392688050622,0.34225283257974803,-0.34195889849580374,1.6023477723584176,0.10578369036979433,0.12696099319328044,0.022777569681477844
AB_A0,171,-1.1781967787929832,0.7810770639286109,-1.074151296686109,-1.353358749031011,-0.371549378445555,0.32480413721156065,-1.347493220948863,0.3646083746978406,-3.6966560769987833,0.09353967981426961,0.2692914702451431,0.009146838405189539
AB_A0,172,-0.7507510180136253,-0.7062682935407913,-0.24096633417230895,-0.7507592835540946,-0.23850056929449082,1.0902227428231035,0.5552824869189301,-0.4270526350454328,3.7353668687536095,6.88089424849678,0.33553245178877067,0.025678691007037784
AB_A0,173,0.777737163274953,0.01950982834265491,1.143588790424363,1.2571128617573988,0.7050313467592708,-0.7189483866156955,-0.8741446895058598,0.2744380521597085,0.06273363810593291,0.46169534692765357,0.10705947999244095,0.05246239749127748
AB_A0,174,0.1349678037498132,1.0805687542319118,-0.8031696761315864,-0.030406385109182033,0.4798752614479067,-0.30188565007353674,1.3504544482990883,1.0930161624012327,-19.77861713306735,2.725084235852756,0.15062489806939747,0.07181265227970382
AB_A0,175,-0.16147801294205455,-0.381709935441537,0.5794279639737292,0.5583573531852801,-1.3356646670410364,0.6616635923104781,-0.3386143783320241,-0.9836690784584394,15.30412804052829,1.7578594501183116,0.19079223406307563,0.008827338593847526
AB_A0,176,-0.04587049348280603,1.376238635242926,-0.6010367851328889,-1.0638083839470829,1.179683246257613,-0.8530935947920334,-0.7424270481004477,1.1870799495731148,-14.949551527924841,1.7835194986258431,0.15028910369303963,0.09179904613264074
AB_A0,177,0.07187306783220215,-0.6921868724577881,0.788859102557671,0.9040895315864355,-0.6492253121278988,1.126906027393144,0.427794096114976,-0.9058428409604999,28.056047821039265,9.399378358469933,0.18787024976505087,0.019106012232452892
AB_A0,178,0.8351098109020663,-1.016787702162678,-1.1633353163717233,-0.4077558645002366,-0.9385196881816777,0.5382490749237705,-0.12426610045075126,-0.4995031571358973,6.307505604178046,1.178331316949683,1.0746588601149327,0.012186987554031858
AB_A0,179,-0.8612498705487911,0.3152218504409725,0.22479346538659395,0.22631270322738617,0.01871965971613787,-0.25429336007386305,1.1322153705881155,0.17491393688741175,1.9499997028288756,4.255729422915435,0.20204199196402337,0.021022897781942877
AB_A0,180,-1.1059640372970778,-0.21875074332816147,1.0594806853618903,0.4901545158397944,0.5842226720508752,-1.1932962324883567,-0.42940195934782954,-0.24785017115949537,1.0068343852344221,0.2773656710738654,0.20607807299779488,0.0065376517900090575
AB_A0,181,1.0885919576275052,0.9182857199958054,-0.3301397979287013,-0.3033622510495275,-1.071399277111212,0.7895398050620022,0.740142619006759,0.4424742847242933,-17.04495507620315,13.173392382056576,0.1082690765407732,0.01712873062320916
AB_A0,182,0.511500577507352,0.5930081540065657,0.6689565077054478,1.1574445346232862,-0.1703670607512735,0.1878442452503568,-1.1297614733841481,0.9249653870300489,-5.701729758138999,2.0274326071407995,0.11193583856351151,0.09297719163201157
AB_A0,183,-0.4943294633122083,-1.2804442644144642,-0.7194061984021971,-0.9922496597058131,0.9601588963699668,-0.6017862509432802,0.12604277075722026,-1.162880796857667,0.6503854881233236,0.02997314867227071,0.7527039332218902,0.00942122533265428
AB_A0,184,-0.6596298381318858,0.1420954005888726,0.42197709483758894,-0.10869352525646048,-0.4522789561065155,-0.06066497171621377,-0.6445652102235507,-0.10030248077932447,0.10246182601469411,0.2253159253776637,0.1986958645639841,0.010233374413597977
AB_A0,185,0.6766211142040908,-0.8436618307176587,-0.9679187153877368,0.6421466320019451,1.3740702232480462,0.38251626073369493,0.9578443539576427,0.6008549200029933,4.304240988722094,0.7548784454544831,0.5942474242732331,0.07382104319842267
AB_A0,186,1.2752862108215226,-0.5190611662719347,1.3308493816155618,-0.8402997672605492,0.21158382513631624,1.3314649720085294,-1.261330378958078,0.8098772409787729,-1.146058150471997,0.5241710524455403,0.10641188166761766,0.09560790392172978
AB_A0,187,-1.2928380459844513,1.2031120201316596,-0.057279653195853264,1.3519862587473612,-0.7427573830978553,-0.9980742913087506,0.25473490674339616,-1.2671410384149737,-59.375368571751075,58.07858174414586,0.17949616942127736,0.0002881014110096403
AB_A0,188,-1.0264492410320116,-1.1073402846445775,-1.216879531429041,0.7521106361575562,-1.2224644313722741,-0.40560394743585304,-0.960298235668563,1.2371882329083415,11.046359899640496,0.056509556134671984,0.7845348469828419,0.004896260557783488
AB_A0,189,1.0001505584077701,0.4199047526437596,0.1727410396554827,-1.2584850421801126,0.43059780824053084,0.0404097548166511,0.6427885554101287,-0.8232461342571374,-0.579416680587741,0.5411112461522422,0.11633124527904556,0.04973261166688213
AB_A0,190,0.2586566745914809,0.745182483892165,-0.4797815982334598,0.031763046663348504,0.8077184966450985,0.9749607467114785,-0.2531270693322871,-0.5387492860150226,-1.9053461340726296,0.4281881720241953,0.15263598652397012,0.029338697498057377
AB_A0,191,-0.2328128058491845,-0.045646598299108554,0.9085808651497851,-0.5596925362122287,-0.3199096513308297,-1.3516520143378103,1.2636147822300219,0.16816193281764558,5.354883730783033,1.429624112682048,0.15619636858495164,0.025334056836744924
AB_A0,192,-0.2462142448545328,0.8038996026277847,-0.3832603091420541,0.6180080338599263,-1.0390387514266084,-0.527624638031289,0.8035658823996508,0.19740059924277142,-25.288161410602193,7.682651800431822,0.1535483379004362,0.007253021022634231
AB_A0,193,0.21818099169633443,-0.11654819270675776,1.0050175415482514,-0.08988519108694626,0.09690241804275646,0.24367982512198205,-0.4522968583220962,-0.47659640598082653,0.7510818615113121,0.2073035801859675,0.14568737660204686,0.015641934151479228
AB_A0,194,1.0355063574129482,-1.1349305915946815,-1.3803730477405542,1.370751708163325,1.1008236690170616,0.8637915513559433,0.06246093603030123,-0.885220327818207,6.1248569846865,0.42798730910476235,1.897825878044628,0.04145743438030695
AB_A0,195,-1.0073356086287233,0.4353109144401661,0.009332136036908745,-0.8645647060348964,-0.5493830677969007,-1.1376148962263521,-1.107046288588446,1.2077893890366698,-5.704270777841942,0.7555120090232602,0.211693129252824,0.04889599394766458
AB_A0,196,-1.2628538412362986,-0.35847011734847234,1.2759165944920128,-1.2830416272318261,-0.07526176383676564,-0.17723071546282454,0.4451046451491709,-1.1399300919288167,1.2592855728669585,0.4635948073591713,0.24733449353033019,0.02378041107173645
AB_A0,197,1.278195180124882,1.0601206592283512,-0.11263550378409959,0.771167060485525,0.8873927964091746,0.5911618088864499,-0.8114346717621088,0.9473261167366458,-9.966379194310036,1.3682725297237333,0.0923760611588436,0.16847005389785838
AB_A0,198,0.6686758614913113,0.042414996624777324,0.4532646418193358,-0.5405097712519314,0.6576657561847659,1.2040050961572162,1.1147462605485907,0.4632276882903259,0.05773877078737333,11.034733300878866,0.1336487174783013,0.04948938478628776
AB_A0,199,-0.6838162658915594,-0.7263820692517415,-0.9362081049412927,0.007249346365185261,-1.1658275898526211,-0.800237766790261,-0.055438201296352574,-0.22735358033726727,11.666606864393755,0.13099459008523812,0.48579748989935073,0.005051669287983149
AB_A0,200,-0.5022733836229624,0.6087526839451471,0.5514949404996476,0.8799512639627485,0.28976670740730914,-1.3420783417012447,0.5766576858431747,-1.2874671024353914,-2.411267068184809,5.195689865569623,0.15538317872781904,0.003138241828632365
AB_A0,201,0.4873128380030489,-1.3083731047659088,-0.8367831529150578,-1.0450010413325639,-0.8432766529167434,1.008698562942066,-0.9401109428683587,0.7889559134427933,0.8236101821860738,0.5392752893126287,0.933253058678978,0.006120545475303395
AB_A0,202,1.1185748506310287,-0.28999054061881924,1.2020339235590092,0.2450784831616819,-0.3524365052015599,0.04995593762383965,1.3299042231310032,0.5783263076412404,19.61217102199898,6.379220094608756,0.10855929731957313,0.04151652373236723
AB_A0,203,-1.1030537355916934,0.9773415373919316,-0.18767117242452191,-0.43202179482957914,1.2952105220631205,-0.371818138910619,-0.27313464795392717,-0.12308261759157313,-3.0845929450733496,0.19665137229495538,0.22579390518471984,0.012907655740929114
AB_A0,204,-0.8258927597989836,-0.8998463088389357,-1.086021108577572,-0.3279178445462454,0.7349521901103488,-0.9855850235091428,0.9324109864012604,0.14728192523748884,3.170478576622286,0.09260623433479166,0.6504576842360995,0.023580693042962418
AB_A0,205,0.8542221109033294,0.21587997987821805,0.3025307366454426,0.5092106096494313,-0.22480423047194753,1.3622653788661767,-0.5836804050840766,-0.5592039165021595,0.8589743778638484,1.269278083572543,0.12486146584223966,0.020660595483811686
AB_A0,206,0.058470296424828705,1.2335854772226262,-0.6099429114440336,-0.9730659031905204,-1.3168928680580578,0.39490582044842815,0.2803268353051076,-0.8459849614422608,-12.684834785180707,3.096185854587015,0.15159725683619218,0.01408531186631914
AB_A0,207,-0.08634486463332292,-0.5319345221948325,0.7795299127818291,1.1329305038067916,0.5040410989483792,-0.029700725888625934,-1.3220354595902901,1.2145310437511714,-0.4155811997466532,0.40618848867579355,0.1707316283606911,0.062402527060252726
AB_A0,208,-0.14265986392739083,1.1826183135983117,-0.74759832759101,-0.6193484018932051,-0.6195814637962608,1.228467968933168,-0.3667990605296738,-0.7735395520572412,-5.389706204559945,2.1660204699314822,0.16733198929868828,0.016962429813603967
AB_A0,209,0.17002679729303982,-0.49594363996163415,0.6355916013648819,0.09124703764744257,1.1930603250290381,-0.949231028155851,0.7167155622787329,1.3140602717289134,-0.13569760032838118,0.5232515547497678,0.1664591755895246,0.08473941650819687
AB_A0,210,0.7369646749178551,-0.8638132855184335,-0.27144609435114964,-1.372118538320543,0.037851703023376926,-0.15278876346440562,-1.1931893459584637,0.05321269484182989,-0.19048040682922096,0.01656317120617759,0.3269049837903969,0.006502706245565541
AB_A0,211,-0.7644479404075981,0.164870344648268,1.1125167413949464,0.8659107083728623,-0.9139512586956835,0.44214783331728436,0.1499563504696484,-0.6370247107763224,10.530566740292114,12.211013474054054,0.16764116181160452,0.0035485747736638167
AB_A0,212,-1.2027646247075479,-0.0657127793702803,0.21300295723736618,1.281674445898881,-1.041414313203766,0.8830099968030278,-0.7252613306499405,0.6507320444977467,10.058071015833672,2.2777353837510033,0.23376323278357777,0.008241855234260482
AB_A0,213,1.1867357921957848,0.768040057534509,-1.1697854745749778,-0.7698213680084953,0.5979408250833167,-1.2921908497760057,0.35757605493226996,-0.0235983297782576,-2.957563250070452,0.042132057519779775,0.14575016262745483,0.019533845316768324
AB_A0,214,0.4133455053157913,0.39949367569336003,0.8636371295762848,0.5391690933577167,0.9789551537094983,-0.5084276091392352,-0.14090298857038697,-1.3815812936528724,-0.09159590486433017,0.20403957737239348,0.12127466437747725,0.012944169721019515
AB_A0,215,-0.397538791451692,-1.0841374846046739,-0.520768683363999,-0.0058878509804165535,-0.1461344585477784,0.0890823310729234,1.2015661316681923,0.7110954672975127,16.22809343563239,3.125949413256858,0.4891240337610377,0.03822512195606645
AB_A0,216,-0.5844862165235155,0.3383387157146096,0.9158275518752694,-0.8786160654427531,1.3441467564077094,0.630202339870152,-1.0269202374013426,0.38675524355071955,-2.282589561976174,0.4851279076006023,0.1859432071774984,0.0335928058288359
AB_A0,217,0.6001342454379108,-1.0372820697326897,-0.46736246487455435,1.0436443539566531,-0.46597795973310874,-0.31375696737271364,0.6621118965305917,-0.32006355409342047,38.220237966971226,0.7073631491754983,0.4636527825006886,0.022285270398140655
AB_A0,218,1.3517816730643293,-0.6694125894350563,0.09310156309627038,-0.24370632856071284,-0.7615318055700925,-0.7502670772036906,-0.18568009384334805,-1.0417597900722488,5.180937122611021,0.07035005234738287,0.21283303888486296,0.006451226201311463
AB_A0,219,-1.3679691078962135,1.3560865194054872,-1.2908610299254255,0.430670457719164,0.18741532283179363,1.0782306882101917,1.243804918125157,1.0184228460687772,-44.8234694843662,23.797968414017575,0.2606429795924257,0.024251844778994416
AB_A0,220,-0.9513168363895266,-1.2575860297354566,-0.023112888724957648,0.32929035032294207,0.4010154156612109,0.2908384750703408,-0.6711652429368063,-0.9617324244289309,2.077693728808383,0.06570354175570144,0.45121089134003234,0.006204223660987436
AB_A0,221,0.923653794749032,0.5729426339720576,1.3596754656221524,-0.5105616368989103,-1.2358223194230595,-0.6506266685399169,1.0185434671846607,1.1150344544586945,-8.111590326766938,11.729091879958386,0.09385221025584406,0.09643360220761425
AB_A0,222,0.3351422006269378,0.9414891810723722,-1.0203208166030144,0.9744014115714521,-0.3390199010855661,-1.101174873148513,-1.235259175575694,0.295525960934913,-7.110337903456834,0.12173474939216694,0.14183981523891748,0.019942286248819725
AB_A0,223,-0.30795512604162334,-0.2391611592418974,0.3640852493903668,-1.134286840006975,0.7832142083728681,0.7299107578450414,0.19490307361900716,-0.40553934917720846,-0.06351511123707498,0.6057590875037833,0.20192010769235808,0.03704364074598875
AB_A0,224,-0.2853541895552201,0.7290565512917391,1.1565069625673126,-0.07950455019678038,-1.178052244159359,1.123481965927078,-1.1627330758207508,-0.2842917357954915,-3.0254653642188476,1.4318235667303472,0.155992705635224,0.020612355037475393
AB_A0,225,0.2683099995638345,-0.039758977132219764,-0.23153754218074596,0.5856915523252091,0.6481488733112564,-0.7088736817563971,0.09377780102094802,0.3902100225642462,0.8424423305506676,0.1272990486183495,0.17891679776909739,0.020493559131269153
AB_A0,226,0.9043130910874517,-1.0574645054627214,0.5942930440214176,-0.7016168238456869,0.9374417207177503,-0.26863797445377924,-0.3972658917609573,0.9717825831377447,-0.45394765607302445,0.07498717708950203,0.1986486472712887,0.03443142444370619
AB_A0,227,-0.8868141285289126,0.3611448162911255,-0.7956877920447623,1.229739666618667,-0.017089855746836857,0.6717280304440953,0.7729046728210041,-1.1210556256890243,5.315731928051541,6.039437326401562,0.2521380854631438,0.027530115532277962
AB_A0,228,-1.3047701295953638,-0.4379616611324618,-0.6541266820857592,0.7818120747263355,-0.5831864376906859,0.7724029614863863,-0.09149281934192355,1.053534779352929,10.130522435280298,1.6180551970273023,0.3693459021544115,0.014278117426018188
AB_A0,229,1.3311217054813904,1.1322508057683283,0.7343203113608421,-1.3150724996130814,1.069727740038173,-1.0570250477723322,1.164340169565613,-1.034226843485337,-2.6549071759588094,0.29586976167886825,0.08674495148029586,0.08637422394675973
AB_A0,230,0.53469567492082,0.11386821063514496,-1.0445662470492625,0.16993285520375045,0.16869432554928165,-0.6081717256761329,-0.7746820713006726,-0.37650284377329,-0.020065800229006836,0.016440202055838307,0.23027914726713936,0.004271151156719804
AB_A0,231,-0.5604866917161229,-0.8065504629357572,0.344969298194407,-0.6818074219500515,-0.9591241906570622,0.3350255715527801,0.3948125884571174,0.3139062557895318,7.307851375384616,2.320112134965511,0.26634664600616625,0.014769363613109524
AB_A0,232,-0.37379558361060616,0.5345931135331594,-1.3348885118753526,-1.2065421342146765,0.4539945295829171,0.4862912239146928,-0.22019842395012001,1.3743717437605747,-7.589571287162554,0.38293016791342666,0.22958605736304485,0.04889434655359475
AB_A0,233,0.34782480099324964,-1.2309137116301678,0.053156235597105805,1.0195988225467791,-1.3750620906865407,-0.11028748089763418,1.2959227090207295,-0.702561891954139,184.0686694817878,9.514602764698225,0.36717745078265196,0.01680298560419733
AB_A0,234,1.1658297537148246,-0.21320801804050027,-0.42610083779031926,-0.4437244470747367,-0.2125771385925126,-0.9050401203838981,-0.9923913255436041,-0.6648802638520406,0.37866675686854084,0.008489098370305263,0.19931204213581394,0.008561627404740072
AB_A0,235,-1.1396580262804348,0.9025050137929391,0.9638799104819287,0.27867466970492116,0.7444718410748872,1.2709217446540928,0.6099835238840527,0.036361697979727436,-5.956472661171425,11.332680312283664,0.21319856886293564,0.02320566756828558
AB_A0,236,-0.7000220780591263,-0.9800185861133499,0.4974059770058683,0.34791273694472835,1.2234160117247324,0.13048249181732086,-1.2941452950480143,-0.060899466726098694,0.0971375995643351,0.015442509750226376,0.2839461070198084,0.003661011432691218
AB_A0,237,0.7173623659966595,0.28733724273815,-0.8910407633876354,-0.18804813632845718,-0.4323539993213009,-0.4631857408661071,0.22265174274700672,0.6460963338134154,-1.0725672082993463,0.2590004986379806,0.17961261923919525,0.028044890295821644
AB_A0,238,0.10310750464950869,1.3057196726121674,1.23441929750851,1.1209846313842247,-0.8094758032252382,-1.250669301009908,-0.612268531384822,0.7592524685244533,-34.13991786625932,33.94314766519167,0.11338059429589042,0.028116081139258238
AB_A0,239,-0.12031028663231735,-0.6114299495692205,-0.1551163252003933,-0.9396918662810387,0.3208597856655864,0.9281304873831531,0.9907842059769971,-1.301097234304597,2.705163692061155,6.788842663871827,0.2679471783215138,0.07077993761481777
AB_A0,240,-0.019594632116504807,1.0867963135030518,0.13725359881379484,0.08085592345763803,-0.10962608531179385,-0.4156667536352069,0.007628262393017726,0.8600912204614632,-13.154870989104904,2.7290353009700286,0.13330924797042742,0.05661626575113974
AB_A0,241,0.03595132848471061,-0.39682167254085066,-1.245704306273177,-0.5870637534053187,1.0073408736824618,0.007162430372621209,-1.0752282880880877,-1.227337033324396,0.009259635601106653,0.008923089484167325,0.4329424493023127,0.006998983539298855
AB_A0,242,0.7896268579098129,-0.7653681679976763,0.8743621085959934,0.7029734647424573,0.5234386259412833,0.9648870540645709,0.8583879742859677,-0.1401143769950739,10.892840550460225,4.787616749151621,0.1573502822899837,0.0483827941309569
AB_A0,243,-0.8064595110045009,0.06837141202339891,-0.5098750573654919,-1.2310748289882198,-1.1186239532606956,-1.3849089444708582,-0.48410427707148806,0.5506276784722397,-0.9859684945847242,0.0675498076137928,0.2552183807154383,0.011073479266509229
AB_A0,244,-1.0823170877557784,-0.1675476515871328,-0.9748044270335863,-0.7804557850052923,-0.8990163127534374,-0.07088807930648788,1.078866163928731,-0.563996571750604,8.553302775233846,3.7920742417838618,0.3647718437499488,0.025045753102245088
AB_A0,245,1.0552991920772021,0.8611597294203175,0.40787757787592005,1.3137370273825926,0.04466366518427023,0.34944840774382935,-0.004666291376545839,0.11016157148844163,-11.24543774790827,2.7517462343537327,0.09516769012054348,0.03661984066016133
AB_A0,246,0.46340057003525015,0.4932903007661733,-0.06594271684223085,-0.16858179180382904,1.1403063973782628,1.3212104858341303,0.4809741496893667,1.2951964853627171,-6.6676619507118255,3.3534404995579115,0.13652492212809117,0.08773598788475763
AB_A0,247,-0.43692206994546534,-1.185295486264104,1.3185272166544209,0.6804348696942146,-0.6750431628802643,-1.0311748862708594,-0.8621959896022513,-0.7979855864734927,7.3008822973833185,0.06910988467455062,0.19518127219603612,0.002211089462967885
AB_A0,248,-0.6182083047294239,0.2418357342401758,-0.31564031763511835,1.2051961680271532,0.8577136394238727,-1.183073785934746,1.3833837443892214,-0.4733198486490222,6.532551859650466,3.4378532073468238,0.1984829816638266,0.015985852218487827
AB_A0,249,0.6448453968106318,-0.938833068621534,1.0673176752457854,-1.0182320388687018,-0.2618126986013334,0.8226083190885312,-0.30630710224928226,0.23333208888105084,0.920051200339741,0.7694855369854618,0.16308468019731626,0.020177180977419832
AB_A0,250,1.2151652619507451,-0.5702867384238743,-0.7061750718781784,0.44236255403509994,-1.27233337812049,0.1980993924614194,0.5231887256785275,1.1286539064543042,32.56772211733467,3.104156786523053,0.3162021834102322,0.01664149723839407
AB_A0,251,-1.242024483008315,1.2602604704606628,0.6780618513589072,-0.2773342655212001,0.37262734074513326,-0.568686317017835,-0.9069490496665742,-0.9320394114954382,-2.869041644516431,0.4963669117177435,0.19275520105362925,0.008185907021771952
AB_A0,252,-0.9878258448404302,-1.358737338398668,0.8180785627691101,-0.3492742788086374,0.24017210120318078,-0.843030127556016,0.3094372451244505,0.8750105390838343,2.8718983799671,0.12019844500823354,0.31374156328104885,0.018374817184003755
AB_A0,253,0.9711730401973788,0.6667327313078182,-0.5646033646751621,0.18938885037311448,-0.706067586283809,1.1601526908005104,-1.379575713579891,-1.2015901407263878,-1.2368196218490004,0.2723292221306455,0.12986543055435082,0.011290763387324158
AB_A0,254,0.195749445854976,1.034602325221128,0.25579060811689325,-1.122330287710812,-0.4809099723251602,0.5483221065340143,0.9033111480041864,-0.20913293616560313,-7.547970030893241,6.6254508877603415,0.13572208161109192,0.028090298797272612
AB_A0,255,-0.1792129836647165,-0.3409893384625309,-1.1286795784328565,0.9410590011348436,1.3373373970786793,-0.22103576890415177,-0.5261507225167441,0.492442394718571,-0.03477203230556403,0.023530468640187006,0.3601383413035056,0.007344839263907535
AB_cv_A,0,-0.1912269015488417,0.8716130946721761,0.07844429644969786,-1.2380809603403446,-0.5602314076196029,0.9423419028753559,0.5483510888602334,0.2882450939660073,-5.706392955303562,7.47360381334023,0.16232691882027792,0.020472066831135435
AB_cv_A,1,0.20810183516825487,-0.24525194847803578,-1.0437731915516912,0.7264800627727699,1.0901443583349788,-1.2323990274449852,-0.8807528303073634,-0.396915178242655,0.2616991357214612,0.004219868501437512,0.30365248325086236,0.002428589775145171
AB_cv_A,2,0.959154309140047,0.3514521467264158,-0.2010122040403859,-0.5828057993524839,0.10770864776424838,-0.438132910943123,1.3573964126157045,-0.9649544384894657,0.9924666764132537,1.2389841149843042,0.1323489225854315,0.06396319747504348
AB_cv_A,3,-0.9754686836687362,-1.111989218644355,1.277255485521496,0.04926906114035745,-1.0280634925644971,0.1595940145538588,-0.3320168037884401,1.1168920113803467,8.300902583677136,0.7713852828613236,0.25102865883786113,0.025144051633476917
AB_cv_A,4,-1.251336929964912,0.052912496402628406,-0.5619831108811489,0.6623541019134358,-1.1551048366673031,1.2986570716866204,0.883037811986388,-1.0602015949048496,30.081055028962993,53.97896972028143,0.3042307949981735,0.01227763928875868
AB_cv_A,5,1.2248161390217043,-0.7174240773842498,0.9152692263654594,-0.1345102166124903,0.6685579103438266,-0.8786560452500279,-0.546743995115371,1.0382291183689583,-0.5241593010940235,0.20515398870314544,0.1309652291779022,0.08364558537210326
AB_cv_A,6,0.6355404071738959,1.2662939173484096,0.41505761351405823,1.3290676347540906,0.8764583359036442,-0.0933512619494179,0.3302394053087716,0.3723775695911007,-19.54065341229868,7.833891275104449,0.10244858793480242,0.03296050859548977
AB_cv_A,7,-0.6085648436635346,-0.5437605300786345,-0.7061445221720576,-0.8226096075935901,-0.0860268233685535,0.5018763562234174,-1.3598497159195444,-0.30702919442814736,-0.03272746206209465,0.04147913331956844,0.36624695494561893,0.002785708098584378
AB_cv_A,8,-0.44893598782959054,0.5416531942564262,-0.8840805792479789,-0.2856852966227934,1.284277879408415,0.30728761070229593,0.8413061232799792,-1.3675396742071058,-0.5754850593856735,0.5827427807700752,0.22138174166753005,0.08739192665529791
AB_cv_A,9,0.475752959348529,-1.265656752887769,0.5930038546860779,0.46721206870488974,-0.3632000774008546,-0.6345531669920466,-0.5021353715620424,0.6983969968869259,5.794617814341284,0.06078207710449923,0.24789558618866087,0.014254087196732846
AB_cv_A,10,1.0432804610198703,0.7152372519032448,0.7371653279491739,-1.0180477025978412,-0.8325553870639184,-1.073963900538505,0.025535081990817332,0.6688323412640205,-5.555489126817098,1.400824006637767,0.09535649586675868,0.13688237412395654
AB_cv_A,11,-1.0699599265840842,-0.05234391449583509,-0.38386890442439037,1.1776809403818558,0.30065704371554514,0.7568204629956183,-1.0576837114175863,-0.04306292875294604,0.9838089836276367,0.14937496446564294,0.2783237161110859,0.006467364018900122
AB_cv_A,12,-0.8157719579610977,1.1112936918764078,1.0991413410369246,0.9216141635413526,0.5148481549657007,0.6575192487698491,0.5039127855347578,0.056770267638719174,-15.013462755571366,35.987836779179275,0.16685235325506423,0.0048738062588094735
AB_cv_A,13,0.7992777349807716,-0.3494768787995042,-0.022908243651912796,-1.0868926595967698,-1.3059164523817852,-0.28691088183665836,-0.8388528044830924,-0.6392179916934951,1.3130950372485697,0.08261106406956932,0.18211294282748183,0.005322576333152168
AB_cv_A,14,0.02664633884797496,0.24448783915624128,-1.2217194946958982,0.20066897624586377,-0.23565372710881105,-0.7339238778614247,1.0553987039168173,-0.765918003317838,5.127514114884207,0.6288224466600039,0.24759565225402325,0.03232416542356976
AB_cv_A,15,-0.009951171050615715,-0.8697173164040611,0.2563802915534319,-0.3873756367881961,0.7242720531324365,1.0943678093725835,-0.027142201557424306,1.3050955842830285,-0.39788659078575783,0.9265595897506087,0.23269303363690716,0.043906725454786945
AB_cv_A,16,-0.1110051317364158,0.27103055792502406,0.30269443876013624,1.2394425590120923,-0.9246789903133742,-0.24744067702162287,-0.9672329285818797,-0.8640881502439378,3.3139359773601016,0.561603363013893,0.14711068815363523,0.00398005132747901
AB_cv_A,17,0.09346387832445346,-1.0380718794369557,-1.3491985122065366,-0.727820843953963,0.02695461174673519,0.5205659671752811,0.6361863536098997,1.233998700020429,2.5343951717234257,1.9874322433012925,0.9404417005779836,0.02827511737934267
AB_cv_A,18,0.7266746476940906,1.1378441778259878,-0.15449119367276953,0.584151553801701,1.20399972265215,1.144588370817991,-0.2461817895036551,0.13324253679046194,-6.04435472311661,0.8034747324389095,0.11356848672274322,0.05955635680198836
AB_cv_A,19,-0.7096727898709193,-0.5178398700498597,1.1386439289019525,-0.050636304445490055,-0.6088114258321002,-0.8599455135206313,1.2702063971149358,-0.5465078423494781,21.90563408180312,3.711951182497312,0.1888349784941251,0.015395460738961758
AB_cv_A,20,-1.1276394604822686,0.840657669552568,-0.5110303041468718,-0.661007996288491,-0.13528114029270366,-0.5869780639456265,-0.6325484777692564,0.5707071551597427,-5.285962242727535,0.2996818849966219,0.2297924313687486,0.019732763697895745
AB_cv_A,21,1.1534727578022965,-0.1219215867393868,0.7831201707431237,0.1331432831682937,0.9896394015091621,0.18386648294895225,0.9701948995983518,-0.1141201611444278,2.0424523841942754,0.9411320155051964,0.1139714354658414,0.07361010942379778
AB_cv_A,22,0.35983888413654075,0.667065844724952,0.6348548889141836,-1.327705726221407,0.5871296582442436,0.7935182903722573,-1.2733365244970571,-1.29102773252685,-0.6400717412003171,0.06520434816928525,0.12899084348193385,0.026063399136535225
AB_cv_A,23,-0.38614813818305094,-1.3352259969138598,-1.0180534143677624,0.8212691775881245,-1.05239455049825,-1.2081051424948612,0.24237377418737172,0.7911520863953692,38.30622378505169,0.10733681734258789,0.90024807285157,0.0071046827357612525
AB_cv_A,24,-0.5511815368202212,1.3375185417818984,-0.8385960330540794,0.2843290223947972,0.17660266866022734,-1.0128804848677158,-0.4143437765469645,0.46644664505629163,-12.089584771380952,0.5930503189493262,0.1654849129337435,0.02477238444634183
AB_cv_A,25,0.5250520485957648,-0.6674440119221892,0.4553865385233642,-0.4658766222961457,-0.7725138607154014,1.3354407408712456,0.7548669679638136,-0.22920824522351646,10.69685114883894,28.568357724018117,0.18630450273448534,0.014230284610515502
AB_cv_A,26,1.3404339871788216,0.12413464194862889,0.962409710716442,1.016696778635341,-0.455122823627209,0.3785410909354552,-1.1448302224429328,-1.1326468287020053,2.070038973800478,0.15686527549643337,0.09702934957131963,0.01402738786926555
AB_cv_A,27,-1.3144208414071568,-0.8411044193036524,-0.6903306892529524,-1.1763085378921379,1.3548324915398668,-0.04585937722172484,0.11132898805808522,0.9386997148033525,-0.8695032636800121,0.07175170743146216,0.4867017240326991,0.017161979730710684
AB_cv_A,28,-0.8747955627307465,0.5188366177980972,1.3179443759802203,-0.9229654386795803,0.7941524491818186,-1.3585066908287393,-0.7517368250886456,-0.8708404228598485,-0.7928742814105135,0.15819678052365174,0.18349634591070826,0.009548617301958344
AB_cv_A,29,0.8919560951749237,-1.1395918477310163,-0.3337806716739009,1.088264752225552,-0.328250689417235,0.9926458478986564,0.41815180735629487,1.194752633113491,27.026472547800974,4.7493003115479455,0.4325046999538946,0.01907985175169935
AB_cv_A,30,0.2803240827071256,1.039000044631346,-1.1697302237879044,-0.20202556033479602,-1.2465492247449208,0.022724095879788297,-0.11496688972047298,0.21583951203996898,-13.76233924508638,0.72971506505308,0.1600584797674218,0.016709196754675026
AB_cv_A,31,-0.2977067441276646,-0.2728577174888491,0.12323699547426603,0.38871073202121265,0.3901194811987303,-0.3987487131952394,1.1418682256047161,-0.49639962098643853,8.954266807091889,1.0450249970400305,0.2096652240909433,0.04336050151096016
AB_cv_A,32,-0.31726408189834054,0.39848791357405755,0.9073163355806069,0.8234518586791093,-0.006108296379025768,-0.0006093647703273586,-0.21437371488194867,-0.2015218865475834,-0.2704048137653745,1.895505130227047,0.14827262232791938,0.011441080301046874
AB_cv_A,33,0.34478962791280865,-1.0622485362484457,-0.5702757745110868,-1.3569885968912359,0.9482542096301507,0.41993320045986415,1.2153836493563042,0.4834668776329709,0.8568016443844927,2.057987402618475,0.5177342596277233,0.07641033038890244
AB_cv_A,34,0.9143506023057253,0.9179685773277504,-0.7631741795646996,0.1255424976937809,0.6374633034382648,1.380558458195993,-0.9990515952832505,0.8785574578288722,-7.382419734659651,0.5401672661139248,0.12250713488289049,0.07670382211230063
AB_cv_A,35,-0.941675213831858,-0.19618610705041717,0.35836772896650126,-0.6371433952613559,-1.1889068844877613,-0.971356090545355,0.6910196934481954,-1.2037937451770802,9.515163657493094,0.7651960285687966,0.2279476050697565,0.012190345721567082
AB_cv_A,36,-1.3799812285869095,1.216551277664254,-1.1167100352169492,-0.03725281155268845,-0.9698929065478955,-0.35625515133012464,-1.2225758625292293,1.1467648676011273,-16.19974406184098,0.7634847934142881,0.22254460081015376,0.033477309888380165
AB_cv_A,37,1.3641322238693874,-0.5907929762499116,0.005170324086009259,0.5437108387131888,0.15775624999949733,0.06687530013713427,0.20650492551949085,-0.9514936766079092,6.49108122710804,0.3107172380406758,0.2100470876866582,0.023095667219854323
AB_cv_A,38,0.5881190054804584,0.003848653578047312,1.2418880822242626,-0.7466217801936289,1.0806235092414875,1.035102138657512,-0.6833197214880506,-0.45926774041056995,-0.5314836995407239,0.2162736212123983,0.12187130051183613,0.034071174495695467
AB_cv_A,39,-0.5721325051369096,-0.7637828394013974,-0.2360424786391888,1.274465665494574,-0.5724600281463224,-1.3143182257938322,1.006074330017199,0.22064443778148135,68.99061031561483,1.759169697134737,0.2574171105639565,0.012898067908169617
AB_cv_A,40,-0.40684774730840934,0.7656786383269079,-0.057937278806971415,0.3922819206240673,0.7553690976106948,-0.8158034088461075,-1.1779914494437047,1.2808081573512469,-9.031552529828836,1.5728356939775112,0.16213309489320074,0.07481348070191977
AB_cv_A,41,0.42299293260166215,-0.004612742242446233,1.0637725330367809,-0.2326486828400527,-0.20184891119732407,1.1870883881192735,0.16479728202172006,-0.7849615503417391,2.057794961548735,3.855978500637097,0.1325226167690364,0.029056795317088872
AB_cv_A,42,1.1774325997524782,0.592768264834219,0.1831050797459992,1.0792814085691418,-1.3858326244281989,0.5647555786956515,-0.3811719781239242,-0.5824488757045881,-4.95916791353614,2.0379248699217785,0.10417371261907572,0.012102592067832704
AB_cv_A,43,-1.1931230021498793,-1.2172467837748053,-1.294654933658246,-0.8977546364870451,0.4430549667006396,-0.2049881768948849,0.7013881025779105,0.12995701414890748,2.040507296880586,0.35013385758887416,1.203754112663543,0.03049551271049972
AB_cv_A,44,-0.7764600610982941,0.19675470961460628,0.5363127306947766,-1.1616006580438347,0.3101753726067564,-1.1667036028692985,-0.17249723848881815,-0.14332590226292297,-0.8933525378139935,0.10993166650408437,0.2039632554634226,0.010516443862545178
AB_cv_A,45,0.7493152257229132,-0.9201553821513595,-0.9411088319377108,0.9748939975015027,-0.8203296172578106,0.8387615168691556,1.1709687302028031,0.5524960547049091,81.59244561472869,25.575256825149136,0.670085460573781,0.014089102029236042
AB_cv_A,46,0.15801155733558736,1.062885721366482,-0.3921603286105839,-0.48599731823466774,-0.42137326624931914,0.22538940026751764,-0.69419591522673,0.8528210178731068,-9.543581858641868,0.851632514154399,0.14359182124760367,0.06841292450715417
AB_cv_A,47,-0.13030615254078493,-0.4005952287388701,0.7292110324614105,0.3207188221792503,1.2342273438229714,-0.5418562254704291,0.3890407416646373,-1.218702528527625,1.7510603878232995,0.10213479011520865,0.18114520459909958,0.01627257888708398
AB_cv_A,48,-0.07432945941670477,1.188261126550494,0.8560570144083812,-0.8248243076479679,-1.1078602158022353,0.7129705830055413,1.3012066358724212,0.7777017151838683,-34.34568960084122,54.202072287292204,0.14229431839730433,0.015314668763020779
AB_cv_A,49,0.046116419779056894,-0.4701279298319019,-0.4377563317831833,1.3583395570041785,0.5343717643734867,-1.1167586937126082,-0.3015493063561441,-1.3208897849296597,5.687995951996011,0.03819340928243982,0.2376853846363822,0.0032335116820744747
AB_cv_A,50,0.8662340663348596,0.3221276359111296,-0.9826860110705289,-0.12687790795208254,0.9964500415967283,-0.6783659514637285,0.6045302941812485,-0.04650874245672276,-0.9074416731146598,0.08576779153339287,0.18446745430190317,0.024087079391202283
AB_cv_A,51,-0.8382431453448758,-0.9896849433202393,0.6698851635129868,0.6384996230102116,-0.1203475164237846,0.26445571168109994,-0.9112097563173909,0.6330700666829221,2.9338736513914005,0.13575179710609692,0.2724148130356944,0.01151058120544191
AB_cv_A,52,-1.0937507084075528,0.6193558721239387,-1.3412456214216837,0.035917752470114195,-0.6860197438157029,1.0531818141784914,0.2930035379849365,-0.6576078302649445,-2.8432324284433212,6.0864131615401345,0.2930231202832695,0.017658698733671815
AB_cv_A,53,1.1089333933325258,-1.3856462766434283,0.3109871023900741,-0.5423543011033969,1.1294988455834438,-0.779379911684858,-1.3104296414698249,0.0277247969250507,-0.04846700092561654,0.0037750079569793945,0.3769813810921654,0.010105361031750944
AB_cv_A,54,0.49662195911893225,0.792268724504116,1.1956735862945942,0.7452496410857063,0.05534429793968032,-0.3279644269736328,0.9202631182166521,1.3775803769930206,-18.891961903246298,37.01988411246451,0.10382297143364018,0.04604835811942581
AB_cv_A,55,-0.511920976167999,-0.17301537503522124,-0.09780130912521257,-1.273114354205904,-0.888166650857408,0.6119307545606001,-0.5961535084715199,-0.7044272108922395,0.5686248882619469,0.5125454605142892,0.23528637472718883,0.008483382557231462
AB_cv_A,56,-0.6718008606749412,0.17118819481400038,-0.27708954768259964,-0.3909147237980751,0.38330615564971837,0.11413383892258033,0.07766279876504156,-0.38005265455373105,-0.11056366497856462,0.24484575099969533,0.23056329829357586,0.0177046142078249
AB_cv_A,57,0.6563219848455397,-0.7913405799671217,1.374972628669952,0.23130296454127808,-1.2614852035569537,-0.47931740847602433,-1.0922119674030102,0.3161129175347932,5.360775677848254,0.1389535082576139,0.13706930419525928,0.0258723994331675
AB_cv_A,58,1.2902071355564122,1.3838985860810042,0.13152841966045958,-1.0779405912375057,-0.27278779220427873,-1.2779807563571302,0.7891889985854188,1.0459259607336489,-20.391907962220806,4.480189831961865,0.08353280178076698,0.20579331176332602
AB_cv_A,59,-1.2752042267821908,-0.6183591450330966,-1.1617759283001412,0.8963929913361575,0.8469079054798783,0.9012789482946231,-0.46761770765628274,-1.0252537226576421,2.2664299664245604,0.2095731993183775,0.5690457768763039,0.019778310194184075
AB_cv_A,60,-0.9980325814445827,0.9892381729117592,0.49041557367842303,1.1629411241997432,1.3264457386971162,0.4590853743388279,1.0831586209967956,0.9577328711571977,-16.44150074090119,26.63227042978272,0.1961506969970431,0.013225137486702085
AB_cv_A,61,1.0258649001144453,-0.3199146013592833,-0.8032272250539357,-0.9762559525133265,-0.4916325602513123,-0.13720230908235398,-0.08603956898172327,-1.1083702055881943,1.5088051323302638,0.21160469858170533,0.2904394511233384,0.014298800486973228
AB_cv_A,62,0.22749011281221776,0.46974974197726915,-0.6170554774455197,0.487364205199724,-0.695302692011187,-0.921494379049996,0.4761634502057457,-0.30240575423688365,-0.14785420857452847,0.6131637478345608,0.16227839735805377,0.012502512452762873
AB_cv_A,63,-0.25586183739956936,-1.1859686023398508,1.03534514967879,-0.3220648916537525,0.25110606593121365,1.2548533661403651,-0.7799660188097598,0.4096671797121203,0.660394187710577,0.4371565467414447,0.23011308987149898,0.01588945546151987
AB_cv_A,64,-0.22046291608078983,0.038059901168488564,-0.3668149279917743,0.250401736530508,0.9236824956182346,0.6894131213025754,-1.2845016945447039,0.611093750453598,-1.8509415497490216,0.08693511840459717,0.2109156240999771,0.01797285061327048
AB_cv_A,65,0.2466452149374483,-0.7512244209695595,0.7662329743771659,-0.41551365651104977,-0.025243665526978543,-0.2754926406160101,0.23196285213722967,-0.06857198500730877,2.9172313836912833,0.22743489382883847,0.18370541190199557,0.018258978868221483
AB_cv_A,66,1.0125049308310394,1.2513628240104684,0.5678822666213827,0.8719217213288382,-1.2022872477851088,-0.7020184578444812,-0.6219227188034477,-1.3420226441979883,-27.15677181797613,2.315526793486268,0.09047367128092075,0.01296818517518685
AB_cv_A,67,-1.0384651420261277,-0.5776502788726947,-0.8995550085729479,-1.0588002565680528,0.6078161292659132,1.1057963173189134,0.9814836835020893,0.7561487671158285,0.5223835150586713,7.1442416716655925,0.44365715929425154,0.04295401634245244
AB_cv_A,68,-1.283189957661917,0.9434093505605039,0.22760432755324844,-0.9574051880529681,0.13352561024859733,0.339001350744194,-0.23492410530919972,-0.7265344175453031,-2.1950372931746225,0.4057009768375391,0.2350029203727842,0.014593263926036666
AB_cv_A,69,1.2659765939281418,-0.19241434804582713,-1.2388175953258087,1.1387600957668804,-0.9886871601200404,-0.6229779295637959,1.2808632144752352,1.3557299830837615,81.47223227034554,2.4696746041221664,0.3069121714983292,0.036934720627541454
AB_cv_A,70,0.6862620757250955,0.4231589974059933,-0.007552305148892158,-0.3462874827668383,-0.586176218726169,-1.0422194429491456,-0.9776762310998399,0.006127895083231305,-1.4998343994287346,0.07804007044472831,0.1292634850789016,0.020962992435141898
AB_cv_A,71,-0.6689323695385289,-1.0592301163159474,1.124480244904775,0.5060873069544267,1.0506405491014281,0.7684277813594489,0.6250536053448623,-0.6786147568845103,4.587725465490848,1.2561292369511756,0.2434170353836107,0.06536392267404453
AB_cv_A,72,-0.4819795735438138,1.061163098553785,1.291585887613145,1.3774379984750766,-0.17768373473351518,1.2669439926813857,-0.10384469738465762,-1.0040789133829202,-18.65030616947625,49.46327394478548,0.14363940888215324,0.0026303459015054524
AB_cv_A,73,0.4994891178533194,-0.4239814225559537,-0.17466813195336073,-0.8494222488059471,0.7741402355570102,-0.8902319437149422,1.1523221253666895,1.0673522944588665,-0.021568757783368753,0.24861103512186639,0.2016891713468388,0.06462387784151427
AB_cv_A,74,1.1009463300507745,0.19443706601074684,-1.0715441112770743,0.6140280224845609,0.45675064448651925,-0.1250963805754408,-0.7623196270000188,0.33779278464224216,-1.0848316296276477,0.040643749765408604,0.20665923174775921,0.013413797460000735
AB_cv_A,75,-1.1179799382911937,-0.9441311328784331,0.060320535464041036,-0.10773658172763412,-1.3559124421137847,0.4902696988962505,0.4068200663981216,-0.35777752393071993,22.058337145926735,4.830936506530514,0.36732182537119984,0.010790831130274436
AB_cv_A,76,-0.8516017822262567,0.5781605449513219,-0.7322712784559278,-0.523504528198034,-0.7958233252181939,0.910447369305966,-1.1561295622758923,0.4310522038102125,-3.238587192838833,0.35771108357192655,0.23921524487759593,0.012101614202512968
AB_cv_A,77,0.8258001940086854,-1.2535124455217506,0.40060872060046093,0.01173705455558327,0.32928758481408793,-1.2438166076289698,0.10071382633628967,-0.28110236816674483,3.477354522903787,0.02014859984421144,0.2909790059979267,0.006261353205824934
AB_cv_A,78,0.08151402935320728,0.7518353298802183,0.9333488631538216,-1.2973379368739852,1.2475872356411435,-0.4700376699234028,-0.4038588390478961,-1.0861363949210066,-0.8827866277972457,0.08344240481638901,0.13859699639826878,0.02147025821041685
AB_cv_A,79,-0.055173024889449085,-0.040119786952688585,-0.5339205087279572,0.7639730733587411,-0.3917889112174041,0.14816484557086573,0.7659580812477425,0.9795413047313659,13.26423678367409,2.518690304146603,0.214477254621631,0.02910156545243614
AB_cv_A,80,-0.17111880920389377,0.8122676838273846,-0.6614416776545973,-0.25175303232613144,0.5586050276136454,-1.3699341865626777,0.3190749066264864,-1.1829586880900473,-1.9744226151579798,0.07343412489643972,0.1696317557314696,0.006973523654334876
AB_cv_A,81,0.14427016989729036,-0.13135283437886813,0.9796208382871285,0.41688576979722747,-1.0890632974260401,0.9607427208526398,-1.370261309335048,0.8989724261161938,0.6079948522348726,0.8847145495955322,0.14816894616266685,0.05779162420438067
AB_cv_A,82,0.768088909693253,0.6385960388226406,0.4401542242051326,-0.8732782847603748,-0.10662870235467947,0.011307486593403304,0.8936629202442308,0.5061660426182788,-4.387668579886428,2.111788755053598,0.11252228543271561,0.0657553552686294
AB_cv_A,83,-0.7414412358610786,-1.3447479718354187,-0.8638113333945363,1.0601353311436734,1.026435666540838,-0.43064223455223816,-0.5354545605036675,-0.17890964788353747,2.6030296751103723,0.012238902305376139,0.8678732993706095,0.002931147629654517
AB_cv_A,84,-1.1905513164754187,0.3292894233223085,0.10623260712011717,0.9560489757971593,1.1540679361061013,-1.024488774129146,1.3686534461021942,0.2410154522950232,0.9991422941298929,4.480387143347682,0.22694762423441225,0.01489294409528508
AB_cv_A,85,1.2070772072434097,-0.9608651830589185,-1.1987483027948254,-1.1374247113303233,-0.6668870394718002,1.3036939489961676,-0.32135933572017494,-0.43830675067477465,1.6687053880335365,2.7975715194410444,1.175704474300984,0.020907008199446266
AB_cv_A,86,0.3984669075847673,1.1960123159411944,-0.30859891894412117,0.3449364968321509,-0.8747889110493192,0.3669641802581498,0.5379084577076347,-0.9289254020463408,-33.278936095372686,5.436538603586629,0.1270261545930979,0.014558846478123848
AB_cv_A,87,-0.4151302836500871,-0.4407129938489508,1.3334789493128778,-0.5047148424925214,0.08498880730798208,-0.07757342712455917,-0.891886249937762,1.1695899549065,-1.5478764806724963,0.9074467781871957,0.18090781245834778,0.06651141743327751
AB_cv_A,88,-0.5966572184091751,0.438922996940057,1.1648520030241418,-1.3760919548223194,-1.2859888307925205,-0.5753691136475327,1.066521567617994,0.10696135872693291,-0.9098892834468912,4.569062270878052,0.1770909834505317,0.018290381484535972
AB_cv_A,89,0.5798351367367556,-1.195142507889762,-0.1399610035782488,0.8480553773339377,0.3641965669316456,0.2156126137873664,-0.016688973160812415,-0.6048492676110006,7.093650525381877,0.2150235832703116,0.42513213131099425,0.016327105054698702
AB_cv_A,90,1.366702577141823,0.9591649218771068,-1.3672074077431968,-0.6126660519796902,0.8335506784657565,0.8050945400128995,0.4933293329154187,-0.8057546161075869,-2.5241666911058847,1.1830589316352336,0.14069372586240927,0.07434131439120029
AB_cv_A,91,-1.3503353093513488,-0.3283189724388442,0.2747025572012507,0.10639608974998094,-0.30236952374693526,-1.1763904315553635,-0.8501838947332999,1.2602666160358946,-0.8131420593503749,0.36059333899530793,0.23908081895723163,0.031661851890744185
AB_cv_A,92,-0.9229001974594934,1.344242864941377,-1.032281345447857,0.5248661475271772,-0.5158004015191714,-0.23601384232434808,0.014235091449892101,-1.2411442403898607,-22.07405857862959,1.4761595529124847,0.18817311050285393,0.006279501687621338
AB_cv_A,93,0.9493681157983118,-0.6363458209584671,0.6086132671813169,-0.013077856394172471,1.3076719772615426,0.5524697552579614,-1.0682982224314161,0.8299539289178515,-1.0127406453941699,0.11636951125887943,0.1517144269770477,0.04545145860891255
AB_cv_A,94,0.30397565950507044,0.1309483703168577,0.8109829848934431,1.2986836706658067,0.2374077233412839,1.1560056411410395,0.8517917321444088,0.5319132037624317,9.757844499240884,16.345421011703234,0.13600410877881852,0.022070693721201597
AB_cv_A,95,-0.3310041369346126,-0.8099277302361291,-0.492814669393674,-0.7653402960064779,-0.7252254978148599,-0.8280526532002961,-0.4910449296434749,-0.1639903912333538,1.9789528027962526,0.032915194849247036,0.37962112017783095,0.0030539221617527845
AB_cv_A,96,-0.2677203806816575,1.2909705476911004,-1.2687711909778279,-0.44702623483325943,1.108894343108059,-1.1336364109160966,0.9525576331931778,-0.5243586392108808,-6.018561172882405,0.15530183279766432,0.18075803916182034,0.02275223451161353
AB_cv_A,97,0.2832309139700262,-0.5407476566568917,0.1979905047463144,0.26014769959404505,-0.5360450779825591,0.848982641349439,-0.5632118231082937,0.1551355882219183,3.8155373666008883,0.64342189379054,0.2010121998511048,0.012379209935962468
AB_cv_A,98,0.8840139927149948,0.07834774378202236,1.0461295935943025,-1.200531423373113,-0.9981221570768479,0.2584880121196358,0.2601907547711102,1.2556375570329907,-2.185561714904921,3.398515083623381,0.10775299642064905,0.11207200309858135
AB_cv_A,99,-0.8989851200858743,-0.7136467925262998,-0.08624272930444943,1.0354195033925715,0.12138317237689322,-0.5316024003326937,-1.3425146078239925,-0.8430386074169661,2.3278966541398676,0.014445432163211116,0.2956370025921121,0.0010903017391584112
AB_cv_A,100,-1.3278191508170507,0.38625833247843633,0.7146199340355588,1.1073639012122538,0.6876489693779233,-0.782555423365414,0.5724340592177064,0.8130857864172871,-1.9617985993635152,9.88331744088769,0.21179341044009928,0.00806383642544978
AB_cv_A,101,1.299955154030825,-1.0988411606729445,-0.418090839634951,-0.9475640770246656,-1.1305773914544515,1.197153177428618,-0.944011312236634,-1.2690064451470062,1.9786095905426972,1.0347067059804722,0.5869392300868027,0.027053453835452188
AB_cv_A,102,0.5604099856414018,0.9058297235142068,-0.9129245164088355,0.36423975638178296,-0.05642131516340365,0.59801449193869,1.3341384160143914,-0.09302995939829639,-18.143329616889375,11.267746470127129,0.14555287983034168,0.035471454020071555
AB_cv_A,103,-0.5320700631147874,-0.23269891129778753,0.5541756300870644,-0.18288484866787091,0.889797074548581,-0.1949138232113139,-0.26924484484357136,0.5922181067422487,-0.8431827546036924,0.20271847588500538,0.2051587991234424,0.025188159571024483
AB_cv_A,104,-0.35078886873538884,0.23063900485619193,0.3869008446223985,-0.7089707870094086,-0.3823565997220424,-0.3895037978474818,0.4439118922836558,0.9173566458760025,-2.004643230903202,1.0585565319438541,0.17847713766888876,0.046811472751160224
AB_cv_A,105,0.37894904609734525,-0.9052188352609438,-0.7456393815889052,1.2152622277663354,1.2597273185697333,0.05681117186445328,-0.8129506612274214,-1.1539075985647385,1.6480343481866573,0.013661563313518083,0.50299211679279,0.0044417971479459905
AB_cv_A,106,1.140073136647773,1.0966915185042663,-0.5851951809273895,-0.07485952044479705,0.2710310227164281,1.0018438864511372,1.115928426498791,-0.2514000594051704,-12.20357795305949,10.98606733827564,0.10848594830845354,0.04529741177053467
AB_cv_A,107,-1.1681169612282398,-0.38574808705720476,0.8817344181093045,0.6028752701139268,-0.8459569035345007,-1.3243932405140668,-0.053911624915724765,0.4446808690043207,12.125945294227199,1.648702073028965,0.19408146063525744,0.0075118989821990525
AB_cv_A,108,-0.7176135805862192,0.7129249895509753,-0.2533573166651737,0.15224144060000033,-1.3247318591271648,-0.03367589568686569,0.8213268685300694,-0.5176170877833577,-13.796260972660644,9.25152884200794,0.18989214327790402,0.007842763901816336
AB_cv_A,109,0.7024837579369374,-0.07632504647449823,1.2132338315997624,-0.6856063041152447,0.4906386683880355,0.4097114149429171,-0.4348577867181479,0.19437118182921753,-0.7682704360759129,0.34297785818296217,0.11834161161763744,0.04956900318182701
AB_cv_A,110,0.12344890936843567,0.5399252108495354,0.0307054732133627,0.7967972103936993,0.6943102461656119,1.3474591853072118,0.04468936298456727,1.1730301497986362,-6.412559929123993,3.0531946478614973,0.14988644623932845,0.060222593638456334
AB_cv_A,111,-0.10809698872888607,-1.2890375861106587,-1.1014963022261832,-1.3085646840361498,-0.2493910708618925,-0.9816092546464268,-1.124474773277079,-0.8931575086536019,0.39752207313515225,0.003906571862910449,1.1956176759325747,0.002211429540469899
AB_cv_A,112,-0.03452082448730742,0.6748225806264083,-1.147135262453218,0.44836668033177207,0.007866176201897224,0.44883119802536475,-0.6510258572194909,1.0965629933523389,-7.401100834630015,0.342124729306018,0.19101725728179483,0.04317174526676531
AB_cv_A,113,0.018322818233154514,-1.305816607441664,0.15750851876329364,-0.26150963394847326,-0.9492037707221759,-0.1703025528687352,1.039016666088391,-0.9858727707030637,26.133051560812305,2.997653543486196,0.3749080247230338,0.026681765483094432
AB_cv_A,114,0.8018031480887811,0.8478139311103872,1.3468484571487653,1.2018983309955649,-0.6384143105479916,-0.9317177965012062,-1.2553879743776941,-0.41944149763348115,-5.731546239720513,1.8804859420248743,0.09423398003977805,0.04813454085367181
AB_cv_A,115,-0.7861656905966544,-0.09309630062470631,-0.29489228240980303,-1.036765593524469,1.190663648811263,1.2217851619747722,0.17441928779996174,0.2654626228680401,-1.008699405545005,1.0301349622826035,0.25984049819459343,0.04601231229924432
AB_cv_A,116,-1.0511452583406022,1.1570789839304958,1.0095744339391477,-1.1059966424140746,0.9708867932468237,0.10405979509994534,-1.0311471588814312,-0.3279068677225856,-2.7972759429049225,0.7495059412971694,0.20563741480989087,0.022625050982451718
AB_cv_A,117,1.078342914676883,-0.4769362046476562,-0.6318278548476631,0.9462182967537041,-0.15947013473379745,-0.5125746484700081,0.6582174661635907,0.35192064613303686,19.42502732457931,0.3857485687352597,0.2851137381209231,0.025589221466699237
AB_cv_A,118,0.43497864281190823,0.29103489849988207,-0.7854606820840639,-0.3628990010223343,-1.0823385094751576,-1.2880432113807565,-0.18144258544794423,1.0154872958614531,-2.260122771058681,0.1642144614275756,0.17553318787648,0.04248048711068486
AB_cv_A,119,-0.46263110270143637,-0.9964147200321922,0.5188446483606901,0.18152326548917008,0.5734524688275489,0.8680319337115294,1.2476887615768428,-1.082855830054429,10.071961453489207,7.938902658154964,0.27010336319870365,0.07641769335185693
AB_cv_A,120,-0.6493378277981303,0.9987546942808436,0.6873024518931301,0.7076356659546474,-0.7536957891659716,1.0632551969644626,-0.7264481238567856,-0.020579261719968267,-10.295233389083625,4.850298126596723,0.161490012456301,0.010014953353496364
AB_cv_A,121,0.621843980557421,-0.2914393419044967,-0.9539292894344746,-1.2139056281843565,0.20081477872715126,-0.7461220106542106,0.3560567499549414,0.6917420464266819,-0.6073857113583305,0.09064212011803405,0.2932935144542284,0.019039287291215616
AB_cv_A,122,1.2436294955205571,0.4791864431692252,-0.4631996071429957,0.07348744330906198,1.3847969633107413,-0.31790131091334306,-0.13972676162146147,0.719021844314937,-3.6778192664109355,0.1762292689245752,0.12339950887239881,0.065240854606213
AB_cv_A,123,-1.2162731439058743,-1.157584070167142,0.8409351758425523,-0.6015240207974437,-0.44138285638486896,0.6451771081070306,1.2030960029034403,-1.3468325277144777,12.744463934400551,12.796894866380164,0.31974302281394246,0.03858896227479121
AB_cv_A,124,-0.9729419588160975,0.09406677216556636,-0.12625312760018637,-0.153613868911463,-0.3090968319000975,0.7232254203556681,-0.3490334368139123,1.3280485821828056,-3.086048065063264,1.0910824759387487,0.24305325344218484,0.03847838885529525
AB_cv_A,125,0.9887592441024651,-0.849514171634803,1.1782201061571194,0.6869572435707918,0.8187003865312412,-1.0836591109628904,0.734147352150684,-0.7435596078969593,7.341634393570452,0.16797435877205902,0.13720300419017306,0.020080029276527973
AB_cv_A,126,0.183530849329538,1.3066864361504924,0.3259772294006831,-0.7981326413093967,0.41974283739379703,-0.6681431950491817,-1.2109655359321447,-0.618467542135053,-2.830619016923542,0.20064691055007552,0.12672554904088415,0.03160049561903731
AB_cv_A,127,-0.19954911041903278,-0.6766125568779064,-1.3155929626986793,1.3099209324424013,-1.233150331763597,0.29752457688335654,0.13253512685561697,0.07726985378332918,55.64474993527687,1.7354031508102827,0.6043717319783348,0.009685550085936682
AB_cv_A,128,-0.20886073107980008,0.60089864654542,-0.9871728671433527,-0.9991705689718242,0.6185427040694427,-0.9538395537073923,-0.15202270718306288,0.5283555431716105,-3.5602604067646464,0.07724266281182231,0.20332361306370056,0.01855165560013023
AB_cv_A,129,0.19318090010466737,-1.2308142127014252,0.6527050762615698,1.180635208771892,-1.1913916438409597,1.3738723460542797,1.1911094276647474,-0.16179719811011295,161.90367987665203,114.62059180655187,0.255448598276526,0.008388538737736007
AB_cv_A,130,0.9794534281699001,0.773813652459103,0.8510556807303746,-0.30185349683707186,-0.03618157581759718,0.4266185482779352,-0.7146810127904046,-1.248765701335332,-1.326938222376898,0.1987864981311908,0.09985708854765032,0.029380369577197328
AB_cv_A,131,-0.9632976714543787,-0.018186125663387287,-0.45443288984915775,0.46155152137846733,0.9129136144682353,-0.01812513728464782,0.36891061046061235,0.8389187041576684,-0.44045811465890017,0.35944454662610625,0.2696457724366117,0.03131993006361105
AB_cv_A,132,-1.228287888085829,1.0818306680583551,1.2126879134382673,0.20819098215955845,1.0397857435138602,-1.3101738925819009,-1.1818871915553348,-0.8197963130185876,-2.0313028447656643,0.6902261494520574,0.19849184739365505,0.011374037110467269
AB_cv_A,133,1.255982711129665,-0.4032740669071939,-0.09313910791302282,-0.37340734593294744,-0.5968616233399943,1.0201273807493318,0.16056902813960638,1.2729650089812476,2.2263344087462857,4.015535784382466,0.1694449609499606,0.028125330810467995
AB_cv_A,134,0.6098260757959186,0.21569370181215808,-1.3244046253212924,0.9167984365640438,-0.977874836466806,0.08185078105416554,-0.3772868022702134,0.08886113942589313,4.9756310037791955,0.3410874273888849,0.24607142146193617,0.008814018127165242
AB_cv_A,135,-0.6369814929222658,-0.9228295878986892,0.31581176885538786,-1.1035698838637569,0.14450733487557432,-0.36040020755090674,0.7056269227179437,-0.5853845911710781,2.2196968675298656,0.35801919587037295,0.292780195069862,0.02892764131681014
AB_cv_A,136,-0.4719427233622038,0.9207115515454893,0.14869693360591474,-0.5680019529901094,-1.3451009447563798,-0.20913582561883204,-1.224096479251187,-0.9104835094198083,-2.9398683379483748,0.144082411453064,0.16793758076041054,0.00620995478128617
AB_cv_A,137,0.4446286935870376,-0.21515160268669997,-1.1573006352045814,0.056293972647381896,0.4677312122993351,0.5797336521158478,0.20531679991062068,1.1497837704002507,-0.5155006534079329,0.6440351912195124,0.2981822267897829,0.03429217500164831
AB_cv_A,138,1.0690370987443176,0.401224943626173,-0.2604245525938891,-1.2555937297857598,0.7632865867836032,1.1721109137635535,-0.6817885178507775,0.25539303846071015,-2.1246418007164825,0.31588291505111604,0.12680619399616608,0.0376642175286033
AB_cv_A,139,-1.0415009709788834,-1.081209409792432,1.3799623890419974,0.7221614405308292,-0.18836831305151103,-0.8116563591866367,1.007251868710754,-0.4513411981339799,29.976916927630313,3.2326345592356773,0.21903367346048724,0.011014973593422092
AB_cv_A,140,-0.798180434776609,0.017353309843370912,-0.6217074274250749,1.332540150724032,-0.4027286393588475,-0.5593694467963759,-0.1969405926079728,0.5134469870524185,8.203727635619824,0.5894509622098097,0.22606713164996278,0.009787354571968646
AB_cv_A,141,0.8141563636978895,-0.7718914740392362,1.0183410634390537,-0.8045891826479341,1.236816867158651,0.23207219689721548,1.233150584816695,-0.18753374135285705,1.3655810706030809,1.1322237587132231,0.1492908285322021,0.10064501111511394
AB_cv_A,142,0.006304913471652185,1.2300605560218736,0.4856011481170459,0.6561752966784102,0.34001564695011033,0.8320781624897726,-1.0164741306419112,-1.1797367514947465,-4.093647582780557,0.5198601800952685,0.1334067226886751,0.01700699194242404
AB_cv_A,143,-0.022164489611442795,-0.5989075550533738,-0.8200579699216924,-0.14982171847510584,-0.7849259034232201,-1.1491898237936666,0.6732421710724894,0.8971147917293074,12.315337310605027,0.21239370607103347,0.3545001559126068,0.019595106173066958
AB_cv_A,144,-0.09607891870821761,1.3649522656723148,-0.7788195049424277,1.0005430954059167,1.0372854936960334,0.279261915568763,1.1036258705705537,-1.100516377344599,-23.32307984713302,4.49944751216851,0.15259793896572343,0.03796110820337849
AB_cv_A,145,0.11109240923340535,-0.6156815772946107,0.3523669336748916,-1.1819862566787669,-0.09594823485843529,-0.6823417306551424,-0.06589423393443572,0.9925779831893109,-0.44494466055454907,0.14942400431915703,0.19753818492323091,0.036031429139655166
AB_cv_A,146,0.7144983368577262,0.15224782889963207,0.8918337749882406,0.3031889845606075,-1.0998706839616934,-1.1127835135856705,0.4556856137166725,0.41261336847824914,8.803429628349127,1.9446144842798907,0.10971740951368394,0.03269111140013252
AB_cv_A,147,-0.7299666309361615,-0.7886676446496298,-0.5764496219711356,-0.4629078369212549,0.547628281419041,0.6981649781823547,-0.8001007669417322,-0.26129907569589883,0.2704947481082876,0.09706802898155947,0.41657206990593415,0.007166532177119503
AB_cv_A,148,-1.1588113105548405,0.46161798654925157,1.247722797218494,-0.2068558456117504,0.0742672109368252,0.6187854207228309,0.07376374114139561,0.33457374008234453,-2.270016086619739,3.4694516499883967,0.21366585727952883,0.018270843375124704
AB_cv_A,149,1.1304290145452203,-1.172402443843069,-0.2202221489691243,0.3720507205292236,-0.8856795778758868,-0.34564951783211284,-1.0964342616264535,-0.35592294683840286,5.090200805607247,0.028796368593839147,0.4912897147988077,0.00252637014602401
AB_cv_A,150,0.38826083201727846,0.9811017850627477,-1.1103714295328497,-0.9154262199908876,-0.6559540662987629,-0.761694263076693,0.7930774692937497,-1.0113620888157997,-6.795855247739732,0.47400791253867697,0.15701766493308233,0.023071394318355972
AB_cv_A,151,-0.3604390847696841,-0.30634248836818,0.020476558312712,1.1022184847811547,1.164831838823728,1.0463265902665755,-0.463384826517524,1.0759787841860915,-0.5830175043293193,0.4054670415500597,0.2189174468934892,0.03953465168058062
AB_cv_A,152,-0.5200519930941191,0.30862433270522693,0.1891154652335798,0.5666348336293512,-0.2914353937597365,0.8944262549136852,0.29148886026425336,0.013747125029963003,1.6728947822083158,4.125761180612103,0.19401581025658263,0.0174727622712411
AB_cv_A,153,0.5480534855063715,-0.981575017595167,-1.2790000284132446,-0.054948342142539186,0.8443154074792123,-1.260297638279943,-1.311621061933315,-0.6875771358664217,0.2622413150499888,0.000678214299187871,1.0508681253443972,0.005312630818427367
AB_cv_A,154,1.3119697329516138,1.174753201252295,-0.051753851479649615,1.254252989919358,0.3534741442646592,-0.4969997622295693,0.9217883621952552,-0.7229738649190787,-34.27083852688753,5.740222262366799,0.08927491989194569,0.01723252142940997
AB_cv_A,155,-1.3401722011669932,-0.4620120599412062,1.0792646838251179,-0.7207998831738733,-1.2968806544332494,0.12098576797987604,-0.5949726542659493,1.3535337326659518,0.6661504159103164,1.2785599050428278,0.2545770638287026,0.039707740422071855
AB_cv_A,156,-0.889679469412475,0.789527103345798,-0.4079915705499466,-1.3338805394147064,-0.7360313970180201,1.2400451894714093,1.3186443750743442,-1.3239193676023795,-4.341545190776866,70.59218136162939,0.2235784289381418,0.02616611673905877
AB_cv_A,157,0.8743698706124416,-0.1540485883117051,0.723365415526579,0.8059510498658262,0.22643279499750424,-0.9175166270772892,-0.283789631970355,0.7366811986405029,1.6298421684082043,0.400141710185041,0.11717554823627825,0.06573009935207574
AB_cv_A,158,0.2925426998899594,0.616620195131244,0.5209955945274738,-0.6575421061782322,1.318519986565913,-0.14118078406391166,0.5871031212372448,0.6251330511066933,-4.039113325881342,0.9928087312854122,0.13255102162412666,0.07771654823828947
AB_cv_A,159,-0.27737059671595277,-1.3666841120122084,-0.9474583498911083,0.15116770015567593,-0.5051214213554204,0.47389427401663453,-0.9289799969610997,-0.08126814695392204,3.33121819902622,0.1350372593813421,1.0758202805986263,0.0037723656070191647
AB_cv_A,160,-0.3430154313294793,0.734224572078124,-0.17182961469816305,1.0624468627405694,0.11061794758593946,0.16374105388463178,0.5132285221816257,-0.6152559394019698,-7.302992194267359,3.9402920662494747,0.16287473734292815,0.0122228224705006
AB_cv_A,161,0.316325384014299,-0.05506508483237327,1.134337179498212,-0.9027488381991738,-1.0090564523232126,-0.45311037497014506,-0.8292138312364271,0.07540155501589352,0.024174029607850533,0.21410572693264004,0.13619903843876416,0.029345541034469038
AB_cv_A,162,0.9373520495450298,0.5606345702656819,0.28619802867803656,0.4064101875162536,-0.5251530890826642,-1.2174209643534868,1.0460935541852645,1.3353187073059283,-9.52847346080144,4.779792820837922,0.10177769421068214,0.09373173756347859
AB_cv_A,163,-0.910545659777058,-1.2683733011320109,-1.3543581383437286,-0.22494554771618547,1.1196172615525433,0.9381942644801067,-0.0367917617194049,-0.7521941901589644,1.0154428244084708,0.39887247842040285,1.3983581053637564,0.037976470339390805
AB_cv_A,164,-1.3596450915038956,0.2525759919862067,0.6389985223568344,-0.49150054399950505,0.9007724986698584,0.519390145627747,0.8262525780644572,0.7334102601203389,-2.2870755928815014,2.34661112573903,0.2509090025286337,0.047185781660007406
AB_cv_A,165,1.376350830723523,-0.8832424751346538,-1.0005422923496574,0.3047290966997922,-0.045615250701077414,-0.1000346266574983,-0.5168670022510942,-1.3598564760522995,3.4297344592431904,0.06170647274372261,0.8584136856567387,0.008704289164390925
AB_cv_A,166,0.5705327705892784,1.1193864667986697,-0.5057088841219174,-1.158806365690736,-1.1412565368773684,-0.8719732382916323,0.04059921412165468,-0.00212704555991583,-8.20865817193866,0.28037620859007145,0.12599302799420703,0.029488100296002226
AB_cv_A,167,-0.5870164221473358,-0.36300798169572035,0.7994425577591844,0.9935900019173471,0.6768004642960552,1.281143840031976,-1.0429626676438497,0.6719465159722839,0.043155294093725205,0.4369772480295172,0.2066383826450204,0.02608752690381902
AB_cv_A,168,-0.4271415780449537,0.36499909384516216,0.966726701024119,0.1100498769496907,-0.856637205771579,0.7393047008099958,0.8710138184574918,0.9973762572493958,0.3701223728032401,23.547457489756713,0.1687218390016977,0.014399214819858836
AB_cv_A,169,0.4108166320939959,-1.1201401028208253,-0.6729820169949244,-0.6434821662046212,0.2601816913387305,-1.0672785630491317,-0.5590899238281328,-1.0634016424071924,0.9119861929815503,0.006236161954680875,0.6393649158697208,0.003895323157240106
AB_cv_A,170,1.1950611409901277,0.8851646742119168,-0.8334261556842528,0.8416507686882835,1.2707035689868402,-0.6412392688050622,0.34225283257974803,-0.34195889849580374,-4.252192787530489,0.12696199859424878,0.11996206846245167,0.024680226707738544
AB_cv_A,171,-1.1781967787929832,-0.2534087871488273,0.4718931895094005,-1.353358749031011,-0.371549378445555,0.32480413721156065,-1.347493220948863,0.3646083746978406,-0.9639581618490247,0.10939189667937875,0.2619309623178471,0.010260822069145633
AB_cv_A,172,-0.7507510180136253,1.2689945800553295,-1.1872529087832733,-0.7507592835540946,-0.23850056929449082,1.0902227428231035,0.5552824869189301,-0.4270526350454328,-9.205773430217905,7.052050747544995,0.21661423118128165,0.025579254479514566
AB_cv_A,173,0.777737163274953,-0.562683672889307,0.11908178872565345,1.2571128617573988,0.7050313467592708,-0.7189483866156955,-0.8741446895058598,0.2744380521597085,1.8178925532066077,0.0348277552361949,0.18373127749576026,0.011856589693094171
AB_cv_A,174,0.1349678037498132,0.05560720461522717,1.3016104156581976,-0.030406385109182033,0.4798752614479067,-0.30188565007353674,1.3504544482990883,1.0930161624012327,1.1843846090054693,6.190855981590617,0.13445053634485352,0.057881492377653165
AB_cv_A,175,-0.16147801294205455,-0.7363425877739282,-0.3391136546761193,0.5583573531852801,-1.3356646670410364,0.6616635923104781,-0.3386143783320241,-0.9836690784584394,18.619243206036604,1.4974756281264834,0.32232877051471037,0.009165058268634268
AB_cv_A,176,-0.04587049348280603,0.11604521868882567,-0.20651559506438888,-1.0638083839470829,1.179683246257613,-0.8530935947920334,-0.7424270481004477,1.1870799495731148,-4.03802489849178,0.26141106138516834,0.18219034582818106,0.0593057067558606
AB_cv_A,177,0.07187306783220215,-0.8275806342898763,1.261092222424799,0.9040895315864355,-0.6492253121278988,1.126906027393144,0.427794096114976,-0.9058428409604999,29.621792808947475,9.81950280277902,0.17430202313771206,0.018456176910820955
AB_cv_A,178,0.8351098109020663,1.3294244964297992,0.07175255258547142,-0.4077558645002366,-0.9385196881816777,0.5382490749237705,-0.12426610045075126,-0.4995031571358973,-13.181261057494002,1.6111263304129864,0.10499373955102341,0.02985577700500976
AB_cv_A,179,-0.8612498705487911,-0.6539142827427896,-1.0587583065616595,0.22631270322738617,0.01871965971613787,-0.25429336007386305,1.1322153705881155,0.17491393688741175,13.949694210141649,1.2089621538180373,0.5048003205030498,0.04277733647495672
AB_cv_A,180,-1.1059640372970778,1.0200114540266292,0.4310574404600318,0.4901545158397944,0.5842226720508752,-1.1932962324883567,-0.42940195934782954,-0.24785017115949537,-4.62134577163088,1.2712845195944058,0.18856451966635018,0.008790696281348471
AB_cv_A,181,1.0885919576275052,-0.27013792086912747,-0.7004687710023724,-0.3033622510495275,-1.071399277111212,0.7895398050620022,0.740142619006759,0.4424742847242933,12.320469925911624,12.560992334886713,0.24842450031053545,0.012140493532991988
AB_cv_A,182,0.511500577507352,0.4998539713590038,-0.5468358817937844,1.1574445346232862,-0.1703670607512735,0.1878442452503568,-1.1297614733841481,0.9249653870300489,-4.590121363003064,0.30307604782370223,0.14692056693929065,0.05436735104553999
AB_cv_A,183,-0.4943294633122083,-1.1368766732035906,0.9217872880106766,-0.9922496597058131,0.9601588963699668,-0.6017862509432802,0.12604277075722026,-1.162880796857667,0.6122325474573289,0.03307795985077722,0.25264306150475707,0.009821083325855523
AB_cv_A,184,-0.6596298381318858,1.1351448062063014,0.7533176891052709,-0.10869352525646048,-0.4522789561065155,-0.06066497171621377,-0.6445652102235507,-0.10030248077932447,-6.735013848414684,1.851180300083827,0.15509172915306266,0.019506973165567713
AB_cv_A,185,0.6766211142040908,-0.4989153741797664,-0.3783764256696853,0.6421466320019451,1.3740702232480462,0.38251626073369493,0.9578443539576427,0.6008549200029933,3.19961799590764,0.7980526340160441,0.24400250904027249,0.077589343314706
AB_cv_A,186,1.2752862108215226,0.26833714079965887,-0.8691063765073088,-0.8402997672605492,0.21158382513631624,1.3314649720085294,-1.261330378958078,0.8098772409787729,-3.1792666914621686,0.24743845905146378,0.16541282265287047,0.036315460148705785
AB_cv_A,187,-1.2928380459844513,-1.0191520159878567,0.599684696609704,1.3519862587473612,-0.7427573830978553,-0.9980742913087506,0.25473490674339616,-1.2671410384149737,45.658398132353014,1.9197349619731716,0.24834893659315985,0.003547168170820626
AB_cv_A,188,-1.0264492410320116,0.6535201886934392,-1.2273856659983102,0.7521106361575562,-1.2224644313722741,-0.40560394743585304,-0.960298235668563,1.2371882329083415,-9.78983957771241,0.4445640824097198,0.2242430705741414,0.02860528793065015
AB_cv_A,189,1.0001505584077701,-1.3270737596779687,0.24039005480342923,-1.2584850421801126,0.43059780824053084,0.0404097548166511,0.6427885554101287,-0.8232461342571374,1.5157639131060658,0.5141252977208535,0.3759887892561495,0.04548289733585978
AB_cv_A,190,0.2586566745914809,0.8271073811000609,1.0926328695876786,0.031763046663348504,0.8077184966450985,0.9749607467114785,-0.2531270693322871,-0.5387492860150226,-2.23808234241088,0.9777024488817077,0.1268783076389312,0.04394590893575264
AB_cv_A,191,-0.2328128058491845,-0.11376339500917454,-0.03804589287200422,-0.5596925362122287,-0.3199096513308297,-1.3516520143378103,1.2636147822300219,0.16816193281764558,6.024183466482622,0.484983918352245,0.20082626754314095,0.030856228136898825
AB_cv_A,192,-0.2462142448545328,1.0885545160977317,1.3621657379178387,0.6180080338599263,-1.0390387514266084,-0.527624638031289,0.8035658823996508,0.19740059924277142,-55.116128872407785,163.1744711549245,0.12758251878248011,0.0017481953827674574
AB_cv_A,193,0.21818099169633443,-0.37217668158190564,-0.28854261985463525,-0.08988519108694626,0.09690241804275646,0.24367982512198205,-0.4522968583220962,-0.47659640598082653,1.2453315375471767,0.12787450707959688,0.22975494572885596,0.009154681439598723
AB_cv_A,194,1.0355063574129482,0.2225079466152804,-1.1313035040789619,1.370751708163325,1.1008236690170616,0.8637915513559433,0.06246093603030123,-0.885220327818207,1.368563996438052,0.4510128502096305,0.2160767114691277,0.04213662188717396
AB_cv_A,195,-1.0073356086287233,-0.8916520518779407,0.16335465213301914,-0.8645647060348964,-0.5493830677969007,-1.1376148962263521,-1.107046288588446,1.2077893890366698,-0.5254203909616564,0.07055551388171348,0.3107569547733344,0.019541506427902536
AB_cv_A,196,-1.2628538412362986,0.5209842200489461,-0.7916445845314878,-1.2830416272318261,-0.07526176383676564,-0.17723071546282454,0.4451046451491709,-1.1399300919288167,-0.6307586046494864,0.395090090740906,0.2814120308844973,0.024352324668244205
AB_cv_A,197,1.278195180124882,-1.286365347980273,0.503352022452251,0.771167060485525,0.8873927964091746,0.5911618088864499,-0.8114346717621088,0.9473261167366458,1.0398438379324322,0.083693727497426,0.2611224025400826,0.025367695254039372
AB_cv_A,198,0.6686758614913113,0.6939793766580895,1.0035638625350056,-0.5405097712519314,0.6576657561847659,1.2040050961572162,1.1147462605485907,0.4632276882903259,-4.599943490453615,12.981982514981555,0.11049298027591613,0.05629599501599008
AB_cv_A,199,-0.6838162658915594,-0.07364686417848909,-0.6474829460092261,0.007249346365185261,-1.1658275898526211,-0.800237766790261,-0.055438201296352574,-0.22735358033726727,6.713914547552221,0.19818291323309326,0.266775505919441,0.006040889822989478
AB_cv_A,200,-0.5022733836229624,0.07561136960222159,-0.46953769639220166,0.8799512639627485,0.28976670740730914,-1.3420783417012447,0.5766576858431747,-1.2874671024353914,5.984263245584296,0.41691118975706554,0.20599168686169342,0.008913833985465755
AB_cv_A,201,0.4873128380030489,-0.6946852527813009,0.8256294580507431,-1.0450010413325639,-0.8432766529167434,1.008698562942066,-0.9401109428683587,0.7889559134427933,0.013642279144524538,0.6462579581602148,0.1613235168781488,0.02921855230630098
AB_cv_A,202,1.1185748506310287,1.2882295410903055,0.6814678815006687,0.2450784831616819,-0.3524365052015599,0.04995593762383965,1.3299042231310032,0.5783263076412404,-52.29801147852621,24.48812371501436,0.08643386827140681,0.03848843978173289
AB_cv_A,203,-1.1030537355916934,-0.5217801624175715,-0.9697494745027689,-0.43202179482957914,1.2952105220631205,-0.371818138910619,-0.27313464795392717,-0.12308261759157313,-0.10312052716733189,0.017976523170987586,0.453349660713155,0.0052581360888372146
AB_cv_A,204,-0.8258927597989836,0.8923210907002039,0.34145960407648746,-0.3279178445462454,0.7349521901103488,-0.9855850235091428,0.9324109864012604,0.14728192523748884,-5.4457310202385205,1.8687824582116561,0.1825349946517534,0.020472250628906657
AB_cv_A,205,0.8542221109033294,-0.22458365596461505,-1.3094193011551922,0.5092106096494313,-0.22480423047194753,1.3622653788661767,-0.5836804050840766,-0.5592039165021595,2.8611945968799977,1.1987938443142279,0.3949848980438078,0.017132029889085316
AB_cv_A,206,0.058470296424828705,0.37275565415875467,-0.11060827734256007,-0.9730659031905204,-1.3168928680580578,0.39490582044842815,0.2803268353051076,-0.8459849614422608,0.6430040931925344,2.9736906350502417,0.16734244024042014,0.0136477717156146
AB_cv_A,207,-0.08634486463332292,-1.090730537760766,1.1842204263286271,1.1329305038067916,0.5040410989483792,-0.029700725888625934,-1.3220354595902901,1.2145310437511714,0.955605202108986,0.24703518023446935,0.18688794997999245,0.05124957201815023
AB_cv_A,208,-0.14265986392739083,0.49812614288258095,1.0509444942757813,-0.6193484018932051,-0.6195814637962608,1.228467968933168,-0.3667990605296738,-0.7735395520572412,-0.803128580496093,2.360595636264737,0.15399645129567177,0.01875108039526661
AB_cv_A,209,0.17002679729303982,-1.1602576613569486,-0.06941150931659079,0.09124703764744257,1.1930603250290381,-0.949231028155851,0.7167155622787329,1.3140602717289134,1.771159978089546,0.08295334222076357,0.3249434642488162,0.03543073949193327
AB_cv_A,210,0.7369646749178551,1.0176990160864954,-1.264119055081711,-1.372118538320543,0.037851703023376926,-0.15278876346440562,-1.1931893459584637,0.05321269484182989,-3.5464907812627517,0.04647956167387143,0.14597467026258812,0.017285321026933604
AB_cv_A,211,-0.7644479404075981,-0.2941188772599268,0.21499477690261215,0.8659107083728623,-0.9139512586956835,0.44214783331728436,0.1499563504696484,-0.6370247107763224,20.78869634038827,2.739205637427108,0.23359773507288065,0.01056177105875628
AB_cv_A,212,-1.2027646247075479,1.3148221474697939,-0.9295896560993162,1.281674445898881,-1.041414313203766,0.8830099968030278,-0.7252613306499405,0.6507320444977467,-42.021186064489534,5.044406223628123,0.19860119629993395,0.0069999983248236804
AB_cv_A,213,1.1867357921957848,-0.6901853154126265,0.549185725113249,-0.7698213680084953,0.5979408250833167,-1.2921908497760057,0.35757605493226996,-0.0235983297782576,0.8696769876657292,0.034945949671108464,0.16220662949118267,0.01703638419775456
AB_cv_A,214,0.4133455053157913,0.1021965393192441,0.6974509036552103,0.5391690933577167,0.9789551537094983,-0.5084276091392352,-0.14090298857038697,-1.3815812936528724,0.7341252243280098,0.09950934172110436,0.1321823344443862,0.010203164481202438
AB_cv_A,215,-0.397538791451692,-0.863082308077227,-0.4225666491654043,-0.0058878509804165535,-0.1461344585477784,0.0890823310729234,1.2015661316681923,0.7110954672975127,14.966249653630443,3.163865557734851,0.3751298213864738,0.03844050687726969
AB_cv_A,216,-0.5844862165235155,0.8613238343542282,-0.6020359911112192,-0.8786160654427531,1.3441467564077094,0.630202339870152,-1.0269202374013426,0.38675524355071955,-3.9994144563239735,0.1584906538690264,0.20208810382719877,0.021060599633596036
AB_cv_A,217,0.6001342454379108,-0.10121018224106249,0.876909937560552,1.0436443539566531,-0.46597795973310874,-0.31375696737271364,0.6621118965305917,-0.32006355409342047,21.652306516397573,3.743924651720895,0.1224548403528072,0.012409373215332626
AB_cv_A,218,1.3517816730643293,0.6883265293759278,0.3698869925988275,-0.24370632856071284,-0.7615318055700925,-0.7502670772036906,-0.18568009384334805,-1.0417597900722488,-2.297283791047149,0.15858401569349065,0.09439734874393939,0.01869918229064838
AB_cv_A,219,-1.3679691078962135,-1.313925856637026,-0.7503011076809931,0.430670457719164,0.18741532283179363,1.0782306882101917,1.243804918125157,1.0184228460687772,19.850862872370616,17.422115042750438,0.8146657711295844,0.03004621026966947
AB_cv_A,220,-0.9513168363895266,0.29377254310952083,0.03570629045647622,0.32929035032294207,0.4010154156612109,0.2908384750703408,-0.6711652429368063,-0.9617324244289309,-0.05785229603489328,0.12867333447984194,0.2280741017859536,0.007114365101099467
AB_cv_A,221,0.923653794749032,-1.0153748860603746,-1.084820260595102,-0.5105616368989103,-1.2358223194230595,-0.6506266685399169,1.0185434671846607,1.1150344544586945,23.71260307841576,1.4568797266114244,0.8400765096511248,0.021623704472251964
AB_cv_A,222,0.3351422006269378,1.1598212609611285,-0.24887060519412008,0.9744014115714521,-0.3390199010855661,-1.101174873148513,-1.235259175575694,0.295525960934913,-10.316073770460292,0.5888951490886767,0.11823271028197839,0.04237564064002731
AB_cv_A,223,-0.30795512604162334,-0.49590232517015975,1.2304137742494092,-1.134286840006975,0.7832142083728681,0.7299107578450414,0.19490307361900716,-0.40553934917720846,0.1763135670396913,0.6308086836473141,0.18383022528241638,0.038027729012503
AB_cv_A,224,-0.2853541895552201,0.17545372238454737,0.44666222053427695,-0.07950455019678038,-1.178052244159359,1.123481965927078,-1.1627330758207508,-0.2842917357954915,0.4833463459448224,0.6987695158955093,0.1792586854298267,0.00889623570402546
AB_cv_A,225,0.2683099995638345,-0.9414165832372285,-0.8486741592945468,0.5856915523252091,0.6481488733112564,-0.7088736817563971,0.09377780102094802,0.3902100225642462,3.7592712175033016,0.037070558383997095,0.5506871585168662,0.00865404611075353
AB_cv_A,226,0.9043130910874517,1.0421751225065916,-0.6557756922687469,-0.7016168238456869,0.9374417207177503,-0.26863797445377924,-0.3972658917609573,0.9717825831377447,-8.917220033066291,0.574376256991633,0.11534001508209085,0.11224824644616364
AB_cv_A,227,-0.8868141285289126,-0.4212609184204281,0.9956108891205695,1.229739666618667,-0.017089855746836857,0.6717280304440953,0.7729046728210041,-1.1210556256890243,25.231051199399804,10.92277675795196,0.20933522295649576,0.01644466017743894
AB_cv_A,228,-1.3047701295953638,0.7437405770123149,-0.32357297708302113,0.7818120747263355,-0.5831864376906859,0.7724029614863863,-0.09149281934192355,1.053534779352929,-11.993845787932326,5.07490113973698,0.22855767045398148,0.014166260662594268
AB_cv_A,229,1.3311217054813904,-0.026590672330812026,1.3267982519910222,-1.3150724996130814,1.069727740038173,-1.0570250477723322,1.164340169565613,-1.034226843485337,0.29552011291395686,0.13597522048060837,0.09587818555279863,0.05716699623066348
AB_cv_A,230,0.53469567492082,0.5700717465777396,0.0900807623989135,0.16993285520375045,0.16869432554928165,-0.6081717256761329,-0.7746820713006726,-0.37650284377329,-1.5186320272004237,0.08907742105260497,0.12720443273229132,0.015474002422661079
AB_cv_A,231,-0.5604866917161229,-1.2399879633208684,-1.2042402651146369,-0.6818074219500515,-0.9591241906570622,0.3350255715527801,0.3948125884571174,0.3139062557895318,8.577455845291784,2.2636016284189022,1.1266736104552357,0.013410939302487308
AB_cv_A,232,-0.37379558361060616,1.2378119210004381,-1.382354822747123,-1.2065421342146765,0.4539945295829171,0.4862912239146928,-0.22019842395012001,1.3743717437605747,-16.200022266541104,0.8457763974033042,0.19056478011310518,0.07392847528359385
AB_cv_A,233,0.34782480099324964,-0.5694927946582864,0.2681843096394718,1.0195988225467791,-1.3750620906865407,-0.11028748089763418,1.2959227090207295,-0.702561891954139,147.22330566290864,13.639329722360676,0.19248370815233593,0.01242378123732981
AB_cv_A,234,1.1658297537148246,0.0245149423240818,1.148851700958066,-0.4437244470747367,-0.2125771385925126,-0.9050401203838981,-0.9923913255436041,-0.6648802638520406,0.040176133399923986,0.05496325337777637,0.10084170104190646,0.025377809365186303
AB_cv_A,235,-1.1396580262804348,-0.7430715588474475,-0.14563722986803573,0.27867466970492116,0.7444718410748872,1.2709217446540928,0.6099835238840527,0.036361697979727436,4.048170790655249,4.164969548814488,0.36016232003377746,0.04721546713209222
AB_cv_A,236,-0.7000220780591263,0.42046495539440687,0.8176752451925628,0.34791273694472835,1.2234160117247324,0.13048249181732086,-1.2941452950480143,-0.060899466726098694,-1.552484503282163,0.2629661228674482,0.18803992467949118,0.01688148999304734
AB_cv_A,237,0.7173623659966595,-1.0403109500539545,-0.4778290379488124,-0.18804813632845718,-0.4323539993213009,-0.4631857408661071,0.22265174274700672,0.6460963338134154,6.250688479022005,0.2005230732228027,0.46192884714916377,0.01399321381621482
AB_cv_A,238,0.10310750464950869,0.9407106864566213,-1.0267778098220837,1.1209846313842247,-0.8094758032252382,-1.250669301009908,-0.612268531384822,0.7592524685244533,-17.32935295632822,0.5611106376421703,0.14583019425712873,0.031472643118836706
AB_cv_A,239,-0.12031028663231735,-0.17348923761821067,0.6247766748797845,-0.9396918662810387,0.3208597856655864,0.9281304873831531,0.9907842059769971,-1.301097234304597,1.8526259541952366,6.844862011333529,0.17756007783136468,0.07044852687425585
AB_cv_A,240,-0.019594632116504807,0.9672583216855897,0.5842160823416349,0.08085592345763803,-0.10962608531179385,-0.4156667536352069,0.007628262393017726,0.8600912204614632,-10.907000292416871,4.147400311307829,0.1292322205509687,0.0554369406551294
AB_cv_A,241,0.03595132848471061,-0.34184937814795435,-0.8942221701724997,-0.5870637534053187,1.0073408736824618,0.007162430372621209,-1.0752282880880877,-1.227337033324396,-0.012041913637925561,0.009137033618739087,0.3209865787385993,0.007080707188904012
AB_cv_A,242,0.7896268579098129,0.4470104422542185,-0.3492927594312989,0.7029734647424573,0.5234386259412833,0.9648870540645709,0.8583879742859677,-0.1401143769950739,-0.5519914120169251,4.959786866427699,0.13837336603743255,0.0479146856053344
AB_cv_A,243,-0.8064595110045009,-1.2086682811778777,0.7703876646908852,-1.2310748289882198,-1.1186239532606956,-1.3849089444708582,-0.48410427707148806,0.5506276784722397,1.9389613079366366,0.042727226503378915,0.2902886638726989,0.008051639611112691
AB_cv_A,244,-1.0823170877557784,0.14993036088363643,-0.012721707398616777,-0.7804557850052923,-0.8990163127534374,-0.07088807930648788,1.078866163928731,-0.563996571750604,4.851161759992721,4.339096404965693,0.2515229563092074,0.022822517454578774
AB_cv_A,245,1.0552991920772021,-0.8126435709645671,1.1079740690388407,1.3137370273825926,0.04466366518427023,0.34944840774382935,-0.004666291376545839,0.11016157148844163,13.92921799575817,0.6216794358056722,0.13746081041040353,0.025092061647704555
AB_cv_A,246,0.46340057003525015,1.3632294879291498,0.22328752316213296,-0.16858179180382904,1.1403063973782628,1.3212104858341303,0.4809741496893667,1.2951964853627171,-19.29220059185856,11.047525379382003,0.11656021316129085,0.10169261987275953
AB_cv_A,247,-0.43692206994546534,-0.6390676161812263,-1.256166081667275,0.6804348696942146,-0.6750431628802643,-1.0311748862708594,-0.8621959896022513,-0.7979855864734927,5.971905114436875,0.012733799135261492,0.5268711219433544,0.001059887721205011
AB_cv_A,248,-0.6182083047294239,0.6412914545510431,-1.076866047736922,1.2051961680271532,0.8577136394238727,-1.183073785934746,1.3833837443892214,-0.4733198486490222,-5.713157103176228,2.4768105711038535,0.2084966831757781,0.019798564246101356
AB_cv_A,249,0.6448453968106318,-1.363665867667574,0.04399763201308704,-1.0182320388687018,-0.2618126986013334,0.8226083190885312,-0.30630710224928226,0.23333208888105084,1.2682763003239563,0.7377664707804834,0.43731853268548027,0.013812187775700117
AB_cv_A,250,1.2151652619507451,0.814967721648084,1.287442109568724,0.44236255403509994,-1.27233337812049,0.1980993924614194,0.5231887256785275,1.1286539064543042,-26.410484003136247,23.287217888239837,0.08153520610830979,0.0889690756891281
AB_cv_A,251,-1.242024483008315,-0.15027667437664682,-0.19217939857323585,-0.2773342655212001,0.37262734074513326,-0.568686317017835,-0.9069490496665742,-0.9320394114954382,0.18825856037457295,0.015144069085860846,0.2913324261329985,0.0018856680508804642
AB_cv_A,252,-0.9878258448404302,1.2095645926680414,0.9498454591524828,-0.3492742788086374,0.24017210120318078,-0.843030127556016,0.3094372451244505,0.8750105390838343,-13.282682170988487,13.683050197116064,0.17133535551921117,0.021706378485547184
AB_cv_A,253,0.9711730401973788,-0.44886920763352123,-0.5287606966742036,0.18938885037311448,-0.706067586283809,1.1601526908005104,-1.379575713579891,-1.2015901407263878,1.9041995283584499,0.26403576378432797,0.26710935145726156,0.009636131217268118
AB_cv_A,254,0.195749445854976,0.34283575588353177,-0.7149323823104324,-1.122330287710812,-0.4809099723251602,0.5483221065340143,0.9033111480041864,-0.20913293616560313,-0.16235910999215153,5.977559524359951,0.18842118176026948,0.02579118705878056
AB_cv_A,255,-0.1792129836647165,-0.9690167747511929,0.4049159451243032,0.9410590011348436,1.3373373970786793,-0.22103576890415177,-0.5261507225167441,0.492442394718571,1.015000585293135,0.04502275532816962,0.2503995989085476,0.011479748529260916
AB_k_int,0,-0.1912269015488417,0.8716130946721761,0.8495565812682513,0.47983224242128397,-0.5602314076196029,0.9423419028753559,0.5483510888602334,0.2882450939660073,-15.436560262843374,21.50553556519985,0.14409215110263746,0.010570157979705817
AB_k_int,1,0.20810183516825487,-0.24525194847803578,-0.5398946094999253,-0.009139591033417105,1.0901443583349788,-1.2323990274449852,-0.8807528303073634,-0.396915178242655,-0.18203638132640737,0.005533223204324272,0.23640231853115778,0.00377046818070457
AB_k_int,2,0.959154309140047,0.3514521467264158,0.19927142595901026,-0.907647238656397,0.10770864776424838,-0.438132910943123,1.3573964126157045,-0.9649544384894657,0.548700707676586,1.242925013300099,0.11937182772285912,0.06575887755004854
AB_k_int,3,-0.9754686836687362,-1.111989218644355,-1.1892604177405817,1.3793548911838094,-1.0280634925644971,0.1595940145538588,-0.3320168037884401,1.1168920113803467,34.52479931227953,0.44798669731514473,0.7906172773778376,0.007752168669458446
AB_k_int,4,-1.251336929964912,0.052912496402628406,-0.2692704445212386,0.7330738570129338,-1.1551048366673031,1.2986570716866204,0.883037811986388,-1.0602015949048496,32.315434443684275,56.962554738942536,0.28399829022636575,0.011566423643506796
AB_k_int,5,1.2248161390217043,-0.7174240773842498,1.120456315906072,-1.204633773010383,0.6685579103438266,-0.8786560452500279,-0.546743995115371,1.0382291183689583,-1.1957940642166867,0.26723336017459587,0.12193954952470967,0.09884388965058385
AB_k_int,6,0.6355404071738959,1.2662939173484096,-0.7450947932472607,-0.6516949605961158,0.8764583359036442,-0.0933512619494179,0.3302394053087716,0.3723775695911007,-7.675389410889373,0.415887760243155,0.12372417063499616,0.05919777124545905
AB_k_int,7,-0.6085648436635346,-0.5437605300786345,0.6432032913621695,0.18115070677487588,-0.0860268233685535,0.5018763562234174,-1.3598497159195444,-0.30702919442814736,0.7389775681199848,0.06375239120426596,0.22692845859043279,0.004788138025255431
AB_k_int,8,-0.44893598782959054,0.5416531942564262,-1.039446737574592,0.6615684624209341,1.284277879408415,0.30728761070229593,0.8413061232799792,-1.3675396742071058,-0.7084380179536354,0.6753855179221477,0.22880075027569483,0.07782900690345283
AB_k_int,9,0.475752959348529,-1.265656752887769,0.35000469591798455,-0.18954314046187526,-0.3632000774008546,-0.6345531669920466,-0.5021353715620424,0.6983969968869259,2.698350037685736,0.046559417068176776,0.291803755769712,0.011342412611255046
AB_k_int,10,1.0432804610198703,0.7152372519032448,-0.04258782672621231,-0.72117017732116,-0.8325553870639184,-1.073963900538505,0.025535081990817332,0.6688323412640205,-5.927914657510946,0.49584588213032255,0.1071922491390576,0.08886644283528265
AB_k_int,11,-1.0699599265840842,-0.05234391449583509,1.3459439291794475,1.1915028529309108,0.30065704371554514,0.7568204629956183,-1.0576837114175863,-0.04306292875294604,1.0116963780201773,1.0050899097766939,0.19801126078092543,0.0098669405636856
AB_k_int,12,-0.8157719579610977,1.1112936918764078,0.10104113244304735,0.8985670066496307,0.5148481549657007,0.6575192487698491,0.5039127855347578,0.056770267638719174,-14.753607160811939,8.706061286179906,0.18139842058343858,0.011921037024087035
AB_k_int,13,0.7992777349807716,-0.3494768787995042,-1.2886853749311655,-1.3687942520758878,-1.3059164523817852,-0.28691088183665836,-0.8388528044830924,-0.6392179916934951,0.8879821742077811,0.07880192683219275,0.45059502783687916,0.004443494533911262
AB_k_int,14,0.02664633884797496,0.24448783915624128,0.923439236708208,-0.4922965173542241,-0.23565372710881105,-0.7339238778614247,1.0553987039168173,-0.765918003317838,2.2312340458409996,1.4700094022684658,0.14228610988541074,0.025176912319728583
AB_k_int,15,-0.009951171050615715,-0.8697173164040611,-0.4648589253664561,0.020377286615322454,0.7242720531324365,1.0943678093725835,-0.027142201557424306,1.3050955842830285,0.27481308454535824,0.8619295860278112,0.33676382404225524,0.03357155074149685
AB_k_int,16,-0.1110051317364158,0.27103055792502406,0.43411257374910406,0.8233357150537517,-0.9246789903133742,-0.24744067702162287,-0.9672329285818797,-0.8640881502439378,1.974843480392305,0.33779979932354126,0.14736842895814306,0.004834736107911543
AB_k_int,17,0.09346387832445346,-1.0380718794369557,-0.9502731705312211,-1.0458382106987318,0.02695461174673519,0.5205659671752811,0.6361863536098997,1.233998700020429,1.472204212460495,1.9917877350703246,0.6178519702084319,0.029242848426770905
AB_k_int,18,0.7266746476940906,1.1378441778259878,1.2564154887347077,-0.5580511253686978,1.20399972265215,1.144588370817991,-0.2461817895036551,0.13324253679046194,-4.652126662740986,2.8435180301367025,0.10259077292623786,0.12298601329008431
AB_k_int,19,-0.7096727898709193,-0.5178398700498597,-0.1263515316869548,0.33656437452950994,-0.6088114258321002,-0.8599455135206313,1.2702063971149358,-0.5465078423494781,32.44676891701464,1.7541937365757414,0.2662191710927952,0.025308410133328307
AB_k_int,20,-1.1276394604822686,0.840657669552568,-1.3724596358211296,0.38885114550438726,-0.13528114029270366,-0.5869780639456265,-0.6325484777692564,0.5707071551597427,-6.556364362307123,0.16437562104787207,0.24832904286112972,0.011618970782923649
AB_k_int,21,1.1534727578022965,-0.1219215867393868,0.011523289242320711,-0.16730060979151196,0.9896394015091621,0.18386648294895225,0.9701948995983518,-0.1141201611444278,1.2824629418737734,0.7950763660251827,0.1476889192891595,0.0707072346190094
AB_k_int,22,0.35983888413654075,0.667065844724952,-0.37567476107907183,-1.0006564477006754,0.5871296582442436,0.7935182903722573,-1.2733365244970571,-1.29102773252685,-0.6551150358103848,0.04815602836442503,0.14798433783702858,0.01841907669341454
AB_k_int,23,-0.38614813818305094,-1.3352259969138598,1.0075365586101055,1.2232220671826795,-1.05239455049825,-1.2081051424948612,0.24237377418737172,0.7911520863953692,57.58004790941267,1.092888569582333,0.20733950061450626,0.012630577362696209
AB_k_int,24,-0.5511815368202212,1.3375185417818984,-0.6240079821983108,1.011164038616344,0.17660266866022734,-1.0128804848677158,-0.4143437765469645,0.46644664505629163,-17.72595203570673,1.6822343167419016,0.1585917505759541,0.018678253702460124
AB_k_int,25,0.5250520485957648,-0.6674440119221892,0.7603778498759459,-1.2323338636901322,-0.7725138607154014,1.3354407408712456,0.7548669679638136,-0.22920824522351646,4.725332237689483,28.542558169987867,0.16637130980968626,0.014752653269130132
AB_k_int,26,1.3404339871788216,0.12413464194862889,-1.099737141644776,-0.37766616759640304,-0.455122823627209,0.3785410909354552,-1.1448302224429328,-1.1326468287020053,0.20558214123393997,0.06947271031302228,0.23559973910868723,0.014219301231241765
AB_k_int,27,-1.3144208414071568,-0.8411044193036524,0.28302963605248666,0.1548044398395536,1.3548324915398668,-0.04585937722172484,0.11132898805808522,0.9386997148033525,0.15413396590430373,0.13721131717922186,0.32950402330790257,0.023340384223848223
AB_k_int,28,-0.8747955627307465,0.5188366177980972,1.2042250819287699,0.549605974007777,0.7941524491818186,-1.3585066908287393,-0.7517368250886456,-0.8708404228598485,-0.8056338027826823,0.5149038474403247,0.17649014873298904,0.006917380912323325
AB_k_int,29,0.8919560951749237,-1.1395918477310163,-0.17975776566944623,-0.3267227677237099,-0.328250689417235,0.9926458478986564,0.41815180735629487,1.194752633113491,5.667898466062128,4.72325438031903,0.37477819181032535,0.0196982019673123
AB_k_int,30,0.2803240827071256,1.039000044631346,0.5540139627258509,-0.8365196833254769,-1.2465492247449208,0.022724095879788297,-0.11496688972047298,0.21583951203996898,-9.14556770977781,1.7202961880161272,0.12639298344753896,0.047089090376530515
AB_k_int,31,-0.2977067441276646,-0.2728577174888491,-0.8291976100164244,1.057710325889819,0.3901194811987303,-0.3987487131952394,1.1418682256047161,-0.49639962098643853,17.976344585972765,0.9798508847493623,0.2922247386331902,0.044145484357661566
AB_k_int,32,-0.31726408189834054,0.39848791357405755,-0.08504753111971386,-1.299813586315664,-0.006108296379025768,-0.0006093647703273586,-0.21437371488194867,-0.2015218865475834,-1.2351536547307582,0.17864578231246117,0.18763345801580691,0.014264311521677144
AB_k_int,33,0.34478962791280865,-1.0622485362484457,1.3045100865513006,0.9161031499383221,0.9482542096301507,0.41993320045986415,1.2153836493563042,0.4834668776329709,13.796957357276304,2.746941927973627,0.1706645700978096,0.06920309923815642
AB_k_int,34,0.9143506023057253,0.9179685773277504,-0.9942582583407467,0.08123480333502786,0.6374633034382648,1.380558458195993,-0.9990515952832505,0.8785574578288722,-7.3556243035478825,0.4480879087686979,0.13012401738786314,0.06524413241861632
AB_k_int,35,-0.941675213831858,-0.19618610705041717,0.3942094648024772,-0.46663788606167733,-1.1889068844877613,-0.971356090545355,0.6910196934481954,-1.2037937451770802,11.335509744976896,0.9469055468543295,0.21996630272337375,0.011103069505346033
AB_k_int,36,-1.3799812285869095,1.216551277664254,0.8823227949655628,-0.25865072526150845,-0.9698929065478955,-0.35625515133012464,-1.2225758625292293,1.1467648676011273,-15.350277424473965,13.878149557790266,0.17587388149948904,0.024655127743458575
AB_k_int,37,1.3641322238693874,-0.5907929762499116,-0.5076359893306678,0.643905400092833,0.15775624999949733,0.06687530013713427,0.20650492551949085,-0.9514936766079092,7.200441247350756,0.30457700698746587,0.3200086388323593,0.022372637559518252
AB_k_int,38,0.5881190054804584,0.003848653578047312,0.14488640066952585,1.1305184171717964,1.0806235092414875,1.035102138657512,-0.6833197214880506,-0.45926774041056995,0.4651584786770526,0.18155861785475014,0.14974178300642696,0.01898756561338086
AB_k_int,39,-0.5721325051369096,-0.7637828394013974,-1.2431373537245145,-0.7469557276531159,-0.5724600281463224,-1.3143182257938322,1.006074330017199,0.22064443778148135,8.573528763456167,0.20182210871083803,0.6305478143919747,0.01963705984183153
AB_k_int,40,-0.40684774730840934,0.7656786383269079,0.24177347284942408,-1.1410683247626325,0.7553690976106948,-0.8158034088461075,-1.1779914494437047,1.2808081573512469,-8.759805002786333,2.2293811926243388,0.1708593161833312,0.07873742976097227
AB_k_int,41,0.42299293260166215,-0.004612742242446233,-1.1477843875459905,0.7560252178140991,-0.20184891119732407,1.1870883881192735,0.16479728202172006,-0.7849615503417391,6.390419512841262,3.714494221391723,0.2742710424422107,0.02658788562520002
AB_k_int,42,1.1774325997524782,0.592768264834219,0.804410444531318,0.24742343067835693,-1.3858326244281989,0.5647555786956515,-0.3811719781239242,-0.5824488757045881,-2.798661306965651,1.6763896705028376,0.09578777146406402,0.022322037432733206
AB_k_int,43,-1.1931230021498793,-1.2172467837748053,-0.5840571908179736,-0.6314515364873446,0.4430549667006396,-0.2049881768948849,0.7013881025779105,0.12995701414890748,2.7785467734114184,0.3538287952423616,0.6452754116081121,0.03075300443690562
AB_k_int,44,-0.7764600610982941,0.19675470961460628,-0.7039359986790054,-0.07283195832057698,0.3101753726067564,-1.1667036028692985,-0.17249723848881815,-0.14332590226292297,-0.3214311745443005,0.04550583906161278,0.24731843653540075,0.005394616199345298
AB_k_int,45,0.7493152257229132,-0.9201553821513595,0.6860225325641276,0.45675396258070955,-0.8203296172578106,0.8387615168691556,1.1709687302028031,0.5524960547049091,48.28456855812068,25.988045723839736,0.1857527668058053,0.014597485056296256
AB_k_int,46,0.15801155733558736,1.062885721366482,-0.31307335992210694,1.3129552482409192,-0.42137326624931914,0.22538940026751764,-0.69419591522673,0.8528210178731068,-19.243150202913814,2.1165443630493708,0.12909378942298078,0.04532822034748051
AB_k_int,47,-0.13030615254078493,-0.4005952287388701,1.0749504719371676,-0.9280175818045773,1.2342273438229714,-0.5418562254704291,0.3890407416646373,-1.218702528527625,0.3438645863903649,0.06069046879823955,0.17329201425755106,0.0180760427974207
AB_k_int,48,-0.07432945941670477,1.188261126550494,-1.0586101181511645,-0.26311533848347235,-1.1078602158022353,0.7129705830055413,1.3012066358724212,0.7777017151838683,-54.191703270121295,36.90230958150412,0.16943587491057963,0.01215578157706972
AB_k_int,49,0.046116419779056894,-0.4701279298319019,0.3258807309586713,0.5725993054727314,0.5343717643734867,-1.1167586937126082,-0.3015493063561441,-1.3208897849296597,2.4906429671550954,0.03056239926108484,0.18727728067432897,0.0033472547733412275
AB_k_int,50,0.8662340663348596,0.3221276359111296,-0.6678215155005881,1.1240256918224507,0.9964500415967283,-0.6783659514637285,0.6045302941812485,-0.04650874245672276,0.5153988599929193,0.22376156539365963,0.1547976801943257,0.026861024812326436
AB_k_int,51,-0.8382431453448758,-0.9896849433202393,0.7148827064380334,-0.8162336275162532,-0.1203475164237846,0.26445571168109994,-0.9112097563173909,0.6330700666829221,0.08287525049453925,0.10518959380003727,0.2737636094283131,0.01192908925274875
AB_k_int,52,-1.0937507084075528,0.6193558721239387,0.5965053917148557,-1.2959835992768394,-0.6860197438157029,1.0531818141784914,0.2930035379849365,-0.6576078302649445,-1.5453694199761183,6.261553529586942,0.22387829130952613,0.018235137364932645
AB_k_int,53,1.1089333933325258,-1.3856462766434283,-0.7877108792908415,0.9881284008049203,1.1294988455834438,-0.779379911684858,-1.3104296414698249,0.0277247969250507,0.8208127872209499,0.0016441245673929233,1.2869456370613155,0.004408806133737084
AB_k_int,54,0.49662195911893225,0.792268724504116,1.159047174117193,0.08844676756045233,0.05534429793968032,-0.3279644269736328,0.9202631182166521,1.3775803769930206,-14.526428143174298,19.949834364313983,0.10596750432489742,0.07864186993255813
AB_k_int,55,-0.511920976167999,-0.17301537503522124,-0.22388849328326765,-0.3979945297520966,-0.888166650857408,0.6119307545606001,-0.5961535084715199,-0.7044272108922395,2.0170424036493855,0.5212062311995467,0.24343707561742373,0.008191689714144796
AB_k_int,56,-0.6718008606749412,0.17118819481400038,1.2153307354371232,-0.09827797336749877,0.38330615564971837,0.11413383892258033,0.07766279876504156,-0.38005265455373105,0.16138247347088797,0.7853689150704687,0.18257388915225864,0.018302786396497125
AB_k_int,57,0.6563219848455397,-0.7913405799671217,-0.16916020146664423,0.4064292697855658,-1.2614852035569537,-0.47931740847602433,-1.0922119674030102,0.3161129175347932,6.520327982198585,0.0423921322393231,0.27539145662508985,0.006088567657916713
AB_k_int,58,1.2902071355564122,1.3838985860810042,0.4779683772474086,1.2841222156028376,-0.27278779220427873,-1.2779807563571302,0.7891889985854188,1.0459259607336489,-93.92497297561627,39.13569620141476,0.07790384743952451,0.0472377358914194
AB_k_int,59,-1.2752042267821908,-0.6183591450330966,-0.9047356019668131,-0.9749551743789782,0.8469079054798783,0.9012789482946231,-0.46761770765628274,-1.0252537226576421,0.1653575086817421,0.2060427047757664,0.490826438775819,0.0207519575499645
AB_k_int,60,-0.9980325814445827,0.9892381729117592,-0.41812393020074745,-1.1149031534692146,1.3264457386971162,0.4590853743388279,1.0831586209967956,0.9577328711571977,-8.741743394750616,2.1109617548794195,0.22405014990831168,0.07850735934881073
AB_k_int,61,1.0258649001144453,-0.3199146013592833,0.9660922633397158,0.8057152844261035,-0.4916325602513123,-0.13720230908235398,-0.08603956898172327,-1.1083702055881943,10.293760434703037,0.433856858616052,0.11867425419093408,0.012941117378931465
AB_k_int,62,0.22749011281221776,0.46974974197726915,-1.3272394681422233,0.2756219197628822,-0.695302692011187,-0.921494379049996,0.4761634502057457,-0.30240575423688365,-0.37274935897001993,0.27023089145928847,0.2157845136073336,0.012745781758864011
AB_k_int,63,-0.25586183739956936,-1.1859686023398508,0.05569645231133524,-0.5837947050368648,0.25110606593121365,1.2548533661403651,-0.7799660188097598,0.4096671797121203,0.3894382547365913,0.4118431649385534,0.359375712947521,0.0120987726893561
AB_k_int,64,-0.22046291608078983,0.038059901168488564,-1.274079581350421,0.13205356681054092,0.9236824956182346,0.6894131213025754,-1.2845016945447039,0.611093750453598,-1.8840323322279435,0.04007639970892513,0.2979103580102532,0.008986663023648067
AB_k_int,65,0.2466452149374483,-0.7512244209695595,0.10877172641019817,-0.3535350913286073,-0.025243665526978543,-0.2754926406160101,0.23196285213722967,-0.06857198500730877,3.135360886096662,0.20436382053101282,0.2395381685280622,0.015840717945439228
AB_k_int,66,1.0125049308310394,1.2513628240104684,-0.4516920536718778,-1.253058049952069,-1.2022872477851088,-0.7020184578444812,-0.6219227188034477,-1.3420226441979883,-4.145841953532046,0.06694687081689564,0.1064052366301727,0.011738401111276624
AB_k_int,67,-1.0384651420261277,-0.5776502788726947,0.932608752561525,1.0305609045725845,0.6078161292659132,1.1057963173189134,0.9814836835020893,0.7561487671158285,13.71653447603298,10.269549707519378,0.24572293311843763,0.03314977213786214
AB_k_int,68,-1.283189957661917,0.9434093505605039,0.3796688995309472,1.0811499681361985,0.13352561024859733,0.339001350744194,-0.23492410530919972,-0.7265344175453031,-7.547335276637217,5.470147515446458,0.19674154375618505,0.0035872367912556566
AB_k_int,69,1.2659765939281418,-0.19241434804582713,-1.0034581431479717,-0.8585896989196903,-0.9886871601200404,-0.6229779295637959,1.2808632144752352,1.3557299830837615,7.951613464772885,2.0903864057539616,0.25849335426160613,0.04143208559611813
AB_k_int,70,0.6862620757250955,0.4231589974059933,1.3765383869659444,-0.30666619750590485,-0.586176218726169,-1.0422194429491456,-0.9776762310998399,0.006127895083231305,-1.4907916117863274,0.5838185381963217,0.1029885608255281,0.07132173204049207
AB_k_int,71,-0.6689323695385289,-1.0592301163159474,-0.0075294864731259015,0.5282115068976585,1.0506405491014281,0.7684277813594489,0.6250536053448623,-0.6786147568845103,4.6947714123389765,1.1642702996252412,0.3689366745750231,0.0674492183508566
AB_k_int,72,-0.4819795735438138,1.061163098553785,1.0848623138884739,0.31852808728610227,-0.17768373473351518,1.2669439926813857,-0.10384469738465762,-1.0040789133829202,-7.244458380867762,7.158288841638603,0.15876214280132084,0.014664107916082301
AB_k_int,73,0.4994891178533194,-0.4239814225559537,-0.29798874081904736,-0.5413845474070389,0.7741402355570102,-0.8902319437149422,1.1523221253666895,1.0673522944588665,0.7408695216117915,0.24174457148590514,0.2137761373915104,0.06186460517675174
AB_k_int,74,1.1009463300507745,0.19443706601074684,0.6090485417490694,-1.0713192890927432,0.45675064448651925,-0.1250963805754408,-0.7623196270000188,0.33779278464224216,-1.7574028149311927,0.21072153184998493,0.10806827193641662,0.061472393555667054
AB_k_int,75,-1.1179799382911937,-0.9441311328784331,-0.7752523419495674,0.8501547729696595,-1.3559124421137847,0.4902696988962505,0.4068200663981216,-0.35777752393071993,57.97853783402777,4.939425946193944,0.566446107814075,0.010421757347500706
AB_k_int,76,-0.8516017822262567,0.5781605449513219,-0.547225312436047,1.2405509935525572,-0.7958233252181939,0.910447369305966,-1.1561295622758923,0.4310522038102125,-4.014518522445325,0.7523429283594402,0.21771551049764923,0.010986816074731471
AB_k_int,77,0.8258001940086854,-1.2535124455217506,0.8359019729672716,-1.0193656599389194,0.32928758481408793,-1.2438166076289698,0.10071382633628967,-0.28110236816674483,1.0844785697821773,0.02018562497462118,0.21770874996274872,0.00876903081445107
AB_k_int,78,0.08151402935320728,0.7518353298802183,-1.1975210443319055,-0.14117563004367506,1.2475872356411435,-0.4700376699234028,-0.4038588390478961,-1.0861363949210066,-1.056167842238299,0.016066940084343083,0.1902250757699668,0.006521486053963835
AB_k_int,79,-0.055173024889449085,-0.040119786952688585,0.1865467413132329,0.36405356869182937,-0.3917889112174041,0.14816484557086573,0.7659580812477425,0.9795413047313659,7.94576262342567,2.9341991171816315,0.17657540359322396,0.0334599141711606
AB_k_int,80,-0.17111880920389377,0.8122676838273846,-0.21422522177486658,1.1748386712271575,0.5586050276136454,-1.3699341865626777,0.3190749066264864,-1.1829586880900473,-5.771654610190813,1.5294243244090278,0.14863458146656897,0.005395069678257012
AB_k_int,81,0.14427016989729036,-0.13135283437886813,1.1743908989349843,-0.7031362863356578,-1.0890632974260401,0.9607427208526398,-1.370261309335048,0.8989724261161938,-1.4303614098874542,0.9799008558596909,0.14506008575907361,0.06638738956265239
AB_k_int,82,0.768088909693253,0.6385960388226406,-0.8644257643911682,-0.2163645946356887,-0.10662870235467947,0.011307486593403304,0.8936629202442308,0.5061660426182788,-5.1889593483435625,1.541450474840691,0.14862567903240156,0.04299679285345708
AB_k_int,83,-0.7414412358610786,-1.3447479718354187,0.5249404780013884,0.687051937072851,1.026435666540838,-0.43064223455223816,-0.5354545605036675,-0.17890964788353747,1.7163315269175623,0.01986796406969645,0.33780697051423614,0.004018620286379818
AB_k_int,84,-1.1905513164754187,0.3292894233223085,0.7518045064636041,0.03908410259566075,1.1540679361061013,-1.024488774129146,1.3686534461021942,0.2410154522950232,-0.7919077544534541,2.7268221961292283,0.21859583436378355,0.02133382242271737
AB_k_int,85,1.2070772072434097,-0.9608651830589185,-0.6364092908068696,-0.5096230474661962,-0.6668870394718002,1.3036939489961676,-0.32135933572017494,-0.43830675067477465,3.3681769699030046,2.798201264437681,0.5880026906656657,0.017824931179446866
AB_k_int,86,0.3984669075847673,1.1960123159411944,0.27606477043052124,-1.3439942790054247,-0.8747889110493192,0.3669641802581498,0.5379084577076347,-0.9289254020463408,-7.341983872331973,3.255114332795865,0.12369422635548186,0.02551293062678277
AB_k_int,87,-0.4151302836500871,-0.4407129938489508,-1.1137469280437116,0.8724396306438884,0.08498880730798208,-0.07757342712455917,-0.891886249937762,1.1695899549065,0.7570710214741436,0.057478911066294554,0.3698340205443524,0.013566085192409219
AB_k_int,88,-0.5966572184091751,0.438922996940057,0.02501337171495166,1.3552210881397764,-1.2859888307925205,-0.5753691136475327,1.066521567617994,0.10696135872693291,13.828283169773524,76.36074420806722,0.16244598083773606,0.0011703370352797006
AB_k_int,89,0.5798351367367556,-1.195142507889762,-1.363602671529665,-0.8848936388511471,0.3641965669316456,0.2156126137873664,-0.016688973160812415,-0.6048492676110006,1.1012071331066386,0.20834566760052423,1.7323898529626545,0.018101159373995954
AB_k_int,90,1.366702577141823,0.9591649218771068,1.021787669870392,-0.02853373021342054,0.8335506784657565,0.8050945400128995,0.4933293329154187,-0.8057546161075869,-3.489090158031785,1.7711507042393928,0.08560307740259737,0.08905676409290632
AB_k_int,91,-1.3503353093513488,-0.3283189724388442,-0.36757882557526256,0.5005537019069835,-0.30236952374693526,-1.1763904315553635,-0.8501838947332999,1.2602666160358946,0.17057790503822323,0.16740114932197603,0.27295958359247346,0.02172684198425573
AB_k_int,92,-0.9229001974594934,1.344242864941377,-0.9193555122953695,0.20322344914532642,-0.5158004015191714,-0.23601384232434808,0.014235091449892101,-1.2411442403898607,-16.34485912030234,1.023107960044308,0.19099517656009793,0.007706789392639597
AB_k_int,93,0.9493681157983118,-0.6363458209584671,0.46885837276903586,-0.6751373296187322,1.3076719772615426,0.5524697552579614,-1.0682982224314161,0.8299539289178515,-1.1817023822626456,0.0961861396663039,0.16095460748366486,0.0401988452083839
AB_k_int,94,0.30397565950507044,0.1309483703168577,-0.09704202072314816,-1.1832420326765019,0.2374077233412839,1.1560056411410395,0.8517917321444088,0.5319132037624317,-1.1795135074240193,8.919888219988419,0.16474077962701608,0.033194762854071365
AB_k_int,95,-0.3310041369346126,-0.8099277302361291,1.292769435026685,0.7130200135713662,-0.7252254978148599,-0.8280526532002961,-0.4910449296434749,-0.1639903912333538,10.113622374367827,0.3116894638812851,0.16976967772620927,0.007109602528332988
AB_k_int,96,-0.2677203806816575,1.2909705476911004,0.6501968010454988,-0.9584655063544123,1.108894343108059,-1.1336364109160966,0.9525576331931778,-0.5243586392108808,-4.575834907226588,1.106525482374866,0.14693979715253236,0.03100381127151726
AB_k_int,97,0.2832309139700262,-0.5407476566568917,-0.7324224828462004,1.2662522617099057,-0.5360450779825591,0.848982641349439,-0.5632118231082937,0.1551355882219183,11.758960515375614,0.6390326592538292,0.3305177911659793,0.009553504060337729
AB_k_int,98,0.8840139927149948,0.07834774378202236,1.0410700163890148,0.4330762102801915,-0.9981221570768479,0.2584880121196358,0.2601907547711102,1.2556375570329907,6.3629349380598645,4.599899873398245,0.10660040648163535,0.08895840849851006
AB_k_int,99,-0.8989851200858743,-0.7136467925262998,-0.34350512005977785,-0.12359751092684546,0.12138317237689322,-0.5316024003326937,-1.3425146078239925,-0.8430386074169661,0.5681554695759271,0.00590545605940484,0.3608026752216328,0.0010396218824201334
AB_k_int,100,-1.3278191508170507,0.38625833247843633,-1.155008379540083,-0.6023270073380156,0.6876489693779233,-0.782555423365414,0.5724340592177064,0.8130857864172871,-3.4041382387844457,0.16238529049976108,0.3141706966480272,0.023675850989647335
AB_k_int,101,1.299955154030825,-1.0988411606729445,0.22801223623599798,0.29278451278228435,-1.1305773914544515,1.197153177428618,-0.944011312236634,-1.2690064451470062,7.097933315023345,1.0363416849332503,0.3019650462809154,0.014313801134999417
AB_k_int,102,0.5604099856414018,0.9058297235142068,-0.5923819844448062,0.7810898250348279,-0.05642131516340365,0.59801449193869,1.3341384160143914,-0.09302995939829639,-26.218555015071686,14.102198671792449,0.13470418855772717,0.029320423582098073
AB_k_int,103,-0.5320700631147874,-0.23269891129778753,0.7917500095506325,-1.0889397145560427,0.889797074548581,-0.1949138232113139,-0.26924484484357136,0.5922181067422487,-1.2985815069645872,0.2286600917809728,0.1992723551841078,0.029095334459235275
AB_k_int,104,-0.35078886873538884,0.23063900485619193,-0.4927978775131141,-0.7922743381514077,-0.3823565997220424,-0.3895037978474818,0.4439118922836558,0.9173566458760025,-2.1270735409290866,0.5157006039125834,0.20991596102006777,0.03540867296183822
AB_k_int,105,0.37894904609734525,-0.9052188352609438,0.8898211533254872,1.101436029109771,1.2597273185697333,0.05681117186445328,-0.8129506612274214,-1.1539075985647385,1.4553286095320361,0.023183717705330658,0.181379500752748,0.005717164130132536
AB_k_int,106,1.140073136647773,1.0966915185042663,-1.2302448483957684,0.5918189309735471,0.2710310227164281,1.0018438864511372,1.115928426498791,-0.2514000594051704,-21.293349854556084,11.048961174739153,0.12837758975088898,0.042704026872693375
AB_k_int,107,-1.1681169612282398,-0.38574808705720476,0.15433036551825796,-0.2836728608766017,-0.8459569035345007,-1.3243932405140668,-0.053911624915724765,0.4446808690043207,4.297113338220673,0.17710670557655545,0.24745566257130508,0.009435359290162693
AB_k_int,108,-0.7176135805862192,0.7129249895509753,1.334068147300617,-0.4198927584433596,-1.3247318591271648,-0.03367589568686569,0.8213268685300694,-0.5176170877833577,-8.379770294696243,23.68402328767044,0.15967956274096176,0.004221044115728222
AB_k_int,109,0.7024837579369374,-0.07632504647449823,-0.048952711199863996,0.11172519949049864,0.4906386683880355,0.4097114149429171,-0.4348577867181479,0.19437118182921753,-0.1654029385690048,0.15886016032390354,0.15901485111817865,0.02070030470328856
AB_k_int,110,0.12344890936843567,0.5399252108495354,0.4248679966662017,0.9669111741502265,0.6943102461656119,1.3474591853072118,0.04468936298456727,1.1730301497986362,-6.447924154572832,4.493603642933488,0.1424051593705616,0.05975559378407991
AB_k_int,111,-0.10809698872888607,-1.2890375861106587,-0.959263909535305,-1.276093692927842,-0.2493910708618925,-0.9816092546464268,-1.124474773277079,-0.8931575086536019,0.41481865756227126,0.0039264818864377365,1.0152933767531318,0.0021754861970205938
AB_k_int,112,-0.03452082448730742,0.6748225806264083,0.9793490360205424,-0.6088646005509022,0.007866176201897224,0.44883119802536475,-0.6510258572194909,1.0965629933523389,-6.875855772569263,4.278340694893975,0.14301033179904446,0.08155483831644536
AB_k_int,113,0.018322818233154514,-1.305816607441664,-0.4090337387470613,0.2234668680897487,-0.9492037707221759,-0.1703025528687352,1.039016666088391,-0.9858727707030637,42.51444723152026,3.002017991308029,0.5960122190350903,0.026174721753296624
AB_k_int,114,0.8018031480887811,0.8478139311103872,0.07022292149244902,0.7765854669834658,-0.6384143105479916,-0.9317177965012062,-1.2553879743776941,-0.41944149763348115,-4.342499499891663,0.170006927020868,0.10594861312078051,0.021791140516450685
AB_k_int,115,-0.7861656905966544,-0.09309630062470631,-1.3194189731888244,-1.1602906770396855,1.190663648811263,1.2217851619747722,0.17441928779996174,0.2654626228680401,-1.0463905997013279,1.0053278631847435,0.37798239832677155,0.044658407859244964
AB_k_int,116,-1.0511452583406022,1.1570789839304958,-0.13813739192214158,-0.9512932869583863,0.9708867932468237,0.10405979509994534,-1.0311471588814312,-0.3279068677225856,-2.8351388441470515,0.14829242681795923,0.21946817257362636,0.01076586580484771
AB_k_int,117,1.078342914676883,-0.4769362046476562,1.249971300518821,1.334850750155945,-0.15947013473379745,-0.5125746484700081,0.6582174661635907,0.35192064613303686,29.121465758789906,2.6169537036371144,0.10949700574298822,0.026287494659934674
AB_k_int,118,0.43497864281190823,0.29103489849988207,-0.875489173525239,0.4368613294554746,-1.0823385094751576,-1.2880432113807565,-0.18144258544794423,1.0154872958614531,0.04750660684069352,0.2073371876476358,0.17393058927449312,0.038783894216628007
AB_k_int,119,-0.46263110270143637,-0.9964147200321922,0.5143853234320348,-0.05161200488964601,0.5734524688275489,0.8680319337115294,1.2476887615768428,-1.082855830054429,7.948290594356947,7.891550848449316,0.27066550508645293,0.07820638766773429
AB_k_int,120,-0.6493378277981303,0.9987546942808436,-0.8219449533035722,-0.4487655359108398,-0.7536957891659716,1.0632551969644626,-0.7264481238567856,-0.020579261719968267,-5.284282011835369,0.9458533542467158,0.2084578439706438,0.011442346740918645
AB_k_int,121,0.621843980557421,-0.2914393419044967,0.5664377439987973,0.06474273905255656,0.20081477872715126,-0.7461220106542106,0.3560567499549414,0.6917420464266819,2.15791147167704,0.3011202420063436,0.14254530928343567,0.0476040149031574
AB_k_int,122,1.2436294955205571,0.4791864431692252,-0.2593925943146176,0.9414202912397636,1.3847969633107413,-0.31790131091334306,-0.13972676162146147,0.719021844314937,-3.621595462277695,0.2775072792256532,0.11467398916878238,0.07563932005345816
AB_k_int,123,-1.2162731439058743,-1.157584070167142,1.1302495534197534,-1.326458130552384,-0.44138285638486896,0.6451771081070306,1.2030960029034403,-1.3468325277144777,6.125582561054002,12.686598702604112,0.2970214346329309,0.04065044178826048
AB_k_int,124,-0.9729419588160975,0.09406677216556636,0.3172023291959589,-0.7641207169304235,-0.3090968319000975,0.7232254203556681,-0.3490334368139123,1.3280485821828056,-3.8014229855297526,1.4198732532763856,0.22949735607235808,0.04598766192257912
AB_k_int,125,0.9887592441024651,-0.849514171634803,-1.070906451038936,1.1490531157308526,0.8187003865312412,-1.0836591109628904,0.734147352150684,-0.7435596078969593,11.788078688125236,0.05394483638974916,0.6936941322900592,0.015929477735232067
AB_k_int,126,0.183530849329538,1.3066864361504924,0.7079803552599178,0.6179443574375665,0.41974283739379703,-0.6681431950491817,-1.2109655359321447,-0.618467542135053,-4.695840996075647,0.7032199928657918,0.11730960471521046,0.03622527265961281
AB_k_int,127,-0.19954911041903278,-0.6766125568779064,-0.6818938989729563,-0.23402766212813852,-1.233150331763597,0.29752457688335654,0.13253512685561697,0.07726985378332918,11.397575585231248,1.6496891052795692,0.37593212082023786,0.010288162388151941
AB_k_int,128,-0.20886073107980008,0.60089864654542,0.2674466469485699,-0.40169998626289394,0.6185427040694427,-0.9538395537073923,-0.15202270718306288,0.5283555431716105,-3.633447104608129,0.5112168735949585,0.15759800565007356,0.039742039828957916
AB_k_int,129,0.19318090010466737,-1.2308142127014252,-1.1166004761364825,0.10300906957664657,-1.1913916438409597,1.3738723460542797,1.1911094276647474,-0.16179719811011295,54.928587386303356,112.01575516126096,1.1911987065337455,0.00882258630883007
AB_k_int,130,0.9794534281699001,0.773813652459103,0.7435142674954907,0.9810404506726293,-0.03618157581759718,0.4266185482779352,-0.7146810127904046,-1.248765701335332,-2.967171386011887,0.5362519763332456,0.09732365871942962,0.020516916811308936
AB_k_int,131,-0.9632976714543787,-0.018186125663387287,-0.6395907234134787,-1.27803876232436,0.9129136144682353,-0.01812513728464782,0.36891061046061235,0.8389187041576684,-2.1790593921675714,0.22481194511236374,0.2869203567739931,0.0312669928621705
AB_k_int,132,-1.228287888085829,1.0818306680583551,-0.8459783975547652,-0.8118215537981724,1.0397857435138602,-1.3101738925819009,-1.1818871915553348,-0.8197963130185876,-1.6648035223058533,0.018071585941552816,0.2451055293533286,0.002246042236439515
AB_k_int,133,1.255982711129665,-0.4032740669071939,0.5383431383752597,1.1087990376306511,-0.5968616233399943,1.0201273807493318,0.16056902813960638,1.2729650089812476,18.911634427310467,4.532545116203425,0.12691264050771311,0.04145851327903546
AB_k_int,134,0.6098260757959186,0.21569370181215808,-0.1954288379087863,0.5790440979174432,-0.977874836466806,0.08185078105416554,-0.3772868022702134,0.08886113942589313,3.113374348538578,0.4428623340947639,0.14975347104579276,0.015453678323630244
AB_k_int,135,-0.6369814929222658,-0.9228295878986892,1.187444542279178,-0.2803746700871115,0.14450733487557432,-0.36040020755090674,0.7056269227179437,-0.5853845911710781,5.373224922996426,0.4825431109694768,0.22558811233155324,0.02750775644403248
AB_k_int,136,-0.4719427233622038,0.9207115515454893,-0.09989556365157015,-0.5665373772006121,-1.3451009447563798,-0.20913582561883204,-1.224096479251187,-0.9104835094198083,-2.942515788609434,0.11303815690360579,0.17488618233941589,0.005034192018890769
AB_k_int,137,0.4446286935870376,-0.21515160268669997,1.2841513063803844,0.2691790897707653,0.4677312122993351,0.5797336521158478,0.20531679991062068,1.1497837704002507,0.039984116259982105,2.192277331162346,0.128700947990777,0.09040271169805762
AB_k_int,138,1.0690370987443176,0.401224943626173,-0.9225369397376297,0.8209439423852893,0.7632865867836032,1.1721109137635535,-0.6817885178507775,0.25539303846071015,-1.8534828508812646,0.28410244094395315,0.16430443693021088,0.024109841715316396
AB_k_int,139,-1.0415009709788834,-1.081209409792432,0.4605681286365737,-1.1193171896398906,-0.18836831305151103,-0.8116563591866367,1.007251868710754,-0.4513411981339799,4.549918331059897,0.38555011157507213,0.33136603429846034,0.029911547037789955
AB_k_int,140,-0.798180434776609,0.017353309843370912,1.0351903250799144,-0.992902015098844,-0.4027286393588475,-0.5593694467963759,-0.1969405926079728,0.5134469870524185,-0.9194323008927247,0.5685277730559941,0.1984472809520037,0.027519065770693175
AB_k_int,141,0.8141563636978895,-0.7718914740392362,-0.3491314535745107,1.2912121281877231,1.236816867158651,0.23207219689721548,1.233150584816695,-0.18753374135285705,14.170534034980092,1.1854671236937153,0.31556636312952185,0.0930353601262504
AB_k_int,142,0.006304913471652185,1.2300605560218736,0.03806700989479661,0.39186897153675804,0.34001564695011033,0.8320781624897726,-1.0164741306419112,-1.1797367514947465,-3.4168975889148627,0.24764860370673403,0.142329804769119,0.014446792261531043
AB_k_int,143,-0.022164489611442795,-0.5989075550533738,-1.3448062824992357,-0.09457447930929663,-0.7849259034232201,-1.1491898237936666,0.6732421710724894,0.8971147917293074,13.100746135975275,0.1907716653597344,0.5324053722232291,0.016223695079324647
AB_k_int,144,-0.09607891870821761,1.3649522656723148,1.373668674461009,-0.7513433223572482,1.0372854936960334,0.279261915568763,1.1036258705705537,-1.100516377344599,-5.253416401307196,4.880893107399293,0.13804211882299644,0.051118204165323824
AB_k_int,145,0.11109240923340535,-0.6156815772946107,-0.016120786326712766,1.1457523634242912,-0.09594823485843529,-0.6823417306551424,-0.06589423393443572,0.9925779831893109,10.574236111038047,0.2285568311439978,0.21128964581578638,0.02755697352320375
AB_k_int,146,0.7144983368577262,0.15224782889963207,0.37647132316956955,0.6374890115672598,-1.0998706839616934,-1.1127835135856705,0.4556856137166725,0.41261336847824914,13.08159297609961,1.5855946287428562,0.12005037732166363,0.02383517222115965
AB_k_int,147,-0.7299666309361615,-0.7886676446496298,-1.011721579145116,-0.2413881091319472,0.547628281419041,0.6981649781823547,-0.8001007669417322,-0.26129907569589883,0.43493430893186374,0.09618969248865022,0.5542101998540755,0.006904015431855582
AB_k_int,148,-1.1588113105548405,0.46161798654925157,-0.4383055370527751,-0.46289737395031405,0.0742672109368252,0.6187854207228309,0.07376374114139561,0.33457374008234453,-2.319158369580879,0.9168288657860524,0.2583534018615891,0.02198717059786637
AB_k_int,149,1.1304290145452203,-1.172402443843069,0.9510829223688966,0.0666903699661463,-0.8856795778758868,-0.34564951783211284,-1.0964342616264535,-0.35592294683840286,3.686715822786476,0.03450569330933151,0.18714316649502574,0.0055560363868432895
AB_k_int,150,0.38826083201727846,0.9811017850627477,-1.2610421024183913,0.9232300805763691,-0.6559540662987629,-0.761694263076693,0.7930774692937497,-1.0113620888157997,-36.97652639354781,2.0105283148062028,0.1513096118008238,0.012256807221334482
AB_k_int,151,-0.3604390847696841,-0.30634248836818,0.12759493390464316,-1.3177445621556034,1.164831838823728,1.0463265902665755,-0.463384826517524,1.0759787841860915,-2.2588117226652558,0.35047112611436504,0.2139912098814479,0.04306014744045521
AB_k_int,152,-0.5200519930941191,0.30862433270522693,-1.2061123493498411,-0.9100886097320242,-0.2914353937597365,0.8944262549136852,0.29148886026425336,0.013747125029963003,-0.8130185216742605,2.907323578828584,0.27108885445031944,0.020499475878484347
AB_k_int,153,0.5480534855063715,-0.981575017595167,0.18367703397264656,1.3058302800554678,0.8443154074792123,-1.260297638279943,-1.311621061933315,-0.6875771358664217,1.63541339643409,0.004198866740080852,0.23981633352686754,0.002417801839965544
AB_k_int,154,1.3119697329516138,1.174753201252295,-0.5554887535975401,0.4713003997169778,0.3534741442646592,-0.4969997622295693,0.9217883621952552,-0.7229738649190787,-16.62073519729034,0.9139875343371177,0.09929738616944452,0.039035235165441357
AB_k_int,155,-1.3401722011669932,-0.4620120599412062,0.8327044017702427,-0.07657443288453525,-1.2968806544332494,0.12098576797987604,-0.5949726542659493,1.3535337326659518,3.743774227761406,1.197242712870012,0.2514464451369836,0.03393706675205864
AB_k_int,156,-0.889679469412475,0.789527103345798,0.6275227167207904,-0.6487161563842925,-0.7360313970180201,1.2400451894714093,1.3186443750743442,-1.3239193676023795,-7.966986454323132,78.15666334012224,0.20447324545445258,0.022486378620837986
AB_k_int,157,0.8743698706124416,-0.1540485883117051,-0.7618658304948136,0.25384178165652527,0.22643279499750424,-0.9175166270772892,-0.283789631970355,0.7366811986405029,0.08591336505331704,0.04748292109899201,0.22241328309588373,0.019695143505530838
AB_k_int,158,0.2925426998899594,0.616620195131244,1.1036855265472678,0.7407932753289905,1.318519986565913,-0.14118078406391166,0.5871031212372448,0.6251330511066933,-4.511963399502267,4.666055455890505,0.11993358388495128,0.04985732828379102
AB_k_int,159,-0.27737059671595277,-1.3666841120122084,-0.28495126705136653,-1.1366826925110953,-0.5051214213554204,0.47389427401663453,-0.9289799969610997,-0.08126814695392204,0.727985625969323,0.13536562471479485,0.5606383599266374,0.004302837536079621
AB_k_int,160,-0.3430154313294793,0.734224572078124,-0.878406139822923,1.227604373593503,0.11061794758593946,0.16374105388463178,0.5132285221816257,-0.6152559394019698,-8.387513133309806,2.239566296096348,0.18697998453711925,0.017359363226459968
AB_k_int,161,0.316325384014299,-0.05506508483237327,0.50574608809164,-1.0158956822464789,-1.0090564523232126,-0.45311037497014506,-0.8292138312364271,0.07540155501589352,-0.10091024231971568,0.10775707870773593,0.1513994914213415,0.017156942718733588
AB_k_int,162,0.9373520495450298,0.5606345702656819,-0.14138224273366395,-0.1608895095592473,-0.5251530890826642,-1.2174209643534868,1.0460935541852645,1.3353187073059283,-8.637820184603076,1.7179018908816064,0.11341246878700088,0.127014258078562
AB_k_int,163,-0.910545659777058,-1.2683733011320109,1.2416599496922645,0.3715832410815172,1.1196172615525433,0.9381942644801067,-0.0367917617194049,-0.7521941901589644,1.9652009972749684,0.42414405307481173,0.27298023485406325,0.03759193790748881
AB_k_int,164,-1.3596450915038956,0.2525759919862067,0.08356216366140723,0.33282915071145536,0.9007724986698584,0.519390145627747,0.8262525780644572,0.7334102601203389,-1.364717891945145,2.3192405476359994,0.2631657121932908,0.04339207707169141
AB_k_int,165,1.376350830723523,-0.8832424751346538,-1.300992718210865,-0.5435014037065075,-0.045615250701077414,-0.1000346266574983,-0.5168670022510942,-1.3598564760522995,1.4004244702052258,0.061435272457248606,1.2736245686656469,0.01728100308395035
AB_k_int,166,0.5705327705892784,1.1193864667986697,0.9923392611598232,-1.05295985304347,-1.1412565368773684,-0.8719732382916323,0.04059921412165468,-0.00212704555991583,-8.742273280611496,1.7309188400937243,0.10498509166606994,0.0783164254675182
AB_k_int,167,-0.5870164221473358,-0.36300798169572035,-0.39025846673942444,0.841271979187,0.6768004642960552,1.281143840031976,-1.0429626676438497,0.6719465159722839,-0.17884493839582927,0.20702067228686447,0.2773472514066592,0.01464181906412203
AB_k_int,168,-0.4271415780449537,0.36499909384516216,0.699341114755174,1.0397760655239574,-0.856637205771579,0.7393047008099958,0.8710138184574918,0.9973762572493958,7.658885535377674,50.25112990696306,0.1594893083017904,0.006294213462877095
AB_k_int,169,0.4108166320939959,-1.1201401028208253,-0.6848108601062913,-0.8294000034333339,0.2601816913387305,-1.0672785630491317,-0.5590899238281328,-1.0634016424071924,0.7358181599812675,0.006204010686799988,0.6481258929727922,0.004547395688352025
AB_k_int,170,1.1950611409901277,0.8851646742119168,0.3088909732050533,-0.34127449315328673,1.2707035689868402,-0.6412392688050622,0.34225283257974803,-0.34195889849580374,-2.6425456427379417,0.21852240034512954,0.09584686846224065,0.057019646003851225
AB_k_int,171,-1.1781967787929832,-0.2534087871488273,-1.074151296686109,0.5533431602784267,-0.371549378445555,0.32480413721156065,-1.347493220948863,0.3646083746978406,0.6980418425609518,0.05191615437480326,0.39820391915178643,0.003673073660254679
AB_k_int,172,-0.7507510180136253,1.2689945800553295,-0.24096633417230895,0.17207434802981014,-0.23850056929449082,1.0902227428231035,0.5552824869189301,-0.4270526350454328,-19.21675067240403,10.470818388372884,0.19314850454054275,0.01850915166417204
AB_k_int,173,0.777737163274953,-0.562683672889307,1.143588790424363,-0.3840792302812628,0.7050313467592708,-0.7189483866156955,-0.8741446895058598,0.2744380521597085,-0.32586327968194895,0.09066357318438148,0.13177808021212825,0.030127821557131153
AB_k_int,174,0.1349678037498132,0.05560720461522717,-0.8031696761315864,-1.2170966329117152,0.4798752614479067,-0.30188565007353674,1.3504544482990883,1.0930161624012327,-2.097016520434336,1.1173149335983104,0.2183043889835843,0.07643089675097936
AB_k_int,175,-0.16147801294205455,-0.7363425877739282,0.5794279639737292,1.0067836946581157,-1.3356646670410364,0.6616635923104781,-0.3386143783320241,-0.9836690784584394,29.26855415264612,1.8099674647598991,0.21541701189591692,0.008326670415624475
AB_k_int,176,-0.04587049348280603,0.11604521868882567,-0.6010367851328889,0.18486145157898193,1.179683246257613,-0.8530935947920334,-0.7424270481004477,1.1870799495731148,-3.809806879041741,0.15857378298978161,0.1994178591671759,0.04529333084009398
AB_k_int,177,0.07187306783220215,-0.8275806342898763,0.788859102557671,-0.6662519743190013,-0.6492253121278988,1.126906027393144,0.427794096114976,-0.9058428409604999,6.003561160030376,8.665179816045157,0.19869758095035872,0.022209771627695718
AB_k_int,178,0.8351098109020663,1.3294244964297992,-1.1633353163717233,-1.1975405345847836,-0.9385196881816777,0.5382490749237705,-0.12426610045075126,-0.4995031571358973,-7.388486953527277,1.2124434684349708,0.12502288962438907,0.017831048763220544
AB_k_int,179,-0.8612498705487911,-0.6539142827427896,0.22479346538659395,0.7151343083537631,0.01871965971613787,-0.25429336007386305,1.1322153705881155,0.17491393688741175,23.181599902414415,2.234761934091326,0.26730672811481776,0.031070557219842965
AB_k_int,180,-1.1059640372970778,1.0200114540266292,1.0594806853618903,1.37493752917242,0.5842226720508752,-1.1932962324883567,-0.42940195934782954,-0.24785017115949537,-7.7405772412851634,11.950740406843018,0.1829950217788076,0.003275587172420399
AB_k_int,181,1.0885919576275052,-0.27013792086912747,-0.3301397979287013,-0.8924258727579062,-1.071399277111212,0.7895398050620022,0.740142619006759,0.4424742847242933,6.242571036196836,12.561792832923686,0.19365121308701883,0.01276507805015029
AB_k_int,182,0.511500577507352,0.4998539713590038,0.6689565077054478,-0.015589671771437663,-0.1703670607512735,0.1878442452503568,-1.1297614733841481,0.9249653870300489,-4.641329102231541,1.3255656219666156,0.12061608318788167,0.10452754982518948
AB_k_int,183,-0.4943294633122083,-1.1368766732035906,-0.7194061984021971,0.4970862857316145,0.9601588963699668,-0.6017862509432802,0.12604277075722026,-1.162880796857667,3.1011336552166555,0.03202134656051448,0.6185453509886883,0.008777262438176291
AB_k_int,184,-0.6596298381318858,1.1351448062063014,0.42197709483758894,0.0031252470723786008,-0.4522789561065155,-0.06066497171621377,-0.6445652102235507,-0.10030248077932447,-7.158204918555702,1.2907857507944878,0.15885582330217465,0.01709591124120228
AB_k_int,185,0.6766211142040908,-0.4989153741797664,-0.9679187153877368,-0.4858483990687985,1.3740702232480462,0.38251626073369493,0.9578443539576427,0.6008549200029933,0.19539320905820134,0.7540688136201531,0.381540528737642,0.07538282490047116
AB_k_int,186,1.2752862108215226,0.26833714079965887,1.3308493816155618,-1.3840176217417652,0.21158382513631624,1.3314649720085294,-1.261330378958078,0.8098772409787729,-3.2290803055733925,1.8029374061781,0.08860539609578168,0.17665782329318436
AB_k_int,187,-1.2928380459844513,-1.0191520159878567,-0.057279653195853264,0.9029863311136153,-0.7427573830978553,-0.9980742913087506,0.25473490674339616,-1.2671410384149737,29.100956565635204,0.3759722842707872,0.3371488368210425,0.006474861056775675
AB_k_int,188,-1.0264492410320116,0.6535201886934392,-1.216879531429041,1.2094444053574678,-1.2224644313722741,-0.40560394743585304,-0.960298235668563,1.2371882329083415,-11.156934220768616,0.6971379082310101,0.2108399814330991,0.024847752035886652
AB_k_int,189,1.0001505584077701,-1.3270737596779687,0.1727410396554827,-0.7282653781993546,0.43059780824053084,0.0404097548166511,0.6427885554101287,-0.8232461342571374,2.66711268379505,0.5145810058603358,0.40085381154938116,0.04266794071428298
AB_k_int,190,0.2586566745914809,0.8271073811000609,-0.4797815982334598,-0.1749881305063763,0.8077184966450985,0.9749607467114785,-0.2531270693322871,-0.5387492860150226,-2.0996666246884557,0.4277377458744713,0.14969090157681678,0.030114997359371593
AB_k_int,191,-0.2328128058491845,-0.11376339500917454,0.9085808651497851,0.657859680069423,-0.3199096513308297,-1.3516520143378103,1.2636147822300219,0.16816193281764558,23.17350649362522,9.349712892113889,0.14902321087825782,0.0068880941118325805
AB_k_int,192,-0.2462142448545328,1.0885545160977317,-0.3832603091420541,-0.058700595401204536,-1.0390387514266084,-0.527624638031289,0.8035658823996508,0.19740059924277142,-30.010947314048465,4.371733276233763,0.15196539995619762,0.012966519129734372
AB_k_int,193,0.21818099169633443,-0.37217668158190564,1.0050175415482514,0.45480684810201333,0.09690241804275646,0.24367982512198205,-0.4522968583220962,-0.47659640598082653,2.494712404294496,0.21702645030250556,0.15295678445598446,0.012914658029506752
AB_k_int,194,1.0355063574129482,0.2225079466152804,-1.3803730477405542,1.3311459340244156,1.1008236690170616,0.8637915513559433,0.06246093603030123,-0.885220327818207,1.292962509040695,0.4423890861317036,0.2574570850934997,0.042144804482031444
AB_k_int,195,-1.0073356086287233,-0.8916520518779407,0.009332136036908745,-0.9367316666362513,-0.5493830677969007,-1.1376148962263521,-1.107046288588446,1.2077893890366698,-0.5960028855687048,0.056440809790445315,0.32848666528447457,0.01720986770632531
AB_k_int,196,-1.2628538412362986,0.5209842200489461,1.2759165944920128,-1.1538465249742416,-0.07526176383676564,-0.17723071546282454,0.4451046451491709,-1.1399300919288167,-0.634419945901029,1.0292102292938379,0.22111189163548978,0.019052736809929506
AB_k_int,197,1.278195180124882,-1.286365347980273,-0.11263550378409959,0.7593268170738858,0.8873927964091746,0.5911618088864499,-0.8114346717621088,0.9473261167366458,1.0181954655818704,0.06537796820080165,0.46814905834211457,0.014674307712847633
AB_k_int,198,0.6686758614913113,0.6939793766580895,0.4532646418193358,0.22787958218709736,0.6576657561847659,1.2040050961572162,1.1147462605485907,0.4632276882903259,-5.791871508012931,12.815390832782732,0.11609966389880332,0.048768055186280954
AB_k_int,199,-0.6838162658915594,-0.07364686417848909,-0.9362081049412927,-0.6240919364367611,-1.1658275898526211,-0.800237766790261,-0.055438201296352574,-0.22735358033726727,3.182269855515633,0.13588203087336445,0.3078781540142104,0.005748924607223878
AB_k_int,200,-0.5022733836229624,0.07561136960222159,0.5514949404996476,-0.21879968586301168,0.28976670740730914,-1.3420783417012447,0.5766576858431747,-1.2874671024353914,1.771824380131228,0.25605238145493275,0.1756780093166999,0.009379494014916145
AB_k_int,201,0.4873128380030489,-0.6946852527813009,-0.8367831529150578,0.6135309616461586,-0.8432766529167434,1.008698562942066,-0.9401109428683587,0.7889559134427933,5.31351148702444,0.5488995645119562,0.4016985777080621,0.00871071086928196
AB_k_int,202,1.1185748506310287,1.2882295410903055,1.2020339235590092,1.1663111252611646,-0.3524365052015599,0.04995593762383965,1.3299042231310032,0.5783263076412404,-120.42064625745935,224.77463695262537,0.08159822352179263,0.008753284852327835
AB_k_int,203,-1.1030537355916934,-0.5217801624175715,-0.18767117242452191,-0.7705641873018082,1.2952105220631205,-0.371818138910619,-0.27313464795392717,-0.12308261759157313,-0.24258977324981473,0.022985050158901593,0.3257342678924149,0.006104525859747876
AB_k_int,204,-0.8258927597989836,0.8923210907002039,-1.086021108577572,-1.3410191104952511,0.7349521901103488,-0.9855850235091428,0.9324109864012604,0.14728192523748884,-3.998286032691294,0.16714291472983586,0.23450940277840776,0.028282986920392026
AB_k_int,205,0.8542221109033294,-0.22458365596461505,0.3025307366454426,0.9451244256772335,-0.22480423047194753,1.3622653788661767,-0.5836804050840766,-0.5592039165021595,4.70443707149887,1.2524895498166724,0.14728253653506038,0.01809185918005816
AB_k_int,206,0.058470296424828705,0.37275565415875467,-0.6099429114440336,0.04679658002675002,-1.3168928680580578,0.39490582044842815,0.2803268353051076,-0.8459849614422608,3.0221121469056755,3.1232047844588355,0.18759533558703742,0.012540599997976496
AB_k_int,207,-0.08634486463332292,-1.090730537760766,0.7795299127818291,-0.44167626370522184,0.5040410989483792,-0.029700725888625934,-1.3220354595902901,1.2145310437511714,-0.8089974025468243,0.11665699650610949,0.2181970337515714,0.038465033526188165
AB_k_int,208,-0.14265986392739083,0.49812614288258095,-0.74759832759101,-1.0953567434608837,-0.6195814637962608,1.228467968933168,-0.3667990605296738,-0.7735395520572412,-0.821595681429249,2.1066791226577024,0.19777812328005948,0.01657955359354183
AB_k_int,209,0.17002679729303982,-1.1602576613569486,0.6355916013648819,0.7983531228584486,1.1930603250290381,-0.949231028155851,0.7167155622787329,1.3140602717289134,4.937445899143506,0.2251263817878516,0.21790855422669525,0.05616577355900595
AB_k_int,210,0.7369646749178551,1.0176990160864954,-0.27144609435114964,0.2883975584574199,0.037851703023376926,-0.15278876346440562,-1.1931893459584637,0.05321269484182989,-4.707685544373863,0.19377837193784206,0.11524190956502176,0.03836780162079017
AB_k_int,211,-0.7644479404075981,-0.2941188772599268,1.1125167413949464,-0.58709374277958,-0.9139512586956835,0.44214783331728436,0.1499563504696484,-0.6370247107763224,4.523010141731631,1.9282342082287027,0.21090289359580836,0.014290416070177706
AB_k_int,212,-1.2027646247075479,1.3148221474697939,0.21300295723736618,-0.11647122066806648,-1.041414313203766,0.8830099968030278,-0.7252613306499405,0.6507320444977467,-16.4124787398609,4.725240966057987,0.20204463075198156,0.01792675318480429
AB_k_int,213,1.1867357921957848,-0.6901853154126265,-1.1697854745749778,0.4151459161343112,0.5979408250833167,-1.2921908497760057,0.35757605493226996,-0.0235983297782576,4.092126028824194,0.019965693310264977,0.6829739801839627,0.007444733146192612
AB_k_int,214,0.4133455053157913,0.1021965393192441,0.8636371295762848,1.2699934142005367,0.9789551537094983,-0.5084276091392352,-0.14090298857038697,-1.3815812936528724,1.8607456822501525,0.3848306047266062,0.12489636940845451,0.01011882877350738
AB_k_int,215,-0.397538791451692,-0.863082308077227,-0.520768683363999,-0.9730106214173533,-0.1461344585477784,0.0890823310729234,1.2015661316681923,0.7110954672975127,5.092413215798507,3.1006522903897027,0.3994720525949199,0.038716798267986144
AB_k_int,216,-0.5844862165235155,0.8613238343542282,0.9158275518752694,-1.261547937485633,1.3441467564077094,0.630202339870152,-1.0269202374013426,0.38675524355071955,-3.9705383933251235,1.302255400795515,0.17868861643377051,0.043584765126532046
AB_k_int,217,0.6001342454379108,-0.10121018224106249,-0.46736246487455435,0.9631693399655361,-0.46597795973310874,-0.31375696737271364,0.6621118965305917,-0.32006355409342047,19.9211761929412,0.9975777925812145,0.19326791313427166,0.021285513076618728
AB_k_int,218,1.3517816730643293,0.6883265293759278,0.09310156309627038,0.12965485325711112,-0.7615318055700925,-0.7502670772036906,-0.18568009384334805,-1.0417597900722488,-2.980421631967496,0.174554013044969,0.09857716156135883,0.014249528615071063
AB_k_int,219,-1.3679691078962135,-1.313925856637026,-1.2908610299254255,-0.42701836700807927,0.18741532283179363,1.0782306882101917,1.243804918125157,1.0184228460687772,7.938759060748225,17.36186992024651,1.3567623257057166,0.030072258024107398
AB_k_int,220,-0.9513168363895266,0.29377254310952083,-0.023112888724957648,-0.2989054850557693,0.4010154156612109,0.2908384750703408,-0.6711652429368063,-0.9617324244289309,-0.2992183838744795,0.08937598398794998,0.23479913038088873,0.007273173733143521
AB_k_int,221,0.923653794749032,-1.0153748860603746,1.3596754656221524,0.5962052036043521,-1.2358223194230595,-0.6506266685399169,1.0185434671846607,1.1150344544586945,74.22988588756506,3.1351596357659526,0.1351325663997443,0.040147163198989054
AB_k_int,222,0.3351422006269378,1.1598212609611285,-1.0203208166030144,1.0841720909068824,-0.3390199010855661,-1.101174873148513,-1.235259175575694,0.295525960934913,-10.955032366946657,0.2026580271143038,0.1325143592260787,0.024981067931696802
AB_k_int,223,-0.30795512604162334,-0.49590232517015975,0.3640852493903668,-0.7858566275525072,0.7832142083728681,0.7299107578450414,0.19490307361900716,-0.40553934917720846,0.43968561232577347,0.6004893141134444,0.21942976846513013,0.03639975477228355
AB_k_int,224,-0.2853541895552201,0.17545372238454737,1.1565069625673126,0.8788513712554209,-1.178052244159359,1.123481965927078,-1.1627330758207508,-0.2842917357954915,2.8778042628743137,1.5650934262322438,0.15697628335050398,0.009880424220619402
AB_k_int,225,0.2683099995638345,-0.9414165832372285,-0.23153754218074596,-1.3612628651223542,0.6481488733112564,-0.7088736817563971,0.09377780102094802,0.3902100225642462,-0.017809983522060202,0.03747907102017848,0.3360948367188279,0.010634529207692141
AB_k_int,226,0.9043130910874517,1.0421751225065916,0.5942930440214176,-0.5052413814346406,0.9374417207177503,-0.26863797445377924,-0.3972658917609573,0.9717825831377447,-9.027918859518486,3.6691591719013306,0.09743322281564755,0.1589613433240572
AB_k_int,227,-0.8868141285289126,-0.4212609184204281,-0.7956877920447623,0.023845549743916727,-0.017089855746836857,0.6717280304440953,0.7729046728210041,-1.1210556256890243,7.386662790941654,3.7293745988249247,0.3744049307921333,0.044546152194484455
AB_k_int,228,-1.3047701295953638,0.7437405770123149,-0.6541266820857592,0.6799309351073808,-0.5831864376906859,0.7724029614863863,-0.09149281934192355,1.053534779352929,-11.487773804860343,3.3508077141304797,0.24750799218465094,0.016324448605302706
AB_k_int,229,1.3311217054813904,-0.026590672330812026,0.7343203113608421,-0.19842901219649955,1.069727740038173,-1.0570250477723322,1.164340169565613,-1.034226843485337,1.700703426865453,0.17059749680097328,0.10728764563450116,0.04162983199141364
AB_k_int,230,0.53469567492082,0.5700717465777396,-1.0445662470492625,-0.7068721505329802,0.16869432554928165,-0.6081717256761329,-0.7746820713006726,-0.37650284377329,-1.426959517061917,0.020370083398978528,0.17488355905256578,0.007321667352253291
AB_k_int,231,-0.5604866917161229,-1.2399879633208684,0.344969298194407,1.189389074583407,-0.9591241906570622,0.3350255715527801,0.3948125884571174,0.3139062557895318,58.162305179909794,2.8265728592801826,0.3301516274512141,0.01243955244805282
AB_k_int,232,-0.37379558361060616,1.2378119210004381,-1.3348885118753526,0.6984689698358484,0.4539945295829171,0.4862912239146928,-0.22019842395012001,1.3743717437605747,-21.396355786841006,1.2280195018600113,0.1857967737289291,0.06507095272127415
AB_k_int,233,0.34782480099324964,-0.5694927946582864,0.053156235597105805,-1.17950548678512,-1.3750620906865407,-0.11028748089763418,1.2959227090207295,-0.702561891954139,16.047851567435767,8.57917885840103,0.21724125146514292,0.01942879768723777
AB_k_int,234,1.1658297537148246,0.0245149423240818,-0.42610083779031926,-0.6930722716786534,-0.2125771385925126,-0.9050401203838981,-0.9923913255436041,-0.6648802638520406,-0.09920844698647147,0.009961248425000924,0.16615574588307602,0.011498382442197842
AB_k_int,235,-1.1396580262804348,-0.7430715588474475,0.9638799104819287,0.21034376941673738,0.7444718410748872,1.2709217446540928,0.6099835238840527,0.036361697979727436,3.74424055900317,4.3573604329924756,0.26697459367231624,0.04618012940464567
AB_k_int,236,-0.7000220780591263,0.42046495539440687,0.4974059770058683,0.5157916143794596,1.2234160117247324,0.13048249181732086,-1.2941452950480143,-0.060899466726098694,-1.5424285897590284,0.1756742093331099,0.19335202025263803,0.013432193008117311
AB_k_int,237,0.7173623659966595,-1.0403109500539545,-0.8910407633876354,-0.03291471455091677,-0.4323539993213009,-0.4631857408661071,0.22265174274700672,0.6460963338134154,7.426584913729628,0.19694007493274476,0.7141159592062626,0.01232470449032735
AB_k_int,238,0.10310750464950869,0.9407106864566213,1.23441929750851,-0.8676244123549498,-0.8094758032252382,-1.250669301009908,-0.612268531384822,0.7592524685244533,-7.6729938698666675,5.410971718517649,0.11765931559103475,0.08036143303583798
AB_k_int,239,-0.12031028663231735,-0.17348923761821067,-0.1551163252003933,1.348808665834185,0.3208597856655864,0.9281304873831531,0.9907842059769971,-1.301097234304597,20.542402348182563,8.302475525948983,0.21193544787501709,0.04703679033402962
AB_k_int,240,-0.019594632116504807,0.9672583216855897,0.13725359881379484,0.5353053857025258,-0.10962608531179385,-0.4156667536352069,0.007628262393017726,0.8600912204614632,-13.168581397506808,3.0176881466214076,0.13246610100974485,0.04533899464669741
AB_k_int,241,0.03595132848471061,-0.34184937814795435,-1.245704306273177,-0.32460642785913474,1.0073408736824618,0.007162430372621209,-1.0752282880880877,-1.227337033324396,0.054457325050039224,0.008990973852771035,0.4088096062488052,0.005987956583694753
AB_k_int,242,0.7896268579098129,0.4470104422542185,0.8743621085959934,-0.8548795944948521,0.5234386259412833,0.9648870540645709,0.8583879742859677,-0.1401143769950739,-1.3201137646058962,4.909666092887484,0.11064136413979839,0.0566741748529193
AB_k_int,243,-0.8064595110045009,-1.2086682811778777,-0.5098750573654919,1.066593636107372,-1.1186239532606956,-1.3849089444708582,-0.48410427707148806,0.5506276784722397,24.495419070084534,0.05521178927854459,0.42120058914224195,0.0036202027117666555
AB_k_int,244,-1.0823170877557784,0.14993036088363643,-0.9748044270335863,1.024111464213832,-0.8990163127534374,-0.07088807930648788,1.078866163928731,-0.563996571750604,33.24748917166088,8.614042695120494,0.2793786841693712,0.012431750808818344
AB_k_int,245,1.0552991920772021,-0.8126435709645671,0.40787757787592005,-1.2358046883357978,0.04466366518427023,0.34944840774382935,-0.004666291376545839,0.11016157148844163,0.5757442750130823,0.39638733710062496,0.19343565201806692,0.02262885511505059
AB_k_int,246,0.46340057003525015,1.3632294879291498,-0.06594271684223085,-0.35795309371926476,1.1403063973782628,1.3212104858341303,0.4809741496893667,1.2951964853627171,-18.726851251313516,7.801602238032879,0.11898158287262785,0.10438674651346888
AB_k_int,247,-0.43692206994546534,-0.6390676161812263,1.3185272166544209,0.14727561440309112,-0.6750431628802643,-1.0311748862708594,-0.8621959896022513,-0.7979855864734927,3.3938253723771186,0.08382311475686419,0.16993822855651847,0.003375619942090964
AB_k_int,248,-0.6182083047294239,0.6412914545510431,-0.31564031763511835,0.34883088072001134,0.8577136394238727,-1.183073785934746,1.3833837443892214,-0.4733198486490222,-3.1899388259594788,1.5964390623698956,0.18785662358792574,0.022800927977233144
AB_k_int,249,0.6448453968106318,-1.363665867667574,1.0673176752457854,-0.13675694595895838,-0.2618126986013334,0.8226083190885312,-0.30630710224928226,0.23333208888105084,3.5746906474464106,0.7541027366079363,0.20885974957757938,0.016273720599829188
AB_k_int,250,1.2151652619507451,0.814967721648084,-0.7061750718781784,-1.0366183811759226,-1.27233337812049,0.1980993924614194,0.5231887256785275,1.1286539064543042,-12.068599571026121,3.515808942272739,0.11439591879363632,0.05135380933086651
AB_k_int,251,-1.242024483008315,-0.15027667437664682,0.6780618513589072,1.2469997522172507,0.37262734074513326,-0.568686317017835,-0.9069490496665742,-0.9320394114954382,2.230011031966606,0.26697251269491235,0.21728897227364652,0.0025232829223118544
AB_k_int,252,-0.9878258448404302,1.2095645926680414,0.8180785627691101,0.8647104646192181,0.24017210120318078,-0.843030127556016,0.3094372451244505,0.8750105390838343,-23.36671274304094,38.904048108173924,0.17002409766804077,0.007233239675821171
AB_k_int,253,0.9711730401973788,-0.44886920763352123,-0.5646033646751621,-1.075028711823522,-0.706067586283809,1.1601526908005104,-1.379575713579891,-1.2015901407263878,0.3831964204886503,0.26345221511766037,0.2746225359836425,0.021541278275585784
AB_k_int,254,0.195749445854976,0.34283575588353177,0.25579060811689325,-0.5234436766745412,-0.4809099723251602,0.5483221065340143,0.9033111480041864,-0.20913293616560313,0.7562631321922215,6.342396667205501,0.1506194251375749,0.025602168431656008
AB_k_int,255,-0.1792129836647165,-0.9690167747511929,-1.1286795784328565,0.3114335267871755,1.3373373970786793,-0.22103576890415177,-0.5261507225167441,0.492442394718571,0.21529911210149777,0.014362789471818512,0.7204951567210619,0.004697958334701007
AB_k_d,0,-0.1912269015488417,0.8716130946721761,0.8495565812682513,-1.2380809603403446,-0.3297712493313545,0.9423419028753559,0.5483510888602334,0.2882450939660073,-5.268424745024759,7.090536447654732,0.1538212931385595,0.028651605390456834
AB_k_d,1,0.20810183516825487,-0.24525194847803578,-0.5398946094999253,0.7264800627727699,0.174906564779308,-1.2323990274449852,-0.8807528303073634,-0.396915178242655,1.5375182064065411,0.012820886605941606,0.2236238578925408,0.002829563852754578
AB_k_d,2,0.959154309140047,0.3514521467264158,0.19927142595901026,-0.5828057993524839,-1.2810671365394293,-0.438132910943123,1.3573964126157045,-0.9649544384894657,5.808292106253591,5.249525998654785,0.11928344335466566,0.024524221130775903
AB_k_d,3,-0.9754686836687362,-1.111989218644355,-1.1892604177405817,0.04926906114035745,1.3008417229767242,0.1595940145538588,-0.3320168037884401,1.1168920113803467,-0.20916471738582298,0.04427285193359064,0.815949397741687,0.009837264039220623
AB_k_d,4,-1.251336929964912,0.052912496402628406,-0.2692704445212386,0.6623541019134358,-0.6944385182644417,1.2986570716866204,0.883037811986388,-1.0602015949048496,18.825770492181533,35.09255982566434,0.28441257026990596,0.018628883099944968
AB_k_d,5,1.2248161390217043,-0.7174240773842498,1.120456315906072,-0.1345102166124903,0.8479077957344423,-0.8786560452500279,-0.546743995115371,1.0382291183689583,-0.6919945201013705,0.27544512458685394,0.12169709564749165,0.09868562801876525
AB_k_d,6,0.6355404071738959,1.2662939173484096,-0.7450947932472607,1.3290676347540906,-0.43477869729639373,-0.0933512619494179,0.3302394053087716,0.3723775695911007,-56.85220059293894,4.462018248544785,0.11528908673733104,0.017416310216449803
AB_k_d,7,-0.6085648436635346,-0.5437605300786345,0.6432032913621695,-0.8226096075935901,0.41631365547576316,0.5018763562234174,-1.3598497159195444,-0.30702919442814736,-0.20902626640932875,0.038607221675066895,0.2281478820849178,0.0050471149150427864
AB_k_d,8,-0.44893598782959054,0.5416531942564262,-1.039446737574592,-0.2856852966227934,0.9607355140037017,0.30728761070229593,0.8413061232799792,-1.3675396742071058,-0.6076587529032524,0.7989798859900681,0.23019640401319877,0.07995411912152127
AB_k_d,9,0.475752959348529,-1.265656752887769,0.35000469591798455,0.46721206870488974,-0.9409609069090114,-0.6345531669920466,-0.5021353715620424,0.6983969968869259,10.823845559654568,0.07807236055728448,0.2895424068434353,0.011234759913533579
AB_k_d,10,1.0432804610198703,0.7152372519032448,-0.04258782672621231,-1.0180477025978412,0.5259274186509997,-1.073963900538505,0.025535081990817332,0.6688323412640205,-4.754988663111918,0.4178882249621972,0.10773783108900456,0.09388059227653461
AB_k_d,11,-1.0699599265840842,-0.05234391449583509,1.3459439291794475,1.1776809403818558,-0.6807920825456505,0.7568204629956183,-1.0576837114175863,-0.04306292875294604,4.326639453778063,2.319929135935065,0.18352950763884923,0.0059766695837645215
AB_k_d,12,-0.8157719579610977,1.1112936918764078,0.10104113244304735,0.9216141635413526,0.07417713436271334,0.6575192487698491,0.5039127855347578,0.056770267638719174,-21.32918539246437,14.639209622479818,0.17528580053056925,0.007475251178647248
AB_k_d,13,0.7992777349807716,-0.3494768787995042,-1.2886853749311655,-1.0868926595967698,-0.0926421968407396,-0.28691088183665836,-0.8388528044830924,-0.6392179916934951,0.09690445008352694,0.023832396533698987,0.45051744569764063,0.008036504732412991
AB_k_d,14,0.02664633884797496,0.24448783915624128,0.923439236708208,0.20066897624586377,1.2009597467272,-0.7339238778614247,1.0553987039168173,-0.765918003317838,0.7112254215544556,0.8988137746932349,0.14250177131919112,0.029945538770083276
AB_k_d,15,-0.009951171050615715,-0.8697173164040611,-0.4648589253664561,-0.3873756367881961,-1.047490489914595,1.0943678093725835,-0.027142201557424306,1.3050955842830285,6.1244732211567845,4.889301371093474,0.336819107333523,0.010771860720539707
AB_k_d,16,-0.1110051317364158,0.27103055792502406,0.43411257374910406,1.2394425590120923,0.5105659904450619,-0.24744067702162287,-0.9672329285818797,-0.8640881502439378,0.3164581461872815,0.17504495614311533,0.1500293889306634,0.005851419466253934
AB_k_d,17,0.09346387832445346,-1.0380718794369557,-0.9502731705312211,-0.727820843953963,-0.36217680039214173,0.5205659671752811,0.6361863536098997,1.233998700020429,4.389256923404638,2.9355225463930323,0.6178006178322799,0.022376849235291898
AB_k_d,18,0.7266746476940906,1.1378441778259878,1.2564154887347077,0.584151553801701,0.7702350659264001,1.144588370817991,-0.2461817895036551,0.13324253679046194,-7.154759165080716,4.655175814332365,0.10006494739850033,0.0852544786065888
AB_k_d,19,-0.7096727898709193,-0.5178398700498597,-0.1263515316869548,-0.050636304445490055,-0.7937828393107655,-0.8599455135206313,1.2702063971149358,-0.5465078423494781,26.435149167503475,1.537858209222057,0.27723789406606,0.027267675117691063
AB_k_d,20,-1.1276394604822686,0.840657669552568,-1.3724596358211296,-0.661007996288491,1.226889333333108,-0.5869780639456265,-0.6325484777692564,0.5707071551597427,-4.7771199395077995,0.06923993320841315,0.2743287008720932,0.011976517131169056
AB_k_d,21,1.1534727578022965,-0.1219215867393868,0.011523289242320711,0.1331432831682937,-1.3766699642480922,0.18386648294895225,0.9701948995983518,-0.1141201611444278,30.326337327340937,8.392361193936049,0.14765967176805933,0.01442327700121892
AB_k_d,22,0.35983888413654075,0.667065844724952,-0.37567476107907183,-1.327705726221407,0.27560270063832326,0.7935182903722573,-1.2733365244970571,-1.29102773252685,-0.6542844123428158,0.06353450685204984,0.14799264569572182,0.018637593269359397
AB_k_d,23,-0.38614813818305094,-1.3352259969138598,1.0075365586101055,0.8212691775881245,-0.2507467047106209,-1.2081051424948612,0.24237377418737172,0.7911520863953692,16.8246857118894,0.29745343538884744,0.2215094452924428,0.01855998167600371
AB_k_d,24,-0.5511815368202212,1.3375185417818984,-0.6240079821983108,0.2843290223947972,-1.1468242137169056,-1.0128804848677158,-0.4143437765469645,0.46644664505629163,-26.628676177166263,1.5572259947746672,0.15250892901944485,0.018816315655665012
AB_k_d,25,0.5250520485957648,-0.6674440119221892,0.7603778498759459,-0.4658766222961457,1.123276460989936,1.3354407408712456,0.7548669679638136,-0.22920824522351646,1.2177081897419373,4.31340548009832,0.16636147633338283,0.07553832418586065
AB_k_d,26,1.3404339871788216,0.12413464194862889,-1.099737141644776,1.016696778635341,-0.020050855865709316,0.3785410909354552,-1.1448302224429328,-1.1326468287020053,1.1953863800772653,0.04730429609357967,0.23435018125752857,0.005959686514832556
AB_k_d,27,-1.3144208414071568,-0.8411044193036524,0.28302963605248666,-1.1763085378921379,0.16844006657602528,-0.04585937722172484,0.11132898805808522,0.9386997148033525,-0.03330495190947702,0.2566136036102264,0.3306580560184,0.021555683760288196
AB_k_d,28,-0.8747955627307465,0.5188366177980972,1.2042250819287699,-0.9229654386795803,-0.6017569819956952,-1.3585066908287393,-0.7517368250886456,-0.8708404228598485,-0.8044119800513594,0.2307611748421728,0.16821316971426048,0.007748699301619496
AB_k_d,29,0.8919560951749237,-1.1395918477310163,-0.17975776566944623,1.088264752225552,0.626612957266002,0.9926458478986564,0.41815180735629487,1.194752633113491,9.672210585952566,1.851689189907491,0.3738447242574668,0.03910348596960879
AB_k_d,30,0.2803240827071256,1.039000044631346,0.5540139627258509,-0.20202556033479602,-1.0365743318616876,0.022724095879788297,-0.11496688972047298,0.21583951203996898,-11.901117290717934,2.2425803964638424,0.12185936075469382,0.0398494698521312
AB_k_d,31,-0.2977067441276646,-0.2728577174888491,-0.8291976100164244,0.38871073202121265,0.8867936802893073,-0.3987487131952394,1.1418682256047161,-0.49639962098643853,5.245620988470643,0.4269295513122009,0.3037371821984255,0.0574478011698343
AB_k_d,32,-0.31726408189834054,0.39848791357405755,-0.08504753111971386,0.8234518586791093,-0.8798200972463408,-0.0006093647703273586,-0.21437371488194867,-0.2015218865475834,1.259179014282372,1.2004242035726844,0.1705986005038633,0.008224234125722688
AB_k_d,33,0.34478962791280865,-1.0622485362484457,1.3045100865513006,-1.3569885968912359,1.0333310148617987,0.41993320045986415,1.2153836493563042,0.4834668776329709,0.7356245480926845,1.9624946837327044,0.1718848716877594,0.08487216174785753
AB_k_d,34,0.9143506023057253,0.9179685773277504,-0.9942582583407467,0.1255424976937809,-0.6175888384925811,1.380558458195993,-0.9990515952832505,0.8785574578288722,-8.933015468735935,1.0273146066175207,0.1301262810516321,0.04660754590513863
AB_k_d,35,-0.941675213831858,-0.19618610705041717,0.3942094648024772,-0.6371433952613559,0.5991680912927599,-0.971356090545355,0.6910196934481954,-1.2037937451770802,1.3613118956893333,0.12057066658693905,0.23867161453439453,0.016916099674081926
AB_k_d,36,-1.3799812285869095,1.216551277664254,0.8823227949655628,-0.03725281155268845,-0.16585039605640084,-0.35625515133012464,-1.2225758625292293,1.1467648676011273,-13.836646482245241,13.546451531821711,0.18743466011099313,0.025235957347430477
AB_k_d,37,1.3641322238693874,-0.5907929762499116,-0.5076359893306678,0.5437108387131888,0.011027351649811612,0.06687530013713427,0.20650492551949085,-0.9514936766079092,7.554858948194536,0.35116341906841203,0.320316684989648,0.021881568988870552
AB_k_d,38,0.5881190054804584,0.003848653578047312,0.14488640066952585,-0.7466217801936289,-1.120032364173358,1.035102138657512,-0.6833197214880506,-0.45926774041056995,0.9146359178774861,1.2666202177829962,0.15019846464945366,0.010834720147902672
AB_k_d,39,-0.5721325051369096,-0.7637828394013974,-1.2431373537245145,1.274465665494574,1.1398512452314622,-1.3143182257938322,1.006074330017199,0.22064443778148135,11.915055039371794,0.08136424005429703,0.5125162433372333,0.021128083469712525
AB_k_d,40,-0.40684774730840934,0.7656786383269079,0.24177347284942408,0.3922819206240673,0.25974967031080687,-0.8158034088461075,-1.1779914494437047,1.2808081573512469,-9.253858805462622,2.530662805549954,0.1519737549189583,0.07246049298515032
AB_k_d,41,0.42299293260166215,-0.004612742242446233,-1.1477843875459905,-0.2326486828400527,-0.27817043816802367,1.1870883881192735,0.16479728202172006,-0.7849615503417391,2.2614004605864926,3.9778200756230184,0.2744971305443918,0.026564916918256846
AB_k_d,42,1.1774325997524782,0.592768264834219,0.804410444531318,1.0792814085691418,1.3836647004642935,0.5647555786956515,-0.3811719781239242,-0.5824488757045881,-1.3734741853334458,0.34594763208306445,0.0946992320436898,0.04703276315934942
AB_k_d,43,-1.1931230021498793,-1.2172467837748053,-0.5840571908179736,-0.8977546364870451,-1.2301538035062314,-0.2049881768948849,0.7013881025779105,0.12995701414890748,12.511927433930618,1.8717475750288473,0.6458598351379227,0.015226910474660668
AB_k_d,44,-0.7764600610982941,0.19675470961460628,-0.7039359986790054,-1.1616006580438347,0.7970480893005785,-1.1667036028692985,-0.17249723848881815,-0.14332590226292297,-1.0052211204490957,0.02029580615770324,0.2601983844420835,0.005104796407812125
AB_k_d,45,0.7493152257229132,-0.9201553821513595,0.6860225325641276,0.9748939975015027,-0.7772291875850783,0.8387615168691556,1.1709687302028031,0.5524960547049091,78.1177139705705,25.71582865526954,0.1855099798879859,0.014790557837320152
AB_k_d,46,0.15801155733558736,1.062885721366482,-0.31307335992210694,-0.48599731823466774,0.36474531773853114,0.22538940026751764,-0.69419591522673,0.8528210178731068,-8.496581816716255,0.8581717570861425,0.1422902745765017,0.07372465444715774
AB_k_d,47,-0.13030615254078493,-0.4005952287388701,1.0749504719371676,0.3207188221792503,-0.5195683414877247,-0.5418562254704291,0.3890407416646373,-1.218702528527625,11.176304657292127,0.8975745557428273,0.15994092244037275,0.011492407024253777
AB_k_d,48,-0.07432945941670477,1.188261126550494,-1.0586101181511645,-0.8248243076479679,1.0442451071751322,0.7129705830055413,1.3012066358724212,0.7777017151838683,-11.073964052436711,4.435626436147157,0.16951958312898144,0.08118679855488471
AB_k_d,49,0.046116419779056894,-0.4701279298319019,0.3258807309586713,1.3583395570041785,-1.1939880641646412,-1.1167586937126082,-0.3015493063561441,-1.3208897849296597,32.89815273597288,0.6536532540694445,0.1703085847829527,0.002817238846203712
AB_k_d,50,0.8662340663348596,0.3221276359111296,-0.6678215155005881,-0.12687790795208254,0.09005388454488505,-0.6783659514637285,0.6045302941812485,-0.04650874245672276,-0.06555684674086071,0.210127141179717,0.15967720662726537,0.025025732620390484
AB_k_d,51,-0.8382431453448758,-0.9896849433202393,0.7148827064380334,0.6384996230102116,-0.06515227192304596,0.26445571168109994,-0.9112097563173909,0.6330700666829221,2.7341474988841377,0.1360113897719362,0.2688316505326502,0.011883077656519348
AB_k_d,52,-1.0937507084075528,0.6193558721239387,0.5965053917148557,0.035917752470114195,0.6717666778493452,1.0531818141784914,0.2930035379849365,-0.6576078302649445,-1.5334751058868104,2.282179606711711,0.22184555618828686,0.03866299207689634
AB_k_d,53,1.1089333933325258,-1.3856462766434283,-0.7877108792908415,-0.5423543011033969,-0.5233398138709491,-0.779379911684858,-1.3104296414698249,0.0277247969250507,0.9652063007644036,0.005745354708581247,1.3532627605940353,0.004082260381837456
AB_k_d,54,0.49662195911893225,0.792268724504116,1.159047174117193,0.7452496410857063,0.9339886820898144,-0.3279644269736328,0.9202631182166521,1.3775803769930206,-13.591104930906521,23.98456260866523,0.10591583422721634,0.06696834951888285
AB_k_d,55,-0.511920976167999,-0.17301537503522124,-0.22388849328326765,-1.273114354205904,-0.9574908387800434,0.6119307545606001,-0.5961535084715199,-0.7044272108922395,0.642935500630605,0.5476385013048651,0.24356485605337808,0.008194156024905573
AB_k_d,56,-0.6718008606749412,0.17118819481400038,1.2153307354371232,-0.3909147237980751,-0.4188808145983829,0.11413383892258033,0.07766279876504156,-0.38005265455373105,0.873699655198175,1.163167927547541,0.18246027832812828,0.015207897743225495
AB_k_d,57,0.6563219848455397,-0.7913405799671217,-0.16916020146664423,0.23130296454127808,0.4437824065628262,-0.47931740847602433,-1.0922119674030102,0.3161129175347932,0.40335384873426094,0.014517949741820017,0.2758565723298271,0.006940385101140892
AB_k_d,58,1.2902071355564122,1.3838985860810042,0.4779683772474086,-1.0779405912375057,-0.8511743316471398,-1.2779807563571302,0.7891889985854188,1.0459259607336489,-26.38266602749405,7.74761847594269,0.08016682185173493,0.20390203546113528
AB_k_d,59,-1.2752042267821908,-0.6183591450330966,-0.9047356019668131,0.8963929913361575,0.701431354000235,0.9012789482946231,-0.46761770765628274,-1.0252537226576421,2.6552899766553684,0.24490505996226883,0.48854149288837045,0.019425928071438905
AB_k_d,60,-0.9980325814445827,0.9892381729117592,-0.41812393020074745,1.1629411241997432,-1.3078351009691556,0.4590853743388279,1.0831586209967956,0.9577328711571977,-127.39830526771478,139.84607151643237,0.17913087022945431,0.0019486031709627849
AB_k_d,61,1.0258649001144453,-0.3199146013592833,0.9660922633397158,-0.9762559525133265,1.2843329649363227,-0.13720230908235398,-0.08603956898172327,-1.1083702055881943,0.03204638836888207,0.044574755479147896,0.12086684109381121,0.03743092955808174
AB_k_d,62,0.22749011281221776,0.46974974197726915,-1.3272394681422233,0.487364205199724,-0.1839108163023786,-0.921494379049996,0.4761634502057457,-0.30240575423688365,-0.6196666057123803,0.19503413958007892,0.21363698184288948,0.013599568491760559
AB_k_d,63,-0.25586183739956936,-1.1859686023398508,0.05569645231133524,-0.3220648916537525,0.3323377009381703,1.2548533661403651,-0.7799660188097598,0.4096671797121203,0.5685935163896672,0.38063795166918424,0.35935721492911044,0.012346153914787253
AB_k_d,64,-0.22046291608078983,0.038059901168488564,-1.274079581350421,0.250401736530508,-0.829288938945153,0.6894131213025754,-1.2845016945447039,0.611093750453598,-0.4362339582825905,0.15901760809515425,0.2979026670225771,0.008063035065426629
AB_k_d,65,0.2466452149374483,-0.7512244209695595,0.10877172641019817,-0.41551365651104977,0.7231585213795733,-0.2754926406160101,0.23196285213722967,-0.06857198500730877,1.1197887172973784,0.10052951145461528,0.2395428457828152,0.016889310223741495
AB_k_d,66,1.0125049308310394,1.2513628240104684,-0.4516920536718778,0.8719217213288382,-0.3971540655313086,-0.7020184578444812,-0.6219227188034477,-1.3420226441979883,-12.706507985586228,0.2522965776537068,0.10073028898664989,0.009761647493030217
AB_k_d,67,-1.0384651420261277,-0.5776502788726947,0.932608752561525,-1.0588002565680528,0.4656682072483789,1.1057963173189134,0.9814836835020893,0.7561487671158285,0.8070501292936068,8.505378350690544,0.24951681729954414,0.039001042027488005
AB_k_d,68,-1.283189957661917,0.9434093505605039,0.3796688995309472,-0.9574051880529681,-0.20568003697508863,0.339001350744194,-0.23492410530919972,-0.7265344175453031,-2.5186285011279157,0.5990764422548112,0.23084586643174404,0.013508841007857497
AB_k_d,69,1.2659765939281418,-0.19241434804582713,-1.0034581431479717,1.1387600957668804,0.3104097591653139,-0.6229779295637959,1.2808632144752352,1.3557299830837615,19.612386214287568,0.7928126469194337,0.2522644131346779,0.07741361685712539
AB_k_d,70,0.6862620757250955,0.4231589974059933,1.3765383869659444,-0.3462874827668383,-1.3297629652767782,-1.0422194429491456,-0.9776762310998399,0.006127895083231305,-1.2529458737818455,0.6357168418794882,0.10286248390604641,0.06876966607420704
AB_k_d,71,-0.6689323695385289,-1.0592301163159474,-0.0075294864731259015,0.5060873069544267,1.2625636564696807,0.7684277813594489,0.6250536053448623,-0.6786147568845103,3.6739031124839054,0.9405809327956877,0.3690350856076525,0.07402263326988708
AB_k_d,72,-0.4819795735438138,1.061163098553785,1.0848623138884739,1.3774379984750766,0.11195002425700418,1.2669439926813857,-0.10384469738465762,-1.0040789133829202,-14.259171669174956,26.602264228316002,0.14738533299995682,0.004403622126672808
AB_k_d,73,0.4994891178533194,-0.4239814225559537,-0.29798874081904736,-0.8494222488059471,-0.04343586188253812,-0.8902319437149422,1.1523221253666895,1.0673522944588665,2.6519741719152097,0.4396378572567562,0.21402361127948738,0.05533288716092601
AB_k_d,74,1.1009463300507745,0.19443706601074684,0.6090485417490694,0.6140280224845609,1.0659614397504062,-0.1250963805754408,-0.7623196270000188,0.33779278464224216,-1.46149871165948,0.23639137356352233,0.10696639861820964,0.060091930368256816
AB_k_d,75,-1.1179799382911937,-0.9441311328784331,-0.7752523419495674,-0.10773658172763412,-1.1720918366585902,0.4902696988962505,0.4068200663981216,-0.35777752393071993,18.303165595018626,3.9407105821375423,0.5709839995900634,0.012609528370443858
AB_k_d,76,-0.8516017822262567,0.5781605449513219,-0.547225312436047,-0.523504528198034,0.9122302084272371,0.910447369305966,-1.1561295622758923,0.4310522038102125,-3.1072160432757334,0.14577676779507248,0.23196266276017788,0.01623003843048545
AB_k_d,77,0.8258001940086854,-1.2535124455217506,0.8359019729672716,0.01173705455558327,-0.9794295378917299,-1.2438166076289698,0.10071382633628967,-0.28110236816674483,13.52445407597208,0.07664493389979624,0.21583349824164014,0.007026509426037843
AB_k_d,78,0.08151402935320728,0.7518353298802183,-1.1975210443319055,-1.2973379368739852,0.6498283970499219,-0.4700376699234028,-0.4038588390478961,-1.0861363949210066,-0.9479157813789765,0.021627824486736134,0.19097617861009739,0.00824910049529679
AB_k_d,79,-0.055173024889449085,-0.040119786952688585,0.1865467413132329,0.7639730733587411,-0.5450986955170926,0.14816484557086573,0.7659580812477425,0.9795413047313659,15.93756020924194,4.380179006204771,0.17284906002862518,0.02503585744845201
AB_k_d,80,-0.17111880920389377,0.8122676838273846,-0.21422522177486658,-0.25175303232613144,1.3622389709679015,-1.3699341865626777,0.3190749066264864,-1.1829586880900473,-1.31168690729575,0.06266656666200465,0.1623754355848171,0.007636384361166337
AB_k_d,81,0.14427016989729036,-0.13135283437886813,1.1743908989349843,0.41688576979722747,-1.2517589114985073,0.9607427208526398,-1.370261309335048,0.8989724261161938,1.1425339943309805,1.1541312932482217,0.1442619477201957,0.061250716272305654
AB_k_d,82,0.768088909693253,0.6385960388226406,-0.8644257643911682,-0.8732782847603748,0.23814414400626704,0.011307486593403304,0.8936629202442308,0.5061660426182788,-4.136092541198193,1.0680991484185056,0.14870147812724174,0.051984248521513086
AB_k_d,83,-0.7414412358610786,-1.3447479718354187,0.5249404780013884,1.0601353311436734,-0.29959575968085006,-0.43064223455223816,-0.5354545605036675,-0.17890964788353747,10.479486468479484,0.08721908403832643,0.31677767558331826,0.004126052023853704
AB_k_d,84,-1.1905513164754187,0.3292894233223085,0.7518045064636041,0.9560489757971593,0.3863083724374352,-1.024488774129146,1.3686534461021942,0.2410154522950232,4.445164978127329,33.18145552169628,0.19758308891676896,0.0030166130048082627
AB_k_d,85,1.2070772072434097,-0.9608651830589185,-0.6364092908068696,-1.1374247113303233,-0.4981851610622021,1.3036939489961676,-0.32135933572017494,-0.43830675067477465,1.3666692761139219,2.363725452477985,0.5880418940961001,0.02342464749289406
AB_k_d,86,0.3984669075847673,1.1960123159411944,0.27606477043052124,0.3449364968321509,0.8184313471913349,0.3669641802581498,0.5379084577076347,-0.9289254020463408,-7.316830803925449,1.6881287606662942,0.11998525334987674,0.03839482560546813
AB_k_d,87,-0.4151302836500871,-0.4407129938489508,-1.1137469280437116,-0.5047148424925214,-0.7556662206801061,-0.07757342712455917,-0.891886249937762,1.1695899549065,-0.522890655046194,0.084670450970868,0.3747447507410254,0.012931064883000217
AB_k_d,88,-0.5966572184091751,0.438922996940057,0.02501337171495166,-1.3760919548223194,-0.6390249741520759,-0.5753691136475327,1.066521567617994,0.10696135872693291,-1.39903859342368,1.329095436145371,0.2011004288959874,0.030780463198336123
AB_k_d,89,0.5798351367367556,-1.195142507889762,-1.363602671529665,0.8480553773339377,0.5775733791348887,0.2156126137873664,-0.016688973160812415,-0.6048492676110006,5.694980283293767,0.16910247214626792,1.7113522615832306,0.016310635954429505
AB_k_d,90,1.366702577141823,0.9591649218771068,1.021787669870392,-0.6126660519796902,-0.901414886869446,0.8050945400128995,0.4933293329154187,-0.8057546161075869,-8.201978061697014,7.47626331006788,0.08575367914274508,0.0312604362644282
AB_k_d,91,-1.3503353093513488,-0.3283189724388442,-0.36757882557526256,0.10639608974998094,1.0118949669962356,-1.1763904315553635,-0.8501838947332999,1.2602666160358946,-2.302214777126453,0.11368915213412666,0.3135332773157513,0.022434490302372004
AB_k_d,92,-0.9229001974594934,1.344242864941377,-0.9193555122953695,0.5248661475271772,-1.0984797156375565,-0.23601384232434808,0.014235091449892101,-1.2411442403898607,-38.547216680254856,3.234643292422571,0.17917466042502708,0.0037805647639112677
AB_k_d,93,0.9493681157983118,-0.6363458209584671,0.46885837276903586,-0.013077856394172471,1.1612448214913897,0.5524697552579614,-1.0682982224314161,0.8299539289178515,-0.9577158288683316,0.10122684348683672,0.16091465278654402,0.040058070118458036
AB_k_d,94,0.30397565950507044,0.1309483703168577,-0.09704202072314816,1.2986836706658067,-0.1444564014842098,1.1560056411410395,0.8517917321444088,0.5319132037624317,15.307729423397193,15.684055652090185,0.1639192956039059,0.020030946696713032
AB_k_d,95,-0.3310041369346126,-0.8099277302361291,1.292769435026685,-0.7653402960064779,0.032579592202047314,-0.8280526532002961,-0.4910449296434749,-0.1639903912333538,0.702426087956934,0.05297801929262631,0.19400538053311417,0.00809181860249544
AB_k_d,96,-0.2677203806816575,1.2909705476911004,0.6501968010454988,-0.44702623483325943,-0.04193617626681112,-1.1336364109160966,0.9525576331931778,-0.5243586392108808,-13.805064501150994,5.520865270084025,0.13545948292765744,0.011042467998572685
AB_k_d,97,0.2832309139700262,-0.5407476566568917,-0.7324224828462004,0.26014769959404505,0.14671282689580223,0.848982641349439,-0.5632118231082937,0.1551355882219183,1.5501772643659542,0.31470906026529105,0.33197000618113187,0.011842493839664292
AB_k_d,98,0.8840139927149948,0.07834774378202236,1.0410700163890148,-1.200531423373113,-1.168550869825699,0.2584880121196358,0.2601907547711102,1.2556375570329907,-1.8002392614011402,3.677891816280361,0.107828836028714,0.1048326237351575
AB_k_d,99,-0.8989851200858743,-0.7136467925262998,-0.34350512005977785,1.0354195033925715,1.1013905673461026,-0.5316024003326937,-1.3425146078239925,-0.8430386074169661,0.7259047631460633,0.0045738113465755865,0.34583772176552363,0.0010324716612268984
AB_k_d,100,-1.3278191508170507,0.38625833247843633,-1.155008379540083,1.1073639012122538,-1.0148052041472584,-0.782555423365414,0.5724340592177064,0.8130857864172871,5.940195533281295,4.315349107654241,0.24312638067181153,0.00649247405758131
AB_k_d,101,1.299955154030825,-1.0988411606729445,0.22801223623599798,-0.9475640770246656,0.9087217150204447,1.197153177428618,-0.944011312236634,-1.2690064451470062,0.1660221471401537,0.1349785165396811,0.30208714001227227,0.08958790452031526
AB_k_d,102,0.5604099856414018,0.9058297235142068,-0.5923819844448062,0.36423975638178296,-0.5798291899889577,0.59801449193869,1.3341384160143914,-0.09302995939829639,-28.882236226250033,20.127872971806145,0.1354642941179951,0.02109291307941722
AB_k_d,103,-0.5320700631147874,-0.23269891129778753,0.7917500095506325,-0.18288484866787091,0.6483823380335287,-0.1949138232113139,-0.26924484484357136,0.5922181067422487,-0.634507911711749,0.2954749751721484,0.19660161183531621,0.02810084490951994
AB_k_d,104,-0.35078886873538884,0.23063900485619193,-0.4927978775131141,-0.7089707870094086,0.7483390191725621,-0.3895037978474818,0.4439118922836558,0.9173566458760025,-3.0419337788394527,0.2680703960694585,0.20990526880689914,0.041464180777187575
AB_k_d,105,0.37894904609734525,-0.9052188352609438,0.8898211533254872,1.2152622277663354,-0.8154993423095542,0.05681117186445328,-0.8129506612274214,-1.1539075985647385,14.125903912798677,0.18449390307136404,0.17823985454671545,0.004465768208160493
AB_k_d,106,1.140073136647773,1.0966915185042663,-1.2302448483957684,-0.07485952044479705,0.4888497301706731,1.0018438864511372,1.115928426498791,-0.2514000594051704,-10.326377550819661,8.65443697370987,0.12843514952765323,0.05419811834265498
AB_k_d,107,-1.1681169612282398,-0.38574808705720476,0.15433036551825796,0.6028752701139268,-0.3840731001990778,-1.3243932405140668,-0.053911624915724765,0.4446808690043207,7.200277260008209,0.3772576360127715,0.23137055149743468,0.008916129575925653
AB_k_d,108,-0.7176135805862192,0.7129249895509753,1.334068147300617,0.15224144060000033,0.297361102000016,-0.03367589568686569,0.8213268685300694,-0.5176170877833577,-3.8191833556402828,11.230988891226062,0.16360796031391453,0.008476039074582862
AB_k_d,109,0.7024837579369374,-0.07632504647449823,-0.048952711199863996,-0.6856063041152447,-0.22880793329804905,0.4097114149429171,-0.4348577867181479,0.19437118182921753,-0.2476135950207281,0.2759045576508885,0.159119556213824,0.018889581906403573
AB_k_d,110,0.12344890936843567,0.5399252108495354,0.4248679966662017,0.7967972103936993,1.2488275211742497,1.3474591853072118,0.04468936298456727,1.1730301497986362,-6.331386466446065,3.206761854391273,0.14289684311571027,0.07745222962634261
AB_k_d,111,-0.10809698872888607,-1.2890375861106587,-0.959263909535305,-1.3085646840361498,-1.354910989643668,-0.9816092546464268,-1.124474773277079,-0.8931575086536019,1.456573183189007,0.011675616614000224,1.0155046482194068,0.0010457788754194822
AB_k_d,112,-0.03452082448730742,0.6748225806264083,0.9793490360205424,0.44836668033177207,0.5473532204482772,0.44883119802536475,-0.6510258572194909,1.0965629933523389,-7.065508024556871,4.883466537230351,0.13662654335546898,0.0736071414384388
AB_k_d,113,0.018322818233154514,-1.305816607441664,-0.4090337387470613,-0.26150963394847326,-0.6591870468542597,-0.1703025528687352,1.039016666088391,-0.9858727707030637,19.5255276925636,2.224957565560743,0.5981139185893931,0.032784586448729856
AB_k_d,114,0.8018031480887811,0.8478139311103872,0.07022292149244902,1.2018983309955649,0.9823411332665224,-0.9317177965012062,-1.2553879743776941,-0.41944149763348115,-2.5148831685400967,0.1316067252412133,0.10712433740008519,0.0244882370508022
AB_k_d,115,-0.7861656905966544,-0.09309630062470631,-1.3194189731888244,-1.036765593524469,-0.9195356783544657,1.2217851619747722,0.17441928779996174,0.2654626228680401,1.342897862251997,8.2519576720593,0.37797895172643187,0.010097482052322812
AB_k_d,116,-1.0511452583406022,1.1570789839304958,-0.13813739192214158,-1.1059966424140746,1.1793965990700148,0.10405979509994534,-1.0311471588814312,-0.3279068677225856,-2.75468440216213,0.13839956424474192,0.22014810618507352,0.010823933324779145
AB_k_d,117,1.078342914676883,-0.4769362046476562,1.249971300518821,0.9462182967537041,-1.0688735773818367,-0.5125746484700081,0.6582174661635907,0.35192064613303686,49.69748219191327,3.360714804583821,0.1107313579740938,0.020594923113716454
AB_k_d,118,0.43497864281190823,0.29103489849988207,-0.875489173525239,-0.3628990010223343,0.0527938041710716,-1.2880432113807565,-0.18144258544794423,1.0154872958614531,-3.5384857657543405,0.11727607571615548,0.18200041184754814,0.04053428240616938
AB_k_d,119,-0.46263110270143637,-0.9964147200321922,0.5143853234320348,0.18152326548917008,-0.11420509144482671,0.8680319337115294,1.2476887615768428,-1.082855830054429,20.172381493766213,15.82437775555649,0.27055340402181577,0.041609375241783056
AB_k_d,120,-0.6493378277981303,0.9987546942808436,-0.8219449533035722,0.7076356659546474,-1.2596309079216534,1.0632551969644626,-0.7264481238567856,-0.020579261719968267,-15.10989546555266,2.0216909040260367,0.20450540725028835,0.007488465341222462
AB_k_d,121,0.621843980557421,-0.2914393419044967,0.5664377439987973,-1.2139056281843565,1.3224363421763143,-0.7461220106542106,0.3560567499549414,0.6917420464266819,-1.3267744208526833,0.16796210676176349,0.14428977760076409,0.05026176269399876
AB_k_d,122,1.2436294955205571,0.4791864431692252,-0.2593925943146176,0.07348744330906198,-0.3081763874073642,-0.31790131091334306,-0.13972676162146147,0.719021844314937,-3.4973629467107195,0.3435154289896885,0.11549985480073299,0.06994738730935117
AB_k_d,123,-1.2162731439058743,-1.157584070167142,1.1302495534197534,-0.6015240207974437,0.19634254034398602,0.6451771081070306,1.2030960029034403,-1.3468325277144777,6.692128036028048,6.792971144301402,0.2967472368251252,0.0669126965794825
AB_k_d,124,-0.9729419588160975,0.09406677216556636,0.3172023291959589,-0.153613868911463,-0.4563314181330802,0.7232254203556681,-0.3490334368139123,1.3280485821828056,-2.837698767338977,1.688826519081462,0.22835040876451634,0.04157499983894927
AB_k_d,125,0.9887592441024651,-0.849514171634803,-1.070906451038936,0.6869572435707918,0.3949201515167209,-1.0836591109628904,0.734147352150684,-0.7435596078969593,11.336379880280706,0.0737376827285963,0.7362969480598915,0.01613789942897886
AB_k_d,126,0.183530849329538,1.3066864361504924,0.7079803552599178,-0.7981326413093967,-0.7158326057949136,-0.6681431950491817,-1.2109655359321447,-0.618467542135053,-4.093434038737622,0.39765687297163455,0.11954537946081624,0.04275861921045259
AB_k_d,127,-0.19954911041903278,-0.6766125568779064,-0.6818938989729563,1.3099209324424013,0.8263556481404877,0.29752457688335654,0.13253512685561697,0.07726985378332918,6.558049594559051,0.24285917219359818,0.3687666133630556,0.021310604346776323
AB_k_d,128,-0.20886073107980008,0.60089864654542,0.2674466469485699,-0.9991705689718242,1.203695901422171,-0.9538395537073923,-0.15202270718306288,0.5283555431716105,-3.5206034261703802,0.4199127447502447,0.16401644965282908,0.0417014529652888
AB_k_d,129,0.19318090010466737,-1.2308142127014252,-1.1166004761364825,1.180635208771892,-1.055605499941193,1.3738723460542797,1.1911094276647474,-0.16179719811011295,141.31126776365727,97.93439667581399,1.1885171770442364,0.009753928252506518
AB_k_d,130,0.9794534281699001,0.773813652459103,0.7435142674954907,-0.30185349683707186,0.07689345795777669,0.4266185482779352,-0.7146810127904046,-1.248765701335332,-1.2596718272196445,0.17105250691873647,0.10080697864318905,0.028123060552706716
AB_k_d,131,-0.9632976714543787,-0.018186125663387287,-0.6395907234134787,0.46155152137846733,-0.10073473162077584,-0.01812513728464782,0.36891061046061235,0.8389187041576684,3.2620200027224535,0.7451868608311618,0.2797771518191433,0.02354586369101214
AB_k_d,132,-1.228287888085829,1.0818306680583551,-0.8459783975547652,0.20819098215955845,0.5340633339620839,-1.3101738925819009,-1.1818871915553348,-0.8197963130185876,-2.4085627762692425,0.043939877963007676,0.2200844658369851,0.0021760330344707756
AB_k_d,133,1.255982711129665,-0.4032740669071939,0.5383431383752597,-0.37340734593294744,-0.6834658519054954,1.0201273807493318,0.16056902813960638,1.2729650089812476,2.6699405615307445,4.584558356188541,0.12704462294437466,0.04030421940059313
AB_k_d,134,0.6098260757959186,0.21569370181215808,-0.1954288379087863,0.9167984365640438,0.9688939045613483,0.08185078105416554,-0.3772868022702134,0.08886113942589313,-0.594097118287841,0.1221647781598786,0.1491056613324818,0.02017448689549501
AB_k_d,135,-0.6369814929222658,-0.9228295878986892,1.187444542279178,-1.1035698838637569,-0.9436545073687639,-0.36040020755090674,0.7056269227179437,-0.5853845911710781,7.078726419071713,1.1235218575865573,0.22831311274974164,0.019788274689820234
AB_k_d,136,-0.4719427233622038,0.9207115515454893,-0.09989556365157015,-0.5680019529901094,-0.4537020699205937,-0.20913582561883204,-1.224096479251187,-0.9104835094198083,-1.874279096540789,0.06517045293550652,0.17676377025247333,0.00545531837460897
AB_k_d,137,0.4446286935870376,-0.21515160268669997,1.2841513063803844,0.056293972647381896,0.42986081691499045,0.5797336521158478,0.20531679991062068,1.1497837704002507,-0.4251296929918622,2.108890832193366,0.1289497561772133,0.0924996853283539
AB_k_d,138,1.0690370987443176,0.401224943626173,-0.9225369397376297,-1.2555937297857598,-0.7133843661352038,1.1721109137635535,-0.6817885178507775,0.25539303846071015,-1.9933397274050388,1.1200427707862428,0.16443490014190107,0.016396821065633446
AB_k_d,139,-1.0415009709788834,-1.081209409792432,0.4605681286365737,0.7221614405308292,0.8614747882735776,-0.8116563591866367,1.007251868710754,-0.4513411981339799,10.334181875817675,0.31122952294334283,0.3120999521706448,0.030154750845551893
AB_k_d,140,-0.798180434776609,0.017353309843370912,1.0351903250799144,1.332540150724032,-1.294590748547516,-0.5593694467963759,-0.1969405926079728,0.5134469870524185,22.76087058887068,15.060965358516514,0.16048063205119945,0.003040901243272565
AB_k_d,141,0.8141563636978895,-0.7718914740392362,-0.3491314535745107,-0.8045891826479341,1.3198301250827045,0.23207219689721548,1.233150584816695,-0.18753374135285705,1.2225549133444993,1.0123857752621188,0.3211633755805614,0.10205529931279542
AB_k_d,142,0.006304913471652185,1.2300605560218736,0.03806700989479661,0.6561752966784102,-0.34327503023953376,0.8320781624897726,-1.0164741306419112,-1.1797367514947465,-6.950230576902622,0.5727477810164032,0.13838457175130564,0.011489542263838389
AB_k_d,143,-0.022164489611442795,-0.5989075550533738,-1.3448062824992357,-0.14982171847510584,0.19387249163872666,-1.1491898237936666,0.6732421710724894,0.8971147917293074,3.683899570456642,0.07670030396224975,0.53227791246738,0.01705654695842405
AB_k_d,144,-0.09607891870821761,1.3649522656723148,1.373668674461009,1.0005430954059167,-1.023030888753693,0.279261915568763,1.1036258705705537,-1.100516377344599,-173.0402169604781,901.111456162271,0.12209025580206921,0.00041990502683044004
AB_k_d,145,0.11109240923340535,-0.6156815772946107,-0.016120786326712766,-1.1819862566787669,0.8678674156297042,-0.6823417306551424,-0.06589423393443572,0.9925779831893109,-1.1814422541406056,0.07509704649452888,0.22662819872802745,0.0277989208671746
AB_k_d,146,0.7144983368577262,0.15224782889963207,0.37647132316956955,0.3031889845606075,-0.5881884194944842,-1.1127835135856705,0.4556856137166725,0.41261336847824914,4.486990238870907,0.674987400845759,0.12212972275118261,0.03547028487990467
AB_k_d,147,-0.7299666309361615,-0.7886676446496298,-1.011721579145116,-0.4629078369212549,0.6076695056531454,0.6981649781823547,-0.8001007669417322,-0.26129907569589883,0.2318508543402455,0.0905033209982315,0.5543290384075206,0.00695612153342827
AB_k_d,148,-1.1588113105548405,0.46161798654925157,-0.4383055370527751,-0.2068558456117504,-0.0010653457951317336,0.6187854207228309,0.07376374114139561,0.33457374008234453,-2.2529944376601065,1.0321419636697438,0.2577647886266434,0.020820371865381253
AB_k_d,149,1.1304290145452203,-1.172402443843069,0.9510829223688966,0.3720507205292236,0.15491273623670576,-0.34564951783211284,-1.0964342616264535,-0.35592294683840286,1.6406956184350876,0.01654796887863717,0.18680354354290085,0.0074981845423134335
AB_k_d,150,0.38826083201727846,0.9811017850627477,-1.2610421024183913,-0.9154262199908876,-1.1278558905995815,-0.761694263076693,0.7930774692937497,-1.0113620888157997,-10.237584666353039,0.7360216875206805,0.16346960592540544,0.019605535255125896
AB_k_d,151,-0.3604390847696841,-0.30634248836818,0.12759493390464316,1.1022184847811547,1.1097742500438328,1.0463265902665755,-0.463384826517524,1.0759787841860915,-0.4789070945776728,0.4560696175657209,0.2130357099575785,0.04096431916104378
AB_k_d,152,-0.5200519930941191,0.30862433270522693,-1.2061123493498411,0.5666348336293512,0.26748926057380107,0.8944262549136852,0.29148886026425336,0.013747125029963003,0.29343870380249837,1.741843676215408,0.27044112294043154,0.028875381874069878
AB_k_d,153,0.5480534855063715,-0.981575017595167,0.18367703397264656,-0.054948342142539186,-0.24800815375774432,-1.260297638279943,-1.311621061933315,-0.6875771358664217,1.2006010439933898,0.0033221619015221656,0.2642050196632709,0.0026877762815169237
AB_k_d,154,1.3119697329516138,1.174753201252295,-0.5554887535975401,1.254252989919358,1.218793080221839,-0.4969997622295693,0.9217883621952552,-0.7229738649190787,-15.445983789785394,1.2093157286872311,0.0977443145452935,0.03678781121103303
AB_k_d,155,-1.3401722011669932,-0.4620120599412062,0.8327044017702427,-0.7207998831738733,-1.373956532688432,0.12098576797987604,-0.5949726542659493,1.3535337326659518,0.9387745623784838,0.9998675911697443,0.2633367004263156,0.03707031219916022
AB_k_d,156,-0.889679469412475,0.789527103345798,0.6275227167207904,-1.3338805394147064,0.7675636928244607,1.2400451894714093,1.3186443750743442,-1.3239193676023795,-1.4765875384084657,15.997394929590184,0.20522018763189193,0.10442116554757709
AB_k_d,157,0.8743698706124416,-0.1540485883117051,-0.7618658304948136,0.8059510498658262,-0.7856453540376053,-0.9175166270772892,-0.283789631970355,0.7366811986405029,8.002973902409732,0.09667382953106596,0.21822521476348677,0.019410347306397003
AB_k_d,158,0.2925426998899594,0.616620195131244,1.1036855265472678,-0.6575421061782322,0.5078694979499063,-0.14118078406391166,0.5871031212372448,0.6251330511066933,-4.232904930163312,2.587778531128149,0.12507296098795664,0.07578460267020984
AB_k_d,159,-0.27737059671595277,-1.3666841120122084,-0.28495126705136653,0.15116770015567593,-0.3540221281657281,0.47389427401663453,-0.9289799969610997,-0.08126814695392204,2.8270713957893716,0.11741556592363231,0.5598128775330802,0.004184439119435295
AB_k_d,160,-0.3430154313294793,0.734224572078124,-0.878406139822923,1.0624468627405694,0.3511998088909629,0.16374105388463178,0.5132285221816257,-0.6152559394019698,-6.011622208024611,1.403624635673099,0.1913085689756012,0.02300197338808926
AB_k_d,161,0.316325384014299,-0.05506508483237327,0.50574608809164,-0.9027488381991738,-0.5006439773085293,-0.45311037497014506,-0.8292138312364271,0.07540155501589352,-0.4418210751572501,0.09040993584391643,0.15132366537211145,0.01759493256511335
AB_k_d,162,0.9373520495450298,0.5606345702656819,-0.14138224273366395,0.4064101875162536,0.7834801052064477,-1.2174209643534868,1.0460935541852645,1.3353187073059283,-8.027109876617217,1.5894620809976223,0.11237189457801201,0.13558313090336496
AB_k_d,163,-0.910545659777058,-1.2683733011320109,1.2416599496922645,-0.22494554771618547,-0.7582849923059752,0.9381942644801067,-0.0367917617194049,-0.7521941901589644,7.464832912857079,2.670432795042493,0.2732161779207114,0.015697059026395333
AB_k_d,164,-1.3596450915038956,0.2525759919862067,0.08356216366140723,-0.49150054399950505,1.3646772899133082,0.519390145627747,0.8262525780644572,0.7334102601203389,-2.554468974169217,1.1535715065047587,0.26623990606594333,0.06445538010745336
AB_k_d,165,1.376350830723523,-0.8832424751346538,-1.300992718210865,0.3047290966997922,-1.2166285389064855,-0.1000346266574983,-0.5168670022510942,-1.3598564760522995,11.326759134212262,0.19846193482050495,1.2682696708593728,0.006279099806683012
AB_k_d,166,0.5705327705892784,1.1193864667986697,0.9923392611598232,-1.158806365690736,0.24078209085972913,-0.8719732382916323,0.04059921412165468,-0.00212704555991583,-4.6292765691498,1.3132272531015905,0.10696783802661217,0.09257965408866958
AB_k_d,167,-0.5870164221473358,-0.36300798169572035,-0.39025846673942444,0.9935900019173471,-0.26466764881483984,1.281143840031976,-1.0429626676438497,0.6719465159722839,2.5002566341739634,0.4846681573344219,0.2771216825702637,0.011998693667599557
AB_k_d,168,-0.4271415780449537,0.36499909384516216,0.699341114755174,0.1100498769496907,-1.1119183457017554,0.7393047008099958,0.8710138184574918,0.9973762572493958,1.752134083305151,24.848485924495098,0.1738921714204106,0.012079961166176866
AB_k_d,169,0.4108166320939959,-1.1201401028208253,-0.6848108601062913,-0.6434821662046212,1.1371134379448324,-1.0672785630491317,-0.5590899238281328,-1.0634016424071924,0.305637625739545,0.0026811906910600906,0.6473406594329204,0.00774592304471292
AB_k_d,170,1.1950611409901277,0.8851646742119168,0.3088909732050533,0.8416507686882835,-0.15775620868470575,-0.6412392688050622,0.34225283257974803,-0.34195889849580374,-11.613919463894415,1.6951127139072832,0.09205185816493963,0.02767282745269493
AB_k_d,171,-1.1781967787929832,-0.2534087871488273,-1.074151296686109,-1.353358749031011,0.008312019609743704,0.32480413721156065,-1.347493220948863,0.3646083746978406,-1.055613763442486,0.03276040335631567,0.4026544880315766,0.0036827247228702832
AB_k_d,172,-0.7507510180136253,1.2689945800553295,-0.24096633417230895,-0.7507592835540946,-0.6149167217243952,1.0902227428231035,0.5552824869189301,-0.4270526350454328,-12.223129010257242,11.05673791352952,0.19721151810485907,0.017785435314341975
AB_k_d,173,0.777737163274953,-0.562683672889307,1.143588790424363,1.2571128617573988,0.5910311844266802,-0.7189483866156955,-0.8741446895058598,0.2744380521597085,2.1389630910069397,0.15192973048452788,0.12475567409069456,0.028983474798343255
AB_k_d,174,0.1349678037498132,0.05560720461522717,-0.8031696761315864,-0.030406385109182033,-0.8771255052315929,-0.30188565007353674,1.3504544482990883,1.0930161624012327,14.808003897101813,4.447622154964125,0.21779710922240525,0.03159348932890865
AB_k_d,175,-0.16147801294205455,-0.7363425877739282,0.5794279639737292,0.5583573531852801,1.0251742768958116,0.6616635923104781,-0.3386143783320241,-0.9836690784584394,1.5746029995698039,0.15336919938864463,0.2168420039369876,0.019165565113787964
AB_k_d,176,-0.04587049348280603,0.11604521868882567,-0.6010367851328889,-1.0638083839470829,-0.1866450705169418,-0.8530935947920334,-0.7424270481004477,1.1870799495731148,-3.7698479361255175,0.15544336578626392,0.20138389853926242,0.04483387228767388
AB_k_d,177,0.07187306783220215,-0.8275806342898763,0.788859102557671,0.9040895315864355,0.3404547767043422,1.126906027393144,0.427794096114976,-0.9058428409604999,10.885738648167292,3.414801551475127,0.19828481072113915,0.04395019007418282
AB_k_d,178,0.8351098109020663,1.3294244964297992,-1.1633353163717233,-0.4077558645002366,-1.3105521682304655,0.5382490749237705,-0.12426610045075126,-0.4995031571358973,-17.962237710394003,1.7928832065318399,0.12500798944089708,0.013284606532139974
AB_k_d,179,-0.8612498705487911,-0.6539142827427896,0.22479346538659395,0.22631270322738617,1.292424921309278,-0.25429336007386305,1.1322153705881155,0.17491393688741175,3.402504894070716,0.43401892146055887,0.2807137892401815,0.06232135229189115
AB_k_d,180,-1.1059640372970778,1.0200114540266292,1.0594806853618903,0.4901545158397944,-0.8593081812186503,-1.1932962324883567,-0.42940195934782954,-0.24785017115949537,-11.716569552537198,12.064168124384265,0.16360966911163513,0.002952180491561832
AB_k_d,181,1.0885919576275052,-0.27013792086912747,-0.3301397979287013,-0.3033622510495275,0.7041070238404876,0.7895398050620022,0.740142619006759,0.4424742847242933,0.9798469118843953,2.1550395943562695,0.19362042719509154,0.052001368492754795
AB_k_d,182,0.511500577507352,0.4998539713590038,0.6689565077054478,1.1574445346232862,-0.4270397835631098,0.1878442452503568,-1.1297614733841481,0.9249653870300489,-4.568422709704237,1.7662227209318162,0.11431502450160122,0.08878721632244775
AB_k_d,183,-0.4943294633122083,-1.1368766732035906,-0.7194061984021971,-0.9922496597058131,0.44647526335633225,-0.6017862509432802,0.12604277075722026,-1.162880796857667,1.0988565607921574,0.050135479819021944,0.6333262945325988,0.009579795067715323
AB_k_d,184,-0.6596298381318858,1.1351448062063014,0.42197709483758894,-0.10869352525646048,0.952911311047768,-0.06066497171621377,-0.6445652102235507,-0.10030248077932447,-4.035553030035681,0.6633549348222647,0.17484507509858016,0.023389579819830694
AB_k_d,185,0.6766211142040908,-0.4989153741797664,-0.9679187153877368,0.6421466320019451,-0.9710385786263513,0.38251626073369493,0.9578443539576427,0.6008549200029933,45.10751415578985,7.880653260927845,0.3803979294155869,0.016169826762625704
AB_k_d,186,1.2752862108215226,0.26833714079965887,1.3308493816155618,-0.8402997672605492,0.6907144262005149,1.3314649720085294,-1.261330378958078,0.8098772409787729,-3.2244796639954267,1.740982176309531,0.08860362145193644,0.18066303481069373
AB_k_d,187,-1.2928380459844513,-1.0191520159878567,-0.057279653195853264,1.3519862587473612,-0.5369047406705103,-0.9980742913087506,0.25473490674339616,-1.2671410384149737,37.14257322719989,0.6068500424018793,0.315113652327259,0.005874045424231755
AB_k_d,188,-1.0264492410320116,0.6535201886934392,-1.216879531429041,0.7521106361575562,0.1035769181458912,-0.40560394743585304,-0.960298235668563,1.2371882329083415,-8.058211607011401,0.2922677503770115,0.2410525283157329,0.03222987667525482
AB_k_d,189,1.0001505584077701,-1.3270737596779687,0.1727410396554827,-1.2584850421801126,-0.08414141769527306,0.0404097548166511,0.6427885554101287,-0.8232461342571374,2.6241355496087047,0.8596817618892943,0.4009794706442358,0.03731270680652761
AB_k_d,190,0.2586566745914809,0.8271073811000609,-0.4797815982334598,0.031763046663348504,1.0577509538228853,0.9749607467114785,-0.2531270693322871,-0.5387492860150226,-2.0741393581380727,0.34706686087847155,0.1496492714371174,0.03152255537118631
AB_k_d,191,-0.2328128058491845,-0.11376339500917454,0.9085808651497851,-0.5596925362122287,-1.2129520905436522,-1.3516520143378103,1.2636147822300219,0.16816193281764558,16.42339311018838,2.8337007622310595,0.15561966121097895,0.015956882138217904
AB_k_d,192,-0.2462142448545328,1.0885545160977317,-0.3832603091420541,0.6180080338599263,0.668812915565504,-0.527624638031289,0.8035658823996508,0.19740059924277142,-13.31378448819408,2.4303847276931467,0.1533328430383098,0.020647846279588104
AB_k_d,193,0.21818099169633443,-0.37217668158190564,1.0050175415482514,-0.08988519108694626,-0.558626356374744,0.24367982512198205,-0.4522968583220962,-0.47659640598082653,2.843403235500096,0.3034071955011959,0.154429176266213,0.011930558990732703
AB_k_d,194,1.0355063574129482,0.2225079466152804,-1.3803730477405542,1.370751708163325,0.9311896075496027,0.8637915513559433,0.06246093603030123,-0.885220327818207,1.7284897737260705,0.5252888067658716,0.25734709701034086,0.04015154499639753
AB_k_d,195,-1.0073356086287233,-0.8916520518779407,0.009332136036908745,-0.8645647060348964,-0.992940011796128,-1.1376148962263521,-1.107046288588446,1.2077893890366698,0.040501007246876775,0.059675782866298044,0.3280431134215269,0.017174759815721422
AB_k_d,196,-1.2628538412362986,0.5209842200489461,1.2759165944920128,-1.2830416272318261,1.0795151289266867,-0.17723071546282454,0.4451046451491709,-1.1399300919288167,-0.6125763676198753,0.3123610337738456,0.22908685985439559,0.026990975040765548
AB_k_d,197,1.278195180124882,-1.286365347980273,-0.11263550378409959,0.771167060485525,-1.1910085162865716,0.5911618088864499,-0.8114346717621088,0.9473261167366458,13.899070628015927,0.4403242573217734,0.4681402839267027,0.010424761266422783
AB_k_d,198,0.6686758614913113,0.6939793766580895,0.4532646418193358,-0.5405097712519314,0.12552090038653763,1.2040050961572162,1.1147462605485907,0.4632276882903259,-5.324177628946625,19.498252630459362,0.1162059231147786,0.03312454232440139
AB_k_d,199,-0.6838162658915594,-0.07364686417848909,-0.9362081049412927,0.007249346365185261,-0.06237766090373564,-0.800237766790261,-0.055438201296352574,-0.22735358033726727,1.6722574600953046,0.05999260776142292,0.3023607161051101,0.006148367370181493
AB_k_d,200,-0.5022733836229624,0.07561136960222159,0.5514949404996476,0.8799512639627485,-1.3324432623736757,-1.3420783417012447,0.5766576858431747,-1.2874671024353914,31.66321539635213,11.161089000009726,0.1575710683979791,0.0013705006800114555
AB_k_d,201,0.4873128380030489,-0.6946852527813009,-0.8367831529150578,-1.0450010413325639,1.2706928787845462,1.008698562942066,-0.9401109428683587,0.7889559134427933,-1.0823860239096528,0.07371817347440615,0.40208645312519087,0.012585761010644531
AB_k_d,202,1.1185748506310287,1.2882295410903055,1.2020339235590092,0.2450784831616819,-0.20837752102523965,0.04995593762383965,1.3299042231310032,0.5783263076412404,-46.254869692705086,43.06425372756286,0.08269451873585401,0.04123895250997369
AB_k_d,203,-1.1030537355916934,-0.5217801624175715,-0.18767117242452191,-0.43202179482957914,0.3185641008733955,-0.371818138910619,-0.27313464795392717,-0.12308261759157313,0.7008599916122131,0.053942834617372704,0.32400053046567007,0.006392969784690006
AB_k_d,204,-0.8258927597989836,0.8923210907002039,-1.086021108577572,-0.3279178445462454,-0.4052651919675082,-0.9855850235091428,0.9324109864012604,0.14728192523748884,-10.280589792127783,0.8307531000203917,0.21678771737592695,0.02036150212437981
AB_k_d,205,0.8542221109033294,-0.22458365596461505,0.3025307366454426,0.5092106096494313,0.4684084107929145,1.3622653788661767,-0.5836804050840766,-0.5592039165021595,1.174293302904942,0.6193270728152154,0.14733664345088715,0.02573793743097389
AB_k_d,206,0.058470296424828705,0.37275565415875467,-0.6099429114440336,-0.9730659031905204,-0.8373749459881361,0.39490582044842815,0.2803268353051076,-0.8459849614422608,0.1318134487583199,1.8192205217580826,0.1877968641288925,0.018660924461065105
AB_k_d,207,-0.08634486463332292,-1.090730537760766,0.7795299127818291,1.1329305038067916,0.7258815379708554,-0.029700725888625934,-1.3220354595902901,1.2145310437511714,0.51283201746558,0.13436194142241922,0.2135197277677868,0.038457981630039634
AB_k_d,208,-0.14265986392739083,0.49812614288258095,-0.74759832759101,-0.6193484018932051,-0.13632544394810253,1.228467968933168,-0.3667990605296738,-0.7735395520572412,-0.8218144343431674,1.3065361757092224,0.19776337061426166,0.021755702153877322
AB_k_d,209,0.17002679729303982,-1.1602576613569486,0.6355916013648819,0.09124703764744257,0.029901526103889076,-0.949231028155851,0.7167155622787329,1.3140602717289134,8.546588467416013,0.2862761999708364,0.22121596045348432,0.05180577290256994
AB_k_d,210,0.7369646749178551,1.0176990160864954,-0.27144609435114964,-1.372118538320543,-1.0903289270015417,-0.15278876346440562,-1.1931893459584637,0.05321269484182989,-4.115922165053915,0.18975858737009593,0.11764743900032777,0.03854905814718621
AB_k_d,211,-0.7644479404075981,-0.2941188772599268,1.1125167413949464,0.8659107083728623,1.1585442801466697,0.44214783331728436,0.1499563504696484,-0.6370247107763224,2.230174544169868,0.6028061503787188,0.2054051176511379,0.024664393956184225
AB_k_d,212,-1.2027646247075479,1.3148221474697939,0.21300295723736618,1.281674445898881,-0.898672452326171,0.8830099968030278,-0.7252613306499405,0.6507320444977467,-37.496919342715124,21.538165772939067,0.17330418403059436,0.004682388465647726
AB_k_d,213,1.1867357921957848,-0.6901853154126265,-1.1697854745749778,-0.7698213680084953,1.0037855757812781,-1.2921908497760057,0.35757605493226996,-0.0235983297782576,0.3962450025379566,0.012687335136806194,0.7012954185093156,0.010255383507433883
AB_k_d,214,0.4133455053157913,0.1021965393192441,0.8636371295762848,0.5391690933577167,-0.6363050148553628,-0.5084276091392352,-0.14090298857038697,-1.3815812936528724,4.949772732877394,0.5835433384838268,0.12462446882979203,0.007926643184649265
AB_k_d,215,-0.397538791451692,-0.863082308077227,-0.520768683363999,-0.0058878509804165535,0.5694838190198386,0.0890823310729234,1.2015661316681923,0.7110954672975127,6.824239233577826,1.5477694842031555,0.39855695719429357,0.060978884549462584
AB_k_d,216,-0.5844862165235155,0.8613238343542282,0.9158275518752694,-0.8786160654427531,0.8049001332616166,0.630202339870152,-1.0269202374013426,0.38675524355071955,-4.064285583100091,1.3883728005258462,0.1778893898791266,0.042105924585941853
AB_k_d,217,0.6001342454379108,-0.10121018224106249,-0.46736246487455435,1.0436443539566531,-0.7366847594590932,-0.31375696737271364,0.6621118965305917,-0.32006355409342047,28.61270527436376,1.383769374761954,0.19229702151803507,0.01807178040780448
AB_k_d,218,1.3517816730643293,0.6883265293759278,0.09310156309627038,-0.24370632856071284,0.37279963375427916,-0.7502670772036906,-0.18568009384334805,-1.0417597900722488,-1.2734078195847358,0.05440379797076865,0.09959486096597732,0.02019108985782306
AB_k_d,219,-1.3679691078962135,-1.313925856637026,-1.2908610299254255,0.430670457719164,-0.4792235309410968,1.0782306882101917,1.243804918125157,1.0184228460687772,39.45438596493481,33.86081369041163,1.3548348582738106,0.01596020998948978
AB_k_d,220,-0.9513168363895266,0.29377254310952083,-0.023112888724957648,0.32929035032294207,0.21922440708371682,0.2908384750703408,-0.6711652429368063,-0.9617324244289309,0.04530979443413252,0.14693166416212614,0.22937680948391556,0.006962481769923075
AB_k_d,221,0.923653794749032,-1.0153748860603746,1.3596754656221524,-0.5105616368989103,-0.28604562357663665,-0.6506266685399169,1.0185434671846607,1.1150344544586945,8.412608134385833,0.8981712566724962,0.13777153038899373,0.08165075977645195
AB_k_d,222,0.3351422006269378,1.1598212609611285,-1.0203208166030144,0.9744014115714521,1.3432994029454435,-1.101174873148513,-1.235259175575694,0.295525960934913,-5.832883467624186,0.13529978337452525,0.13905475011024482,0.02668551655423456
AB_k_d,223,-0.30795512604162334,-0.49590232517015975,0.3640852493903668,-1.134286840006975,-1.2381863001477318,0.7299107578450414,0.19490307361900716,-0.40553934917720846,4.314082568604038,4.443482680027391,0.21946754435885743,0.011218272557624337
AB_k_d,224,-0.2853541895552201,0.17545372238454737,1.1565069625673126,-0.07950455019678038,1.2406946631577347,1.123481965927078,-1.1627330758207508,-0.2842917357954915,-0.8736671557897667,0.20743535050808992,0.166103158762237,0.020679049560287842
AB_k_d,225,0.2683099995638345,-0.9414165832372285,-0.23153754218074596,0.5856915523252091,-1.3522349892850836,-0.7088736817563971,0.09377780102094802,0.3902100225642462,31.920854551066572,0.28478732554762737,0.3296651190487504,0.0094236592135056
AB_k_d,226,0.9043130910874517,1.0421751225065916,0.5942930440214176,-0.7016168238456869,0.2892110570302475,-0.26863797445377924,-0.3972658917609573,0.9717825831377447,-9.382574942716408,3.673326736396143,0.09757326345968968,0.1587196160498642
AB_k_d,227,-0.8868141285289126,-0.4212609184204281,-0.7956877920447623,1.229739666618667,-0.2261068135462483,0.6717280304440953,0.7729046728210041,-1.1210556256890243,31.152197121207003,5.176952182328464,0.36862752161528406,0.03127886901360693
AB_k_d,228,-1.3047701295953638,0.7437405770123149,-0.6541266820857592,0.7818120747263355,0.48610522988782434,0.7724029614863863,-0.09149281934192355,1.053534779352929,-8.562591204854602,1.5508821658965979,0.25496275757509806,0.027743724020875573
AB_k_d,229,1.3311217054813904,-0.026590672330812026,0.7343203113608421,-1.3150724996130814,-0.37596560946452784,-1.0570250477723322,1.164340169565613,-1.034226843485337,2.5147188568019407,0.4081189400687355,0.10785387356547353,0.03986576900201867
AB_k_d,230,0.53469567492082,0.5700717465777396,-1.0445662470492625,0.16993285520375045,0.7456196382829294,-0.6081717256761329,-0.7746820713006726,-0.37650284377329,-1.4498053969747706,0.018473838817740337,0.1738762560171635,0.006919873949355781
AB_k_d,231,-0.5604866917161229,-1.2399879633208684,0.344969298194407,-0.6818074219500515,-0.8074090385282577,0.3350255715527801,0.3948125884571174,0.3139062557895318,7.307472396473665,1.9656369187287348,0.3371765634861225,0.01566559767762181
AB_k_d,232,-0.37379558361060616,1.2378119210004381,-1.3348885118753526,-1.2065421342146765,-0.566297232392993,0.4862912239146928,-0.22019842395012001,1.3743717437605747,-17.8117619372599,1.2927326210976497,0.18924354084122463,0.06202177117575718
AB_k_d,233,0.34782480099324964,-0.5694927946582864,0.053156235597105805,1.0195988225467791,0.6294014552195966,-0.11028748089763418,1.2959227090207295,-0.702561891954139,19.563691831221874,1.5925140984089619,0.21306739824662457,0.0653026801818872
AB_k_d,234,1.1658297537148246,0.0245149423240818,-0.42610083779031926,-0.4437244470747367,-1.00129836594451,-0.9050401203838981,-0.9923913255436041,-0.6648802638520406,0.798441388298168,0.017533759123070036,0.16607089972502168,0.005352965762428112
AB_k_d,235,-1.1396580262804348,-0.7430715588474475,0.9638799104819287,0.27867466970492116,0.8897580191597656,1.2709217446540928,0.6099835238840527,0.036361697979727436,3.425916585201199,3.7889761706750074,0.2669817746200243,0.05139699461676255
AB_k_d,236,-0.7000220780591263,0.42046495539440687,0.4974059770058683,0.34791273694472835,-1.149630554496068,0.13048249181732086,-1.2941452950480143,-0.060899466726098694,-1.01721136999954,0.41453833074207236,0.17848691863494295,0.011095063881896482
AB_k_d,237,0.7173623659966595,-1.0403109500539545,-0.8910407633876354,-0.18804813632845718,1.0878411749081358,-0.4631857408661071,0.22265174274700672,0.6460963338134154,0.7757853278578993,0.04575814266060629,0.7144698441608656,0.01330270383928236
AB_k_d,238,0.10310750464950869,0.9407106864566213,1.23441929750851,1.1209846313842247,-0.022998673983926743,-1.250669301009908,-0.612268531384822,0.7592524685244533,-11.23699117149562,11.315627267601597,0.11693697097671067,0.0426818832193023
AB_k_d,239,-0.12031028663231735,-0.17348923761821067,-0.1551163252003933,-0.9396918662810387,0.13313831506461882,0.9281304873831531,0.9907842059769971,-1.301097234304597,2.2882161326884276,8.204630054393284,0.21414123707279836,0.06043742655683086
AB_k_d,240,-0.019594632116504807,0.9672583216855897,0.13725359881379484,0.08085592345763803,-0.7348150585709219,-0.4156667536352069,0.007628262393017726,0.8600912204614632,-14.321544185123958,2.6667256314767656,0.13428447530050747,0.049091998985604575
AB_k_d,241,0.03595132848471061,-0.34184937814795435,-1.245704306273177,-0.5870637534053187,0.839885209478547,0.007162430372621209,-1.0752282880880877,-1.227337033324396,0.028349587632554935,0.010543798224082789,0.40902553894066485,0.006388308984902702
AB_k_d,242,0.7896268579098129,0.4470104422542185,0.8743621085959934,0.7029734647424573,-0.47529139566252654,0.9648870540645709,0.8583879742859677,-0.1401143769950739,1.1165925360207973,18.466162840039495,0.10996755527517109,0.017420927231158498
AB_k_d,243,-0.8064595110045009,-1.2086682811778777,-0.5098750573654919,-1.2310748289882198,0.4084298817548724,-1.3849089444708582,-0.48410427707148806,0.5506276784722397,-0.0337634155112333,0.006846419083870877,0.5605371160383525,0.003013006141517089
AB_k_d,244,-1.0823170877557784,0.14993036088363643,-0.9748044270335863,-0.7804557850052923,-0.32172817610323645,-0.07088807930648788,1.078866163928731,-0.563996571750604,2.398284215749987,2.1653100895391737,0.313827594726997,0.03754075875919304
AB_k_d,245,1.0552991920772021,-0.8126435709645671,0.40787757787592005,1.3137370273825926,0.2152612857115408,0.34944840774382935,-0.004666291376545839,0.11016157148844163,11.657400966235897,0.3967861267392562,0.19161810048039096,0.021274640183269272
AB_k_d,246,0.46340057003525015,1.3632294879291498,-0.06594271684223085,-0.16858179180382904,-1.2732025277174335,1.3212104858341303,0.4809741496893667,1.2951964853627171,-52.62936582692589,34.303226780377415,0.1189694734761028,0.026232464391506678
AB_k_d,247,-0.43692206994546534,-0.6390676161812263,1.3185272166544209,0.6804348696942146,1.3413775627904314,-1.0311748862708594,-0.8621959896022513,-0.7979855864734927,0.5639240788765345,0.03708646304324452,0.18338329707075388,0.0039086569907510384
AB_k_d,248,-0.6182083047294239,0.6412914545510431,-0.31564031763511835,1.2051961680271532,0.05547352286088869,-1.183073785934746,1.3833837443892214,-0.4733198486490222,-11.110196460995073,20.895033864280677,0.1724724398783853,0.0038129341300815038
AB_k_d,249,0.6448453968106318,-1.363665867667574,1.0673176752457854,-1.0182320388687018,-0.12233505742593853,0.8226083190885312,-0.30630710224928226,0.23333208888105084,1.05599269015903,0.6537667748185234,0.2089006127515443,0.017690661713639477
AB_k_d,250,1.2151652619507451,0.814967721648084,-0.7061750718781784,0.44236255403509994,1.18209614885974,0.1980993924614194,0.5231887256785275,1.1286539064543042,-9.431817149102343,0.8166609042419083,0.11425133327507703,0.12869344991661874
AB_k_d,251,-1.242024483008315,-0.15027667437664682,0.6780618513589072,-0.2773342655212001,-1.0770260186095106,-0.568686317017835,-0.9069490496665742,-0.9320394114954382,2.0421837045685454,0.1187795121813317,0.22182936803202907,0.002409373808388491
AB_k_d,252,-0.9878258448404302,1.2095645926680414,0.8180785627691101,-0.3492742788086374,0.9904515160364753,-0.843030127556016,0.3094372451244505,0.8750105390838343,-11.03414575399644,8.898297328198058,0.18465295407969304,0.027938729705447994
AB_k_d,253,0.9711730401973788,-0.44886920763352123,-0.5646033646751621,0.18938885037311448,-0.9222764603060818,1.1601526908005104,-1.379575713579891,-1.2015901407263878,2.4157849706647307,0.3275671793928976,0.27453689870164844,0.008845627843235317
AB_k_d,254,0.195749445854976,0.34283575588353177,0.25579060811689325,-1.122330287710812,0.5554411279716682,0.5483221065340143,0.9033111480041864,-0.20913293616560313,-0.8851372323780806,2.213703721037338,0.15067727822350385,0.05712484828098326
AB_k_d,255,-0.1792129836647165,-0.9690167747511929,-1.1286795784328565,0.9410590011348436,-0.6619079977059681,-0.22103576890415177,-0.5261507225167441,0.492442394718571,11.941338961608967,0.09601227185485663,0.7078042204042732,0.004704368646615745
AB_sigma_Phi,0,-0.1912269015488417,0.8716130946721761,0.8495565812682513,-1.2380809603403446,-0.5602314076196029,0.260720939743577,0.5483510888602334,0.2882450939660073,-5.706392955303562,3.4435249101955296,0.15301636638333177,0.035243095980742274
AB_sigma_Phi,1,0.20810183516825487,-0.24525194847803578,-0.5398946094999253,0.7264800627727699,1.0901443583349788,-0.6399783826840569,-0.8807528303073634,-0.396915178242655,0.2616991357214612,0.01011323641508757,0.23402580514795876,0.003715691088863922
AB_sigma_Phi,2,0.959154309140047,0.3514521467264158,0.19927142595901026,-0.5828057993524839,0.10770864776424838,0.9114460330276584,1.3573964126157045,-0.9649544384894657,0.9924666764132537,17.082654942674324,0.11948825362554205,0.053838656547695644
AB_sigma_Phi,3,-0.9754686836687362,-1.111989218644355,-1.1892604177405817,0.04926906114035745,-1.0280634925644971,-1.2902791782240455,-0.3320168037884401,1.1168920113803467,8.300902583677136,0.03115767404387732,0.7873438990115152,0.004875114022619228
AB_sigma_Phi,4,-1.251336929964912,0.052912496402628406,-0.2692704445212386,0.6623541019134358,-1.1551048366673031,-0.3168507609779079,0.883037811986388,-1.0602015949048496,30.081055028962993,7.878989454185656,0.2373269864880824,0.007430148042408088
AB_sigma_Phi,5,1.2248161390217043,-0.7174240773842498,1.120456315906072,-0.1345102166124903,0.6685579103438266,0.6744052960681686,-0.546743995115371,1.0382291183689583,-0.5241593010940235,0.4041477843137483,0.12205911940535343,0.09485310174988618
AB_sigma_Phi,6,0.6355404071738959,1.2662939173484096,-0.7450947932472607,1.3290676347540906,0.8764583359036442,-0.8821805817067847,0.3302394053087716,0.3723775695911007,-19.54065341229868,1.3788623988425521,0.11545223386212637,0.03459571149226025
AB_sigma_Phi,7,-0.6085648436635346,-0.5437605300786345,0.6432032913621695,-0.8226096075935901,-0.0860268233685535,1.239479868850968,-1.3598497159195444,-0.30702919442814736,-0.03272746206209465,0.18784531939495205,0.22826985032615627,0.007299642831114536
AB_sigma_Phi,8,-0.44893598782959054,0.5416531942564262,-1.039446737574592,-0.2856852966227934,1.284277879408415,-0.8543282976639419,0.8413061232799792,-1.3675396742071058,-0.5754850593856735,0.07681041327490573,0.22871623307154343,0.024009904429659872
AB_sigma_Phi,9,0.475752959348529,-1.265656752887769,0.35000469591798455,0.46721206870488974,-0.3632000774008546,1.1901762840379846,-0.5021353715620424,0.6983969968869259,5.794617814341284,1.1676174270180357,0.2932807460929765,0.013894713344453564
AB_sigma_Phi,10,1.0432804610198703,0.7152372519032448,-0.04258782672621231,-1.0180477025978412,-0.8325553870639184,-0.030656094291027447,0.025535081990817332,0.6688323412640205,-5.555489126817098,0.8754076776118246,0.10801995282632129,0.07561803479344742
AB_sigma_Phi,11,-1.0699599265840842,-0.05234391449583509,1.3459439291794475,1.1776809403818558,0.30065704371554514,0.3662490083068566,-1.0576837114175863,-0.04306292875294604,0.9838089836276367,0.9443991811383871,0.1928606847987797,0.009332702262683089
AB_sigma_Phi,12,-0.8157719579610977,1.1112936918764078,0.10104113244304735,0.9216141635413526,0.5148481549657007,0.8198169316817079,0.5039127855347578,0.056770267638719174,-15.013462755571366,9.47659632877683,0.18345500305737342,0.012959926922472404
AB_sigma_Phi,13,0.7992777349807716,-0.3494768787995042,-1.2886853749311655,-1.0868926595967698,-1.3059164523817852,-1.1341309154017765,-0.8388528044830924,-0.6392179916934951,1.3130950372485697,0.015026031626938406,0.4501701461786606,0.0024641667681017092
AB_sigma_Phi,14,0.02664633884797496,0.24448783915624128,0.923439236708208,0.20066897624586377,-0.23565372710881105,0.08154017645186151,1.0553987039168173,-0.765918003317838,5.127514114884207,6.075943040880079,0.14331224465413167,0.021924308456559922
AB_sigma_Phi,15,-0.009951171050615715,-0.8697173164040611,-0.4648589253664561,-0.3873756367881961,0.7242720531324365,-0.3954296868399738,-0.027142201557424306,1.3050955842830285,-0.39788659078575783,0.07643272554880502,0.3322989384706949,0.024936589249077
AB_sigma_Phi,16,-0.1110051317364158,0.27103055792502406,0.43411257374910406,1.2394425590120923,-0.9246789903133742,-0.17714919879707125,-0.9672329285818797,-0.8640881502439378,3.3139359773601016,0.6809826909790831,0.14435181881989895,0.004190642834553266
AB_sigma_Phi,17,0.09346387832445346,-1.0380718794369557,-0.9502731705312211,-0.727820843953963,0.02695461174673519,0.5563610302077635,0.6361863536098997,1.233998700020429,2.5343951717234257,2.13967235221197,0.6185315576236944,0.02899879837511031
AB_sigma_Phi,18,0.7266746476940906,1.1378441778259878,1.2564154887347077,0.584151553801701,1.20399972265215,-1.001055357505407,-0.2461817895036551,0.13324253679046194,-6.04435472311661,3.651495834597646,0.09638707602005407,0.09653795333889531
AB_sigma_Phi,19,-0.7096727898709193,-0.5178398700498597,-0.1263515316869548,-0.050636304445490055,-0.6088114258321002,1.3800121062291877,1.2702063971149358,-0.5465078423494781,21.90563408180312,74.59857386204811,0.2885336043286451,0.018134751725683313
AB_sigma_Phi,20,-1.1276394604822686,0.840657669552568,-1.3724596358211296,-0.661007996288491,-0.13528114029270366,0.22780034816357286,-0.6325484777692564,0.5707071551597427,-5.285962242727535,0.17937213375260008,0.27463511913994665,0.013374102962578013
AB_sigma_Phi,21,1.1534727578022965,-0.1219215867393868,0.011523289242320711,0.1331432831682937,0.9896394015091621,-0.5853938844169854,0.9701948995983518,-0.1141201611444278,2.0424523841942754,0.22085415408828893,0.14706206066742583,0.04563273001678402
AB_sigma_Phi,22,0.35983888413654075,0.667065844724952,-0.37567476107907183,-1.327705726221407,0.5871296582442436,0.9665227557203548,-1.2733365244970571,-1.29102773252685,-0.6400717412003171,0.06549345750194649,0.14799430723083465,0.022832190423850367
AB_sigma_Phi,23,-0.38614813818305094,-1.3352259969138598,1.0075365586101055,0.8212691775881245,-1.05239455049825,-1.323691828970509,0.24237377418737172,0.7911520863953692,38.30622378505169,0.5622240056516866,0.213926720653211,0.015269342579758328
AB_sigma_Phi,24,-0.5511815368202212,1.3375185417818984,-0.6240079821983108,0.2843290223947972,0.17660266866022734,0.7652425452098497,-0.4143437765469645,0.46644664505629163,-12.089584771380952,1.1452096333072985,0.18253701742489858,0.027913563948084186
AB_sigma_Phi,25,0.5250520485957648,-0.6674440119221892,0.7603778498759459,-0.4658766222961457,-0.7725138607154014,-1.1012207661353175,0.7548669679638136,-0.22920824522351646,10.69685114883894,0.3120791342494929,0.16478697529601186,0.018940288507809076
AB_sigma_Phi,26,1.3404339871788216,0.12413464194862889,-1.099737141644776,1.016696778635341,-0.455122823627209,0.1149628770213511,-1.1448302224429328,-1.1326468287020053,2.070038973800478,0.044462692620329404,0.23379507744532751,0.0039035428322070744
AB_sigma_Phi,27,-1.3144208414071568,-0.8411044193036524,0.28302963605248666,-1.1763085378921379,1.3548324915398668,-0.45051678987402854,0.11132898805808522,0.9386997148033525,-0.8695032636800121,0.08039718578473017,0.3305595201359401,0.019179875100243417
AB_sigma_Phi,28,-0.8747955627307465,0.5188366177980972,1.2042250819287699,-0.9229654386795803,0.7941524491818186,-0.7362944741170819,-0.7517368250886456,-0.8708404228598485,-0.7928742814105135,0.13690032723820716,0.1922341837787215,0.009195177393911028
AB_sigma_Phi,29,0.8919560951749237,-1.1395918477310163,-0.17975776566944623,1.088264752225552,-0.328250689417235,1.0504848336523616,0.41815180735629487,1.194752633113491,27.026472547800974,5.3389021373663015,0.37464613487042864,0.0189965793828047
AB_sigma_Phi,30,0.2803240827071256,1.039000044631346,0.5540139627258509,-0.20202556033479602,-1.2465492247449208,-0.1711987120106051,-0.11496688972047298,0.21583951203996898,-13.76233924508638,2.352115555968179,0.11997592791881893,0.03789512142159787
AB_sigma_Phi,31,-0.2977067441276646,-0.2728577174888491,-0.8291976100164244,0.38871073202121265,0.3901194811987303,0.4851338339285052,1.1418682256047161,-0.49639962098643853,8.954266807091889,3.634902635695377,0.3070029668058442,0.05736321399401525
AB_sigma_Phi,32,-0.31726408189834054,0.39848791357405755,-0.08504753111971386,0.8234518586791093,-0.006108296379025768,-0.757625156353513,-0.21437371488194867,-0.2015218865475834,-0.2704048137653745,0.4270683756392053,0.1651743668163002,0.009046727809330517
AB_sigma_Phi,33,0.34478962791280865,-1.0622485362484457,1.3045100865513006,-1.3569885968912359,0.9482542096301507,1.114924939275194,1.2153836493563042,0.4834668776329709,0.8568016443844927,8.321164500417776,0.17244385389942596,0.06465010159321415
AB_sigma_Phi,34,0.9143506023057253,0.9179685773277504,-0.9942582583407467,0.1255424976937809,0.6374633034382648,-0.10565327045666817,-0.9990515952832505,0.8785574578288722,-7.382419734659651,0.23223648994276855,0.12982364216112147,0.07021581575165502
AB_sigma_Phi,35,-0.941675213831858,-0.19618610705041717,0.3942094648024772,-0.6371433952613559,-1.1889068844877613,0.46320565717777207,0.6910196934481954,-1.2037937451770802,9.515163657493094,7.058148164687345,0.24413456885897564,0.017768089788407042
AB_sigma_Phi,36,-1.3799812285869095,1.216551277664254,0.8823227949655628,-0.03725281155268845,-0.9698929065478955,0.7002470448452274,-1.2225758625292293,1.1467648676011273,-16.19974406184098,15.046700831966657,0.1872358369501917,0.02297307734993419
AB_sigma_Phi,37,1.3641322238693874,-0.5907929762499116,-0.5076359893306678,0.5437108387131888,0.15775624999949733,-1.0790810163374442,0.20650492551949085,-0.9514936766079092,6.49108122710804,0.036362876000220645,0.31584092513167045,0.0074877022842711055
AB_sigma_Phi,38,0.5881190054804584,0.003848653578047312,0.14488640066952585,-0.7466217801936289,1.0806235092414875,0.13616668153316458,-0.6833197214880506,-0.45926774041056995,-0.5314836995407239,0.03795808116575217,0.15014292023469872,0.014202798687808804
AB_sigma_Phi,39,-0.5721325051369096,-0.7637828394013974,-1.2431373537245145,1.274465665494574,-0.5724600281463224,-0.5154223066228195,1.006074330017199,0.22064443778148135,68.99061031561483,1.2978776133491445,0.5734116965047602,0.025036866340402582
AB_sigma_Phi,40,-0.40684774730840934,0.7656786383269079,0.24177347284942408,0.3922819206240673,0.7553690976106948,0.20609427973180594,-1.1779914494437047,1.2808081573512469,-9.031552529828836,2.4764181918419648,0.16570200444904487,0.07378408600018957
AB_sigma_Phi,41,0.42299293260166215,-0.004612742242446233,-1.1477843875459905,-0.2326486828400527,-0.20184891119732407,-0.519985938489075,0.16479728202172006,-0.7849615503417391,2.057794961548735,0.1274698725296286,0.27373235257445805,0.010966559438452105
AB_sigma_Phi,42,1.1774325997524782,0.592768264834219,0.804410444531318,1.0792814085691418,-1.3858326244281989,1.0310157442762746,-0.3811719781239242,-0.5824488757045881,-4.95916791353614,5.176922378853231,0.09521568926247728,0.012762551264236645
AB_sigma_Phi,43,-1.1931230021498793,-1.2172467837748053,-0.5840571908179736,-0.8977546364870451,0.4430549667006396,-1.3453292322188457,0.7013881025779105,0.12995701414890748,2.040507296880586,0.03944080070552131,0.6393652396979439,0.011012012796431938
AB_sigma_Phi,44,-0.7764600610982941,0.19675470961460628,-0.7039359986790054,-1.1616006580438347,0.3101753726067564,-0.24185376040013096,-0.17249723848881815,-0.14332590226292297,-0.8933525378139935,0.07998410034969602,0.2611498739507941,0.009293610218875432
AB_sigma_Phi,45,0.7493152257229132,-0.9201553821513595,0.6860225325641276,0.9748939975015027,-0.8203296172578106,0.5774484922667851,1.1709687302028031,0.5524960547049091,81.59244561472869,16.484812212996477,0.18487746966980936,0.016648178686616232
AB_sigma_Phi,46,0.15801155733558736,1.062885721366482,-0.31307335992210694,-0.48599731823466774,-0.42137326624931914,-0.9788838779476816,-0.69419591522673,0.8528210178731068,-9.543581858641868,0.8344399777958943,0.13479251829133906,0.07313464805943058
AB_sigma_Phi,47,-0.13030615254078493,-0.4005952287388701,1.0749504719371676,0.3207188221792503,1.2342273438229714,1.3147310380258947,0.3890407416646373,-1.218702528527625,1.7510603878232995,1.868030894309449,0.17360120025900289,0.09700048219776718
AB_sigma_Phi,48,-0.07432945941670477,1.188261126550494,-1.0586101181511645,-0.8248243076479679,-1.1078602158022353,0.841977256245735,1.3012066358724212,0.7777017151838683,-34.34568960084122,45.44429198380237,0.16964294888960696,0.011421131442986511
AB_sigma_Phi,49,0.046116419779056894,-0.4701279298319019,0.3258807309586713,1.3583395570041785,0.5343717643734867,-1.199148147346714,-0.3015493063561441,-1.3208897849296597,5.687995951996011,0.10419730783267206,0.17657820155382428,0.0037720442474768945
AB_sigma_Phi,50,0.8662340663348596,0.3221276359111296,-0.6678215155005881,-0.12687790795208254,0.9964500415967283,0.01661276286358926,0.6045302941812485,-0.04650874245672276,-0.9074416731146598,0.29213140918846264,0.1601208167405754,0.04204069055024702
AB_sigma_Phi,51,-0.8382431453448758,-0.9896849433202393,0.7148827064380334,0.6384996230102116,-0.1203475164237846,-0.3742054728211721,-0.9112097563173909,0.6330700666829221,2.9338736513914005,0.09596272010226067,0.25661817873310727,0.01115309136450367
AB_sigma_Phi,52,-1.0937507084075528,0.6193558721239387,0.5965053917148557,0.035917752470114195,-0.6860197438157029,-0.789866295201628,0.2930035379849365,-0.6576078302649445,-2.8432324284433212,3.501947200943275,0.17878834218247946,0.003953983152523885
AB_sigma_Phi,53,1.1089333933325258,-1.3856462766434283,-0.7877108792908415,-0.5423543011033969,1.1294988455834438,1.1688251922945654,-1.3104296414698249,0.0277247969250507,-0.04846700092561654,0.04955009966818434,1.3571853758156072,0.012245385326414567
AB_sigma_Phi,54,0.49662195911893225,0.792268724504116,1.159047174117193,0.7452496410857063,0.05534429793968032,-0.05260484580791469,0.9202631182166521,1.3775803769930206,-18.891961903246298,35.531561418266016,0.10465414349942014,0.04639431609347462
AB_sigma_Phi,55,-0.511920976167999,-0.17301537503522124,-0.22388849328326765,-1.273114354205904,-0.888166650857408,0.4318161814411092,-0.5961535084715199,-0.7044272108922395,0.5686248882619469,0.3584908440462098,0.2435511938784894,0.007402237855544663
AB_sigma_Phi,56,-0.6718008606749412,0.17118819481400038,1.2153307354371232,-0.3909147237980751,0.38330615564971837,-0.29574288941189786,0.07766279876504156,-0.38005265455373105,-0.11056366497856462,0.49656490929390984,0.1811038789810959,0.016521701725436405
AB_sigma_Phi,57,0.6563219848455397,-0.7913405799671217,-0.16916020146664423,0.23130296454127808,-1.2614852035569537,0.6096788376256275,-1.0922119674030102,0.3161129175347932,5.360775677848254,0.28144910456001143,0.27706295406445547,0.006736225884443037
AB_sigma_Phi,58,1.2902071355564122,1.3838985860810042,0.4779683772474086,-1.0779405912375057,-0.27278779220427873,-0.9474833814903929,0.7891889985854188,1.0459259607336489,-20.391907962220806,7.558636667876659,0.081099991513935,0.20911415831096977
AB_sigma_Phi,59,-1.2752042267821908,-0.6183591450330966,-0.9047356019668131,0.8963929913361575,0.8469079054798783,1.2616719231748477,-0.46761770765628274,-1.0252537226576421,2.2664299664245604,0.42848434168185556,0.4898371337353648,0.030320632448907727
AB_sigma_Phi,60,-0.9980325814445827,0.9892381729117592,-0.41812393020074745,1.1629411241997432,1.3264457386971162,0.32615061725180294,1.0831586209967956,0.9577328711571977,-16.44150074090119,7.412563682728969,0.21303850945707348,0.027980864192718734
AB_sigma_Phi,61,1.0258649001144453,-0.3199146013592833,0.9660922633397158,-0.9762559525133265,-0.4916325602513123,-0.6617050258819781,-0.08603956898172327,-1.1083702055881943,1.5088051323302638,0.08796465644769585,0.12083012198022487,0.012202910526410003
AB_sigma_Phi,62,0.22749011281221776,0.46974974197726915,-1.3272394681422233,0.487364205199724,-0.695302692011187,0.8897882202723333,0.4761634502057457,-0.30240575423688365,-0.14785420857452847,6.352648783926913,0.22083852193116163,0.016979247258570924
AB_sigma_Phi,63,-0.25586183739956936,-1.1859686023398508,0.05569645231133524,-0.3220648916537525,0.25110606593121365,-1.2257642928286445,-0.7799660188097598,0.4096671797121203,0.660394187710577,0.01026839992138896,0.3551984877127326,0.0042769357330362575
AB_sigma_Phi,64,-0.22046291608078983,0.038059901168488564,-1.274079581350421,0.250401736530508,0.9236824956182346,-0.6770517976656404,-1.2845016945447039,0.611093750453598,-1.8509415497490216,0.017639411499236115,0.29472077070218106,0.00759038686200134
AB_sigma_Phi,65,0.2466452149374483,-0.7512244209695595,0.10877172641019817,-0.41551365651104977,-0.025243665526978543,0.3197520095796105,0.23196285213722967,-0.06857198500730877,2.9172313836912833,0.6366026973721299,0.2398831398211452,0.021916600339082416
AB_sigma_Phi,66,1.0125049308310394,1.2513628240104684,-0.4516920536718778,0.8719217213288382,-1.2022872477851088,-1.2424014494944247,-0.6219227188034477,-1.3420226441979883,-27.15677181797613,0.5075321703545518,0.09970564468544436,0.007369360350631189
AB_sigma_Phi,67,-1.0384651420261277,-0.5776502788726947,0.932608752561525,-1.0588002565680528,0.6078161292659132,0.8848490576089716,0.9814836835020893,0.7561487671158285,0.5223835150586713,4.857168552271564,0.24930514818949898,0.04801319521247485
AB_sigma_Phi,68,-1.283189957661917,0.9434093505605039,0.3796688995309472,-0.9574051880529681,0.13352561024859733,0.6478076596128186,-0.23492410530919972,-0.7265344175453031,-2.1950372931746225,0.6394173858003918,0.2341610537478533,0.018343606781904057
AB_sigma_Phi,69,1.2659765939281418,-0.19241434804582713,-1.0034581431479717,1.1387600957668804,-0.9886871601200404,-0.2689736932849507,1.2808632144752352,1.3557299830837615,81.47223227034554,4.738645265130148,0.2578810923942163,0.03115300285932378
AB_sigma_Phi,70,0.6862620757250955,0.4231589974059933,1.3765383869659444,-0.3462874827668383,-0.586176218726169,1.2985102776503379,-0.9776762310998399,0.006127895083231305,-1.4998343994287346,1.2587280803331171,0.10959770765080072,0.05510368004558235
AB_sigma_Phi,71,-0.6689323695385289,-1.0592301163159474,-0.0075294864731259015,0.5060873069544267,1.0506405491014281,-0.9192546577250317,0.6250536053448623,-0.6786147568845103,4.587725465490848,0.05984736411673342,0.3560538602086987,0.014833452212551739
AB_sigma_Phi,72,-0.4819795735438138,1.061163098553785,1.0848623138884739,1.3774379984750766,-0.17768373473351518,1.1311405869453062,-0.10384469738465762,-1.0040789133829202,-18.65030616947625,36.346421159408045,0.1445325888628848,0.002800763324177468
AB_sigma_Phi,73,0.4994891178533194,-0.4239814225559537,-0.29798874081904736,-0.8494222488059471,0.7741402355570102,-0.8172489333523861,1.1523221253666895,1.0673522944588665,-0.021568757783368753,0.25774355539533234,0.21415355089062393,0.06338785557380963
AB_sigma_Phi,74,1.1009463300507745,0.19443706601074684,0.6090485417490694,0.6140280224845609,0.45675064448651925,0.39284135646889795,-0.7623196270000188,0.33779278464224216,-1.0848316296276477,0.29763984805760973,0.10764733116352067,0.058289077306283486
AB_sigma_Phi,75,-1.1179799382911937,-0.9441311328784331,-0.7752523419495674,-0.10773658172763412,-1.3559124421137847,-0.07852787369067604,0.4068200663981216,-0.35777752393071993,22.058337145926735,1.5440932271420182,0.5691882421526213,0.011869321085450447
AB_sigma_Phi,76,-0.8516017822262567,0.5781605449513219,-0.547225312436047,-0.523504528198034,-0.7958233252181939,-1.1820033558380885,-1.1561295622758923,0.4310522038102125,-3.238587192838833,0.11602918566520294,0.21040303820963982,0.01362481201183398
AB_sigma_Phi,77,0.8258001940086854,-1.2535124455217506,0.8359019729672716,0.01173705455558327,0.32928758481408793,0.8464086188070856,0.10071382633628967,-0.28110236816674483,3.477354522903787,0.9731789233163235,0.218099758618842,0.02958776467505503
AB_sigma_Phi,78,0.08151402935320728,0.7518353298802183,-1.1975210443319055,-1.2973379368739852,1.2475872356411435,-0.35835098356508177,-0.4038588390478961,-1.0861363949210066,-0.8827866277972457,0.01559105861213984,0.1910052530093223,0.0105276094709687
AB_sigma_Phi,79,-0.055173024889449085,-0.040119786952688585,0.1865467413132329,0.7639730733587411,-0.3917889112174041,0.022503818322519464,0.7659580812477425,0.9795413047313659,13.26423678367409,3.4015692220731273,0.17145632082154535,0.028577801027050265
AB_sigma_Phi,80,-0.17111880920389377,0.8122676838273846,-0.21422522177486658,-0.25175303232613144,0.5586050276136454,0.5934083342411351,0.3190749066264864,-1.1829586880900473,-1.9744226151579798,0.8303218736604855,0.1678476991496126,0.04461266432256013
AB_sigma_Phi,81,0.14427016989729036,-0.13135283437886813,1.1743908989349843,0.41688576979722747,-1.0890632974260401,-0.2362374483045051,-1.370261309335048,0.8989724261161938,0.6079948522348726,0.8557808502171748,0.13453457366628524,0.0701580172537561
AB_sigma_Phi,82,0.768088909693253,0.6385960388226406,-0.8644257643911682,-0.8732782847603748,-0.10662870235467947,1.3321082665513553,0.8936629202442308,0.5061660426182788,-4.387668579886428,19.311676715933803,0.14976869525437214,0.02278995822368912
AB_sigma_Phi,83,-0.7414412358610786,-1.3447479718354187,0.5249404780013884,1.0601353311436734,1.026435666540838,-0.974515561758121,-0.5354545605036675,-0.17890964788353747,2.6030296751103723,0.017916888768908866,0.31627678892231126,0.0030756995379083545
AB_sigma_Phi,84,-1.1905513164754187,0.3292894233223085,0.7518045064636041,0.9560489757971593,1.1540679361061013,-0.5588547497063631,1.3686534461021942,0.2410154522950232,0.9991422941298929,11.787503381113595,0.21403834329259577,0.010396222920893114
AB_sigma_Phi,85,1.2070772072434097,-0.9608651830589185,-0.6364092908068696,-1.1374247113303233,-0.6668870394718002,0.17989584744907683,-0.32135933572017494,-0.43830675067477465,1.6687053880335365,0.29625785484547895,0.587513715367143,0.012556621381489122
AB_sigma_Phi,86,0.3984669075847673,1.1960123159411944,0.27606477043052124,0.3449364968321509,-0.8747889110493192,-1.3827807395146066,0.5379084577076347,-0.9289254020463408,-33.278936095372686,6.0672416791052415,0.1108277910140689,0.005314290538128744
AB_sigma_Phi,87,-0.4151302836500871,-0.4407129938489508,-1.1137469280437116,-0.5047148424925214,0.08498880730798208,1.0035693987170629,-0.891886249937762,1.1695899549065,-1.5478764806724963,0.25360689755846255,0.3755499880150817,0.015125778129668503
AB_sigma_Phi,88,-0.5966572184091751,0.438922996940057,0.02501337171495166,-1.3760919548223194,-1.2859888307925205,-1.0421371438845286,1.066521567617994,0.10696135872693291,-0.9098892834468912,1.2394643149467341,0.1986005059789349,0.021856781926618673
AB_sigma_Phi,89,0.5798351367367556,-1.195142507889762,-1.363602671529665,0.8480553773339377,0.3641965669316456,0.7282011905064503,-0.016688973160812415,-0.6048492676110006,7.093650525381877,0.5814601847462358,1.7250521623165227,0.024966582917992187
AB_sigma_Phi,90,1.366702577141823,0.9591649218771068,1.021787669870392,-0.6126660519796902,0.8335506784657565,-0.47706121287795966,0.4933293329154187,-0.8057546161075869,-2.5241666911058847,0.4179445215227704,0.08481896854315814,0.08765691984508242
AB_sigma_Phi,91,-1.3503353093513488,-0.3283189724388442,-0.36757882557526256,0.10639608974998094,-0.30236952374693526,0.16287266602915595,-0.8501838947332999,1.2602666160358946,-0.8131420593503749,0.20468705890531752,0.31946810354293126,0.022258291519351787
AB_sigma_Phi,92,-0.9229001974594934,1.344242864941377,-0.9193555122953695,0.5248661475271772,-0.5158004015191714,1.0983939616235026,0.014235091449892101,-1.2411442403898607,-22.07405857862959,4.613266900144348,0.21435829766855205,0.018133997536319633
AB_sigma_Phi,93,0.9493681157983118,-0.6363458209584671,0.46885837276903586,-0.013077856394172471,1.3076719772615426,-0.7628395581576766,-1.0682982224314161,0.8299539289178515,-1.0127406453941699,0.08002490504870668,0.16058735253564835,0.039001709341757
AB_sigma_Phi,94,0.30397565950507044,0.1309483703168577,-0.09704202072314816,1.2986836706658067,0.2374077233412839,0.4480918181884421,0.8517917321444088,0.5319132037624317,9.757844499240884,4.068587184722745,0.1602468750591834,0.030738010756357678
AB_sigma_Phi,95,-0.3310041369346126,-0.8099277302361291,1.292769435026685,-0.7653402960064779,-0.7252254978148599,-0.11211575079648006,-0.4910449296434749,-0.1639903912333538,1.9789528027962526,0.1709349666159189,0.19595475780719937,0.009426104573205642
AB_sigma_Phi,96,-0.2677203806816575,1.2909705476911004,0.6501968010454988,-0.44702623483325943,1.108894343108059,1.0764927634316026,0.9525576331931778,-0.5243586392108808,-6.018561172882405,5.783045016904291,0.1559785360643671,0.07033395138124195
AB_sigma_Phi,97,0.2832309139700262,-0.5407476566568917,-0.7324224828462004,0.26014769959404505,-0.5360450779825591,-0.6972353256554715,-0.5632118231082937,0.1551355882219183,3.8155373666008883,0.03609387052758648,0.3287908213247457,0.004732768022047911
AB_sigma_Phi,98,0.8840139927149948,0.07834774378202236,1.0410700163890148,-1.200531423373113,-0.9981221570768479,0.5124322312194471,0.2601907547711102,1.2556375570329907,-2.185561714904921,4.404409024365771,0.10787540297659022,0.09256803518246905
AB_sigma_Phi,99,-0.8989851200858743,-0.7136467925262998,-0.34350512005977785,1.0354195033925715,0.12138317237689322,-0.13359909118740876,-1.3425146078239925,-0.8430386074169661,2.3278966541398676,0.016276196792644488,0.34673386845588333,0.0013113960297322224
AB_sigma_Phi,100,-1.3278191508170507,0.38625833247843633,-1.155008379540083,1.1073639012122538,0.6876489693779233,-1.1070274981048485,0.5724340592177064,0.8130857864172871,-1.9617985993635152,0.629060113317385,0.2775353242988573,0.0178534150827516
AB_sigma_Phi,101,1.299955154030825,-1.0988411606729445,0.22801223623599798,-0.9475640770246656,-1.1305773914544515,0.7494729578502388,-0.944011312236634,-1.2690064451470062,1.9786095905426972,0.42303301753325956,0.30207005841241075,0.019094080083202083
AB_sigma_Phi,102,0.5604099856414018,0.9058297235142068,-0.5923819844448062,0.36423975638178296,-0.05642131516340365,-0.45503313696144165,1.3341384160143914,-0.09302995939829639,-18.143329616889375,3.0380750509771723,0.13153459431441006,0.034408265091118814
AB_sigma_Phi,103,-0.5320700631147874,-0.23269891129778753,0.7917500095506325,-0.18288484866787091,0.889797074548581,0.09773384465290946,-0.26924484484357136,0.5922181067422487,-0.8431827546036924,0.3015131798350679,0.19825180651170998,0.0296207753880781
AB_sigma_Phi,104,-0.35078886873538884,0.23063900485619193,-0.4927978775131141,-0.7089707870094086,-0.3823565997220424,-0.5803698198571442,0.4439118922836558,0.9173566458760025,-2.004643230903202,0.41957332366215044,0.20937226077275384,0.03532101392941059
AB_sigma_Phi,105,0.37894904609734525,-0.9052188352609438,0.8898211533254872,1.2152622277663354,1.2597273185697333,0.24452182831875247,-0.8129506612274214,-1.1539075985647385,1.6480343481866573,0.030792225878781842,0.18161301800318147,0.006557293788603951
AB_sigma_Phi,106,1.140073136647773,1.0966915185042663,-1.2302448483957684,-0.07485952044479705,0.2710310227164281,-1.3173774621581327,1.115928426498791,-0.2514000594051704,-12.20357795305949,0.24631454933259808,0.12638054562015721,0.033457465031970744
AB_sigma_Phi,107,-1.1681169612282398,-0.38574808705720476,0.15433036551825796,0.6028752701139268,-0.8459569035345007,0.9817845429779546,-0.053911624915724765,0.4446808690043207,12.125945294227199,3.544229139068282,0.2837064126904234,0.010492113014722724
AB_sigma_Phi,108,-0.7176135805862192,0.7129249895509753,1.334068147300617,0.15224144060000033,-1.3247318591271648,0.5282166299318014,0.8213268685300694,-0.5176170877833577,-13.796260972660644,71.75439261690094,0.15936374090005032,0.0025835070836944135
AB_sigma_Phi,109,0.7024837579369374,-0.07632504647449823,-0.048952711199863996,-0.6856063041152447,0.4906386683880355,-0.21390265137608178,-0.4348577867181479,0.19437118182921753,-0.7682704360759129,0.06766897931592558,0.15903479942746368,0.01830380173523872
AB_sigma_Phi,110,0.12344890936843567,0.5399252108495354,0.4248679966662017,0.7967972103936993,0.6943102461656119,1.3531579255761776,0.04468936298456727,1.1730301497986362,-6.412559929123993,4.221258606053382,0.1427455718043509,0.06274065707168905
AB_sigma_Phi,111,-0.10809698872888607,-1.2890375861106587,-0.959263909535305,-1.3085646840361498,-0.2493910708618925,-1.0392684203524143,-1.124474773277079,-0.8931575086536019,0.39752207313515225,0.003508691745864801,1.0152564913158248,0.0021902954399447613
AB_sigma_Phi,112,-0.03452082448730742,0.6748225806264083,0.9793490360205424,0.44836668033177207,0.007866176201897224,-1.1607519980012881,-0.6510258572194909,1.0965629933523389,-7.401100834630015,5.076024197784621,0.12637258171435686,0.07060378319586724
AB_sigma_Phi,113,0.018322818233154514,-1.305816607441664,-0.4090337387470613,-0.26150963394847326,-0.9492037707221759,0.7815401614262469,1.039016666088391,-0.9858727707030637,26.133051560812305,19.852051165931982,0.599596239875789,0.019833389511834117
AB_sigma_Phi,114,0.8018031480887811,0.8478139311103872,0.07022292149244902,1.2018983309955649,-0.6384143105479916,-0.4234680733610128,-1.2553879743776941,-0.41944149763348115,-5.731546239720513,0.2896542381526002,0.10598543291409385,0.02041068849629419
AB_sigma_Phi,115,-0.7861656905966544,-0.09309630062470631,-1.3194189731888244,-1.036765593524469,1.190663648811263,0.044511319472883226,0.17441928779996174,0.2654626228680401,-1.008699405545005,0.1015580334244318,0.3769800480145324,0.01854025209408095
AB_sigma_Phi,116,-1.0511452583406022,1.1570789839304958,-0.13813739192214158,-1.1059966424140746,0.9708867932468237,1.1967230878671955,-1.0311471588814312,-0.3279068677225856,-2.7972759429049225,0.2380432020404067,0.22082980312361408,0.015863846092130925
AB_sigma_Phi,117,1.078342914676883,-0.4769362046476562,1.249971300518821,0.9462182967537041,-0.15947013473379745,-0.8391295567781322,0.6582174661635907,0.35192064613303686,19.42502732457931,1.3385312677459764,0.10990838810237806,0.03484513254105656
AB_sigma_Phi,118,0.43497864281190823,0.29103489849988207,-0.875489173525239,-0.3628990010223343,-1.0823385094751576,0.3713784255849575,-0.18144258544794423,1.0154872958614531,-2.260122771058681,0.9847443567219233,0.1836862544128123,0.02829488729611226
AB_sigma_Phi,119,-0.46263110270143637,-0.9964147200321922,0.5143853234320348,0.18152326548917008,0.5734524688275489,-0.01420935749915242,1.2476887615768428,-1.082855830054429,10.071961453489207,1.467829823862759,0.26916006079128874,0.07575391204401466
AB_sigma_Phi,120,-0.6493378277981303,0.9987546942808436,-0.8219449533035722,0.7076356659546474,-0.7536957891659716,0.6701218817750878,-0.7264481238567856,-0.020579261719968267,-10.295233389083625,0.7991458036934881,0.19904438743916691,0.009570065775595377
AB_sigma_Phi,121,0.621843980557421,-0.2914393419044967,0.5664377439987973,-1.2139056281843565,0.20081477872715126,-0.33414366601396894,0.3560567499549414,0.6917420464266819,-0.6073857113583305,0.32035822237911993,0.14440671687917225,0.05029300835336632
AB_sigma_Phi,122,1.2436294955205571,0.4791864431692252,-0.2593925943146176,0.07348744330906198,1.3847969633107413,1.2337793158955257,-0.13972676162146147,0.719021844314937,-3.6778192664109355,0.6613538055467494,0.11598325824484418,0.07937351466856606
AB_sigma_Phi,123,-1.2162731439058743,-1.157584070167142,1.1302495534197534,-0.6015240207974437,-0.44138285638486896,-0.8982254082071973,1.2030960029034403,-1.3468325277144777,12.744463934400551,0.8541691255859761,0.28622197129679006,0.033323979394729475
AB_sigma_Phi,124,-0.9729419588160975,0.09406677216556636,0.3172023291959589,-0.153613868911463,-0.3090968319000975,-0.6124477136354461,-0.3490334368139123,1.3280485821828056,-3.086048065063264,1.0348583727839025,0.2087198873660532,0.049793932723752744
AB_sigma_Phi,125,0.9887592441024651,-0.849514171634803,-1.070906451038936,0.6869572435707918,0.8187003865312412,0.29825734893581757,0.734147352150684,-0.7435596078969593,7.341634393570452,0.7041515098298359,0.7670575512766753,0.05614043279671429
AB_sigma_Phi,126,0.183530849329538,1.3066864361504924,0.7079803552599178,-0.7981326413093967,0.41974283739379703,-1.264165730467379,-1.2109655359321447,-0.618467542135053,-2.830619016923542,0.3513285768030785,0.11929269870458634,0.04520237395526508
AB_sigma_Phi,127,-0.19954911041903278,-0.6766125568779064,-0.6818938989729563,1.3099209324424013,-1.233150331763597,0.95023060338513,0.13253512685561697,0.07726985378332918,55.64474993527687,6.289292781191691,0.37480759912073797,0.008459302715212298
AB_sigma_Phi,128,-0.20886073107980008,0.60089864654542,0.2674466469485699,-0.9991705689718242,0.6185427040694427,-0.8754113726085438,-0.15202270718306288,0.5283555431716105,-3.5602604067646464,0.44309745398477074,0.1630667225357703,0.04141612673395531
AB_sigma_Phi,129,0.19318090010466737,-1.2308142127014252,-1.1166004761364825,1.180635208771892,-1.1913916438409597,1.254372257975821,1.1911094276647474,-0.16179719811011295,161.90367987665203,88.37014627060975,1.1872263653329933,0.00900522405816497
AB_sigma_Phi,130,0.9794534281699001,0.773813652459103,0.7435142674954907,-0.30185349683707186,-0.03618157581759718,-0.3127905369348949,-0.7146810127904046,-1.248765701335332,-1.326938222376898,0.09606879244423888,0.09948332032073064,0.023088672715311825
AB_sigma_Phi,131,-0.9632976714543787,-0.018186125663387287,-0.6395907234134787,0.46155152137846733,0.9129136144682353,0.6920038505137314,0.36891061046061235,0.8389187041576684,-0.44045811465890017,0.8231913830294313,0.2866936184777717,0.039877079199066634
AB_sigma_Phi,132,-1.228287888085829,1.0818306680583551,-0.8459783975547652,0.20819098215955845,1.0397857435138602,0.9263377611158476,-1.1818871915553348,-0.8197963130185876,-2.0313028447656643,0.07413692825657975,0.25070289834944715,0.006939335372214313
AB_sigma_Phi,133,1.255982711129665,-0.4032740669071939,0.5383431383752597,-0.37340734593294744,-0.5968616233399943,-1.2835106301624684,0.16056902813960638,1.2729650089812476,2.2263344087462857,0.39314302502846754,0.12575982662534665,0.12234716154615415
AB_sigma_Phi,134,0.6098260757959186,0.21569370181215808,-0.1954288379087863,0.9167984365640438,-0.977874836466806,0.2783214772991305,-0.3772868022702134,0.08886113942589313,4.9756310037791955,0.6819335511369347,0.1491859784671065,0.014631767173502707
AB_sigma_Phi,135,-0.6369814929222658,-0.9228295878986892,1.187444542279178,-1.1035698838637569,0.14450733487557432,-0.6359161755310532,0.7056269227179437,-0.5853845911710781,2.2196968675298656,0.23914650365235837,0.2278493968536999,0.02377579849716242
AB_sigma_Phi,136,-0.4719427233622038,0.9207115515454893,-0.09989556365157015,-0.5680019529901094,-1.3451009447563798,0.06664712629034497,-1.224096479251187,-0.9104835094198083,-2.9398683379483748,0.1452807445774485,0.1788480186243676,0.005331740209787192
AB_sigma_Phi,137,0.4446286935870376,-0.21515160268669997,1.2841513063803844,0.056293972647381896,0.4677312122993351,-0.4021995569748782,0.20531679991062068,1.1497837704002507,-0.5155006534079329,1.5585934863684823,0.1260272913569709,0.10306075303751357
AB_sigma_Phi,138,1.0690370987443176,0.401224943626173,-0.9225369397376297,-1.2555937297857598,0.7632865867836032,0.8022177161994815,-0.6817885178507775,0.25539303846071015,-2.1246418007164825,0.14372676970343815,0.1643882142944939,0.024056595343762775
AB_sigma_Phi,139,-1.0415009709788834,-1.081209409792432,0.4605681286365737,0.7221614405308292,-0.18836831305151103,-1.138191800481453,1.007251868710754,-0.4513411981339799,29.976916927630313,0.9105457196510971,0.28112292843565645,0.016672436751317937
AB_sigma_Phi,140,-0.798180434776609,0.017353309843370912,1.0351903250799144,1.332540150724032,-0.4027286393588475,-0.03742398131594116,-0.1969405926079728,0.5134469870524185,8.203727635619824,6.468421348146622,0.16835499185315927,0.00692266822576026
AB_sigma_Phi,141,0.8141563636978895,-0.7718914740392362,-0.3491314535745107,-0.8045891826479341,1.236816867158651,0.35135794125533093,1.233150584816695,-0.18753374135285705,1.3655810706030809,1.3947659893412738,0.3213184732507041,0.10139953717573091
AB_sigma_Phi,142,0.006304913471652185,1.2300605560218736,0.03806700989479661,0.6561752966784102,0.34001564695011033,-0.858389843780282,-1.0164741306419112,-1.1797367514947465,-4.093647582780557,0.2184021417509801,0.12979919006209706,0.008765653651218508
AB_sigma_Phi,143,-0.022164489611442795,-0.5989075550533738,-1.3448062824992357,-0.14982171847510584,-0.7849259034232201,1.172576407519095,0.6732421710724894,0.8971147917293074,12.315337310605027,17.720609678186452,0.5566091618755447,0.011199126856793862
AB_sigma_Phi,144,-0.09607891870821761,1.3649522656723148,1.373668674461009,1.0005430954059167,1.0372854936960334,0.9597525292453744,1.1036258705705537,-1.100516377344599,-23.32307984713302,89.3964585812078,0.131286423819056,0.007804788181838426
AB_sigma_Phi,145,0.11109240923340535,-0.6156815772946107,-0.016120786326712766,-1.1819862566787669,-0.09594823485843529,-1.3385845124632514,-0.06589423393443572,0.9925779831893109,-0.44494466055454907,0.07078123873459907,0.22627708052042106,0.025916568197349107
AB_sigma_Phi,146,0.7144983368577262,0.15224782889963207,0.37647132316956955,0.3031889845606075,-1.0998706839616934,0.22373915838730918,0.4556856137166725,0.41261336847824914,8.803429628349127,3.1759151350485846,0.1284187877031121,0.021952475920323903
AB_sigma_Phi,147,-0.7299666309361615,-0.7886676446496298,-1.011721579145116,-0.4629078369212549,0.547628281419041,-0.6029928055313224,-0.8001007669417322,-0.26129907569589883,0.2704947481082876,0.008138892016692429,0.5520466347093427,0.0019150701842481313
AB_sigma_Phi,148,-1.1588113105548405,0.46161798654925157,-0.4383055370527751,-0.2068558456117504,0.0742672109368252,-1.0159460578881585,0.07376374114139561,0.33457374008234453,-2.270016086619739,0.24549390376882466,0.2381129215643407,0.012506780690515357
AB_sigma_Phi,149,1.1304290145452203,-1.172402443843069,0.9510829223688966,0.3720507205292236,-0.8856795778758868,1.3732438628641976,-1.0964342616264535,-0.35592294683840286,5.090200805607247,0.8578233822032676,0.18744889260452924,0.009930280741763182
AB_sigma_Phi,150,0.38826083201727846,0.9811017850627477,-1.2610421024183913,-0.9154262199908876,-0.6559540662987629,-0.1947487809480719,0.7930774692937497,-1.0113620888157997,-6.795855247739732,1.3322651304659292,0.16363425624163558,0.028883550151289402
AB_sigma_Phi,151,-0.3604390847696841,-0.30634248836818,0.12759493390464316,1.1022184847811547,1.164831838823728,0.5522991793948362,-0.463384826517524,1.0759787841860915,-0.5830175043293193,0.31452170047141054,0.21154306930257558,0.03964176799466111
AB_sigma_Phi,152,-0.5200519930941191,0.30862433270522693,-1.2061123493498411,0.5666348336293512,-0.2914353937597365,-0.15630668955452642,0.29148886026425336,0.013747125029963003,1.6728947822083158,0.5057974794840234,0.26465630599189877,0.015908485017641038
AB_sigma_Phi,153,0.5480534855063715,-0.981575017595167,0.18367703397264656,-0.054948342142539186,0.8443154074792123,0.4919033993668225,-1.311621061933315,-0.6875771358664217,0.2622413150499888,0.01834959656648668,0.2668286581525063,0.007896598102250492
AB_sigma_Phi,154,1.3119697329516138,1.174753201252295,-0.5554887535975401,1.254252989919358,0.3534741442646592,-0.7186962140394085,0.9217883621952552,-0.7229738649190787,-34.27083852688753,2.75324800509422,0.09668057568760058,0.02017155390177166
AB_sigma_Phi,155,-1.3401722011669932,-0.4620120599412062,0.8327044017702427,-0.7207998831738733,-1.2968806544332494,1.0545453623919616,-0.5949726542659493,1.3535337326659518,0.6661504159103164,2.5323134573857105,0.2659196022584793,0.023488156149477156
AB_sigma_Phi,156,-0.889679469412475,0.789527103345798,0.6275227167207904,-1.3338805394147064,-0.7360313970180201,0.12173178142300478,1.3186443750743442,-1.3239193676023795,-4.341545190776866,9.6289474173706,0.20274079057515937,0.02983010419166589
AB_sigma_Phi,157,0.8743698706124416,-0.1540485883117051,-0.7618658304948136,0.8059510498658262,0.22643279499750424,-0.4356254284546135,-0.283789631970355,0.7366811986405029,1.6298421684082043,0.07962999113069337,0.22160725988437566,0.02111896753021522
AB_sigma_Phi,158,0.2925426998899594,0.616620195131244,1.1036855265472678,-0.6575421061782322,1.318519986565913,0.7693050570594406,0.5871031212372448,0.6251330511066933,-4.039113325881342,2.8761490170664934,0.12693575123384052,0.08693444391788487
AB_sigma_Phi,159,-0.27737059671595277,-1.3666841120122084,-0.28495126705136653,0.15116770015567593,-0.5051214213554204,-1.0836205229476532,-0.9289799969610997,-0.08126814695392204,3.33121819902622,0.008053497801948337,0.5470948772725708,0.0014184328461952843
AB_sigma_Phi,160,-0.3430154313294793,0.734224572078124,-0.878406139822923,1.0624468627405694,0.11061794758593946,0.14293480095378008,0.5132285221816257,-0.6152559394019698,-7.302992194267359,1.792988632800948,0.18955179537482442,0.01950305647783707
AB_sigma_Phi,161,0.316325384014299,-0.05506508483237327,0.50574608809164,-0.9027488381991738,-1.0090564523232126,-0.5005316475548595,-0.8292138312364271,0.07540155501589352,0.024174029607850533,0.10548953127765892,0.15130944638755842,0.017098017152226513
AB_sigma_Phi,162,0.9373520495450298,0.5606345702656819,-0.14138224273366395,0.4064101875162536,-0.5251530890826642,0.7043090196025295,1.0460935541852645,1.3353187073059283,-9.52847346080144,13.669804586398563,0.11702598767114053,0.0375487469079963
AB_sigma_Phi,163,-0.910545659777058,-1.2683733011320109,1.2416599496922645,-0.22494554771618547,1.1196172615525433,-1.0614813928716522,-0.0367917617194049,-0.7521941901589644,1.0154428244084708,0.019326307849536165,0.268591437272001,0.004303182277893317
AB_sigma_Phi,164,-1.3596450915038956,0.2525759919862067,0.08356216366140723,-0.49150054399950505,0.9007724986698584,-0.09076062827871745,0.8262525780644572,0.7334102601203389,-2.2870755928815014,0.8516878269022972,0.2640999812841289,0.04397255171960532
AB_sigma_Phi,165,1.376350830723523,-0.8832424751346538,-1.300992718210865,0.3047290966997922,-0.045615250701077414,0.46997575970837846,-0.5168670022510942,-1.3598564760522995,3.4297344592431904,0.19206707182320543,1.271973218034286,0.016223738491848928
AB_sigma_Phi,166,0.5705327705892784,1.1193864667986697,0.9923392611598232,-1.158806365690736,-1.1412565368773684,-0.7400261939243845,0.04059921412165468,-0.00212704555991583,-8.20865817193866,1.677445050772325,0.10644912293162036,0.08012948102656908
AB_sigma_Phi,167,-0.5870164221473358,-0.36300798169572035,-0.39025846673942444,0.9935900019173471,0.6768004642960552,1.118986252995832,-1.0429626676438497,0.6719465159722839,0.043155294093725205,0.16481486952915095,0.27690369641348545,0.013865560915427852
AB_sigma_Phi,168,-0.4271415780449537,0.36499909384516216,0.699341114755174,0.1100498769496907,-0.856637205771579,-0.9937751980523052,0.8710138184574918,0.9973762572493958,0.3701223728032401,8.187363491127025,0.1493288144702892,0.01827588107894497
AB_sigma_Phi,169,0.4108166320939959,-1.1201401028208253,-0.6848108601062913,-0.6434821662046212,0.2601816913387305,1.3079622575686158,-0.5590899238281328,-1.0634016424071924,0.9119861929815503,0.6941832940674112,0.6499512712678347,0.02923557366262243
AB_sigma_Phi,170,1.1950611409901277,0.8851646742119168,0.3088909732050533,0.8416507686882835,1.2707035689868402,-0.2594540449025866,0.34225283257974803,-0.34195889849580374,-4.252192787530489,0.5987113504837029,0.0939055359907673,0.05019884986494279
AB_sigma_Phi,171,-1.1781967787929832,-0.2534087871488273,-1.074151296686109,-1.353358749031011,-0.371549378445555,0.5733858564728198,-1.347493220948863,0.3646083746978406,-0.9639581618490247,0.06911152381565831,0.40269855069311045,0.003999841915050828
AB_sigma_Phi,172,-0.7507510180136253,1.2689945800553295,-0.24096633417230895,-0.7507592835540946,-0.23850056929449082,1.024246302782332,0.5552824869189301,-0.4270526350454328,-9.205773430217905,6.7861983153351435,0.19712866289595377,0.02492692535756543
AB_sigma_Phi,173,0.777737163274953,-0.562683672889307,1.143588790424363,1.2571128617573988,0.7050313467592708,-1.3602212133601328,-0.8741446895058598,0.2744380521597085,1.8178925532066077,0.14395855969957047,0.12340446564666839,0.028935298966187115
AB_sigma_Phi,174,0.1349678037498132,0.05560720461522717,-0.8031696761315864,-0.030406385109182033,0.4798752614479067,0.20203362704783157,1.3504544482990883,1.0930161624012327,1.1843846090054693,2.999498159504774,0.21995842619372152,0.06619495567404185
AB_sigma_Phi,175,-0.16147801294205455,-0.7363425877739282,0.5794279639737292,0.5583573531852801,-1.3356646670410364,-0.5375842398815399,-0.3386143783320241,-0.9836690784584394,18.619243206036604,0.2789550242626959,0.20517045725935032,0.004391128476050154
AB_sigma_Phi,176,-0.04587049348280603,0.11604521868882567,-0.6010367851328889,-1.0638083839470829,1.179683246257613,-0.05937335255470044,-0.7424270481004477,1.1870799495731148,-4.03802489849178,0.15568904181888832,0.20165037566771435,0.045904700025991264
AB_sigma_Phi,177,0.07187306783220215,-0.8275806342898763,0.788859102557671,0.9040895315864355,-0.6492253121278988,0.41692457729729426,0.427794096114976,-0.9058428409604999,29.621792808947475,2.670838984323311,0.19658539387116314,0.018885088262341438
AB_sigma_Phi,178,0.8351098109020663,1.3294244964297992,-1.1633353163717233,-0.4077558645002366,-0.9385196881816777,-0.7939285436694232,-0.12426610045075126,-0.4995031571358973,-13.181261057494002,0.1499908966219332,0.12405990730173927,0.013590617844655657
AB_sigma_Phi,179,-0.8612498705487911,-0.6539142827427896,0.22479346538659395,0.22631270322738617,0.01871965971613787,1.1512245307946374,1.1322153705881155,0.17491393688741175,13.949694210141649,19.46331513510539,0.28369947235050175,0.027687087713380392
AB_sigma_Phi,180,-1.1059640372970778,1.0200114540266292,1.0594806853618903,0.4901545158397944,0.5842226720508752,0.0017204976831106666,-0.42940195934782954,-0.24785017115949537,-4.62134577163088,3.299544781519539,0.18597168942609485,0.009905409917527246
AB_sigma_Phi,181,1.0885919576275052,-0.27013792086912747,-0.3301397979287013,-0.3033622510495275,-1.071399277111212,-0.3809746406046215,0.740142619006759,0.4424742847242933,12.320469925911624,1.2654667151192898,0.19207256054047375,0.023272338346384234
AB_sigma_Phi,182,0.511500577507352,0.4998539713590038,0.6689565077054478,1.1574445346232862,-0.1703670607512735,0.8243785778557979,-1.1297614733841481,0.9249653870300489,-4.590121363003064,1.7822870545292997,0.11829165185162206,0.08884205227382087
AB_sigma_Phi,183,-0.4943294633122083,-1.1368766732035906,-0.7194061984021971,-0.9922496597058131,0.9601588963699668,-1.2032084127045184,0.12604277075722026,-1.162880796857667,0.6122325474573289,0.009221229709260429,0.6319436584878073,0.004631612208618373
AB_sigma_Phi,184,-0.6596298381318858,1.1351448062063014,0.42197709483758894,-0.10869352525646048,-0.4522789561065155,0.9046791633794846,-0.6445652102235507,-0.10030248077932447,-6.735013848414684,1.6115566889996256,0.1782706325317123,0.01833205764949606
AB_sigma_Phi,185,0.6766211142040908,-0.4989153741797664,-0.9679187153877368,0.6421466320019451,1.3740702232480462,-1.2189964471185224,0.9578443539576427,0.6008549200029933,3.19961799590764,0.05271136555981817,0.36115732587861293,0.02430026409637403
AB_sigma_Phi,186,1.2752862108215226,0.26833714079965887,1.3308493816155618,-0.8402997672605492,0.21158382513631624,0.3437506177150671,-1.261330378958078,0.8098772409787729,-3.1792666914621686,1.6522694971724836,0.08857130109774536,0.18512266744292027
AB_sigma_Phi,187,-1.2928380459844513,-1.0191520159878567,-0.057279653195853264,1.3519862587473612,-0.7427573830978553,-0.6576434384508464,0.25473490674339616,-1.2671410384149737,45.658398132353014,0.8698791401225732,0.3276663143763875,0.007068454175345283
AB_sigma_Phi,188,-1.0264492410320116,0.6535201886934392,-1.216879531429041,0.7521106361575562,-1.2224644313722741,-0.94071355267028,-0.960298235668563,1.2371882329083415,-9.78983957771241,0.42167891624907916,0.21009254984751083,0.02911968602989884
AB_sigma_Phi,189,1.0001505584077701,-1.3270737596779687,0.1727410396554827,-1.2584850421801126,0.43059780824053084,1.2765648493919899,0.6427885554101287,-0.8232461342571374,1.5157639131060658,6.08199875994081,0.4014860129018718,0.06450179197493434
AB_sigma_Phi,190,0.2586566745914809,0.8271073811000609,-0.4797815982334598,0.031763046663348504,0.8077184966450985,-0.2916819630174299,-0.2531270693322871,-0.5387492860150226,-2.23808234241088,0.08668061840430412,0.1479341310987858,0.013056593931537594
AB_sigma_Phi,191,-0.2328128058491845,-0.11376339500917454,0.9085808651497851,-0.5596925362122287,-0.3199096513308297,0.6272781770522282,1.2636147822300219,0.16816193281764558,6.024183466482622,13.21234642004771,0.17404480792443727,0.026966518525983137
AB_sigma_Phi,192,-0.2462142448545328,1.0885545160977317,-0.3832603091420541,0.6180080338599263,-1.0390387514266084,1.280911723204775,0.8035658823996508,0.19740059924277142,-55.116128872407785,48.614211517741055,0.1669369477455,0.007819727081077822
AB_sigma_Phi,193,0.21818099169633443,-0.37217668158190564,1.0050175415482514,-0.08988519108694626,0.09690241804275646,-0.9233148817680447,-0.4522968583220962,-0.47659640598082653,1.2453315375471767,0.06379444211671978,0.14889994242880297,0.008828261691376828
AB_sigma_Phi,194,1.0355063574129482,0.2225079466152804,-1.3803730477405542,1.370751708163325,1.1008236690170616,0.6329152704879657,0.06246093603030123,-0.885220327818207,1.368563996438052,0.285619447004567,0.25659740383012253,0.03352982509675503
AB_sigma_Phi,195,-1.0073356086287233,-0.8916520518779407,0.009332136036908745,-0.8645647060348964,-0.5493830677969007,-0.27574290238319143,-1.107046288588446,1.2077893890366698,-0.5254203909616564,0.07484046956398716,0.3305704288123768,0.017420643792701005
AB_sigma_Phi,196,-1.2628538412362986,0.5209842200489461,1.2759165944920128,-1.2830416272318261,-0.07526176383676564,-1.2464636566474285,0.4451046451491709,-1.1399300919288167,-0.6307586046494864,0.5820747415195126,0.20151426528419553,0.008626319959808127
AB_sigma_Phi,197,1.278195180124882,-1.286365347980273,-0.11263550378409959,0.771167060485525,0.8873927964091746,0.8672485200534183,-0.8114346717621088,0.9473261167366458,1.0398438379324322,0.10471672416655162,0.46900986538002365,0.01598202477640644
AB_sigma_Phi,198,0.6686758614913113,0.6939793766580895,0.4532646418193358,-0.5405097712519314,0.6576657561847659,-0.6838203457272175,1.1147462605485907,0.4632276882903259,-4.599943490453615,1.2151013423634098,0.11398887078874645,0.07945030492262503
AB_sigma_Phi,199,-0.6838162658915594,-0.07364686417848909,-0.9362081049412927,0.007249346365185261,-1.1658275898526211,0.30486028149142097,-0.055438201296352574,-0.22735358033726727,6.713914547552221,1.116567406257202,0.30904474903770324,0.009558021820090377
AB_sigma_Phi,200,-0.5022733836229624,0.07561136960222159,0.5514949404996476,0.8799512639627485,0.28976670740730914,-0.35429009848540516,0.5766576858431747,-1.2874671024353914,5.984263245584296,2.01263279407028,0.17297830222252447,0.01235753168206973
AB_sigma_Phi,201,0.4873128380030489,-0.6946852527813009,-0.8367831529150578,-1.0450010413325639,-0.8432766529167434,0.04010303380474567,-0.9401109428683587,0.7889559134427933,0.013642279144524538,0.0863886315932905,0.401570519367955,0.008273662557961725
AB_sigma_Phi,202,1.1185748506310287,1.2882295410903055,1.2020339235590092,0.2450784831616819,-0.3524365052015599,-1.175233485703184,1.3299042231310032,0.5783263076412404,-52.29801147852621,43.97988883742054,0.08097246096658421,0.03727343675886122
AB_sigma_Phi,203,-1.1030537355916934,-0.5217801624175715,-0.18767117242452191,-0.43202179482957914,1.2952105220631205,0.8613016689686022,-0.27313464795392717,-0.12308261759157313,-0.10312052716733189,0.18779662631564337,0.32620486399444903,0.02104861211173443
AB_sigma_Phi,204,-0.8258927597989836,0.8923210907002039,-1.086021108577572,-0.3279178445462454,0.7349521901103488,0.4104412329877878,0.9324109864012604,0.14728192523748884,-5.4457310202385205,1.6254053078131796,0.23533298589178703,0.055309411847537744
AB_sigma_Phi,205,0.8542221109033294,-0.22458365596461505,0.3025307366454426,0.5092106096494313,-0.22480423047194753,-0.0744663275743358,-0.5836804050840766,-0.5592039165021595,2.8611945968799977,0.09791108059533377,0.14662409720450506,0.008947484203753929
AB_sigma_Phi,206,0.058470296424828705,0.37275565415875467,-0.6099429114440336,-0.9730659031905204,-1.3168928680580578,1.1460316539968323,0.2803268353051076,-0.8459849614422608,0.6430040931925344,13.057920423619427,0.18784530671920932,0.011735977732196184
AB_sigma_Phi,207,-0.08634486463332292,-1.090730537760766,0.7795299127818291,1.1329305038067916,0.5040410989483792,-0.8104810463274726,-1.3220354595902901,1.2145310437511714,0.955605202108986,0.13189561933766472,0.20244084801388562,0.03828521749591167
AB_sigma_Phi,208,-0.14265986392739083,0.49812614288258095,-0.74759832759101,-0.6193484018932051,-0.6195814637962608,-1.3651818184002695,-0.3667990605296738,-0.7735395520572412,-0.803128580496093,0.029535146480125757,0.193711984901929,0.0033661462899883293
AB_sigma_Phi,209,0.17002679729303982,-1.1602576613569486,0.6355916013648819,0.09124703764744257,1.1930603250290381,1.007630588493327,0.7167155622787329,1.3140602717289134,1.771159978089546,2.049173725327944,0.22954019485958466,0.06975705685087011
AB_sigma_Phi,210,0.7369646749178551,1.0176990160864954,-0.27144609435114964,-1.372118538320543,0.037851703023376926,-0.5439620662136208,-1.1931893459584637,0.05321269484182989,-3.5464907812627517,0.15382652932417357,0.1175880414360009,0.04055460028466163
AB_sigma_Phi,211,-0.7644479404075981,-0.2941188772599268,1.1125167413949464,0.8659107083728623,-0.9139512586956835,0.18666607392405754,0.1499563504696484,-0.6370247107763224,20.78869634038827,5.205319812733312,0.18045712514984832,0.00511824730627668
AB_sigma_Phi,212,-1.2027646247075479,1.3148221474697939,0.21300295723736618,1.281674445898881,-1.041414313203766,1.3361701173642826,-0.7252613306499405,0.6507320444977467,-42.021186064489534,25.594359250401652,0.17685382931779392,0.004236476244219805
AB_sigma_Phi,213,1.1867357921957848,-0.6901853154126265,-1.1697854745749778,-0.7698213680084953,0.5979408250833167,-0.9569159796071205,0.35757605493226996,-0.0235983297782576,0.8696769876657292,0.034744940128341874,0.7025054124535709,0.011990798720140817
AB_sigma_Phi,214,0.4133455053157913,0.1021965393192441,0.8636371295762848,0.5391690933577167,0.9789551537094983,0.6001765776061252,-0.14090298857038697,-1.3815812936528724,0.7341252243280098,0.2907056526387417,0.1331388047390722,0.029889260245977933
AB_sigma_Phi,215,-0.397538791451692,-0.863082308077227,-0.520768683363999,-0.0058878509804165535,-0.1461344585477784,-0.22134674792175368,1.2015661316681923,0.7110954672975127,14.966249653630443,1.72824067019466,0.3966362480886356,0.041647404686679115
AB_sigma_Phi,216,-0.5844862165235155,0.8613238343542282,0.9158275518752694,-0.8786160654427531,1.3441467564077094,0.44403128944884207,-1.0269202374013426,0.38675524355071955,-3.9994144563239735,1.3295379211111988,0.17812096532143182,0.042818841948302405
AB_sigma_Phi,217,0.6001342454379108,-0.10121018224106249,-0.46736246487455435,1.0436443539566531,-0.46597795973310874,-0.12971401087415346,0.6621118965305917,-0.32006355409342047,21.652306516397573,1.3431154438185748,0.1940138792243676,0.02201190269736119
AB_sigma_Phi,218,1.3517816730643293,0.6883265293759278,0.09310156309627038,-0.24370632856071284,-0.7615318055700925,1.0916243961851857,-0.18568009384334805,-1.0417597900722488,-2.297283791047149,2.7001931394526117,0.10016992850985584,0.026562364631366433
AB_sigma_Phi,219,-1.3679691078962135,-1.313925856637026,-1.2908610299254255,0.430670457719164,0.18741532283179363,-0.7777315806137552,1.243804918125157,1.0184228460687772,19.850862872370616,0.45484186320729814,1.2257853141593966,0.04345250923915687
AB_sigma_Phi,220,-0.9513168363895266,0.29377254310952083,-0.023112888724957648,0.32929035032294207,0.4010154156612109,-0.49466145606562373,-0.6711652429368063,-0.9617324244289309,-0.05785229603489328,0.0732194347096478,0.21761365834758375,0.0035450725914640225
AB_sigma_Phi,221,0.923653794749032,-1.0153748860603746,1.3596754656221524,-0.5105616368989103,-1.2358223194230595,0.158810154179565,1.0185434671846607,1.1150344544586945,23.71260307841576,7.72717710288767,0.13881710369260644,0.025653499682896
AB_sigma_Phi,222,0.3351422006269378,1.1598212609611285,-1.0203208166030144,0.9744014115714521,-0.3390199010855661,-1.0570285053039439,-1.235259175575694,0.295525960934913,-10.316073770460292,0.18718688024357014,0.13303399698625187,0.02520531519108202
AB_sigma_Phi,223,-0.30795512604162334,-0.49590232517015975,0.3640852493903668,-1.134286840006975,0.7832142083728681,0.7214322861047966,0.19490307361900716,-0.40553934917720846,0.1763135670396913,0.5875056044690296,0.21945517294988923,0.03638832616501777
AB_sigma_Phi,224,-0.2853541895552201,0.17545372238454737,1.1565069625673126,-0.07950455019678038,-1.178052244159359,-0.4726327604272337,-1.1627330758207508,-0.2842917357954915,0.4833463459448224,0.29824982213196427,0.14707841605923525,0.014711135305745127
AB_sigma_Phi,225,0.2683099995638345,-0.9414165832372285,-0.23153754218074596,0.5856915523252091,0.6481488733112564,0.09367186989560783,0.09377780102094802,0.3902100225642462,3.7592712175033016,0.16908000667168285,0.3348028374199131,0.01834949217352716
AB_sigma_Phi,226,0.9043130910874517,1.0421751225065916,0.5942930440214176,-0.7016168238456869,0.9374417207177503,-1.1219181571728085,-0.3972658917609573,0.9717825831377447,-8.917220033066291,3.6138336895349474,0.09588617428611063,0.16022756245133776
AB_sigma_Phi,227,-0.8868141285289126,-0.4212609184204281,-0.7956877920447623,1.229739666618667,-0.017089855746836857,0.7427048384296235,0.7729046728210041,-1.1210556256890243,25.231051199399804,4.73653985356776,0.3695889538212663,0.03726495844634131
AB_sigma_Phi,228,-1.3047701295953638,0.7437405770123149,-0.6541266820857592,0.7818120747263355,-0.5831864376906859,0.5083709174988091,-0.09149281934192355,1.053534779352929,-11.993845787932326,3.0637444221547216,0.23567565559803377,0.015845982960569757
AB_sigma_Phi,229,1.3311217054813904,-0.026590672330812026,0.7343203113608421,-1.3150724996130814,1.069727740038173,-0.15119805361653715,1.164340169565613,-1.034226843485337,0.29552011291395686,0.5446616220494996,0.10792430985781862,0.10190920508171962
AB_sigma_Phi,230,0.53469567492082,0.5700717465777396,-1.0445662470492625,0.16993285520375045,0.16869432554928165,1.069722660900996,-0.7746820713006726,-0.37650284377329,-1.5186320272004237,0.3210991926066133,0.17502089211684257,0.014169366334289557
AB_sigma_Phi,231,-0.5604866917161229,-1.2399879633208684,0.344969298194407,-0.6818074219500515,-0.9591241906570622,-0.7121279678334224,0.3948125884571174,0.3139062557895318,8.577455845291784,0.3032447982539374,0.3358003862666572,0.012586987784283157
AB_sigma_Phi,232,-0.37379558361060616,1.2378119210004381,-1.3348885118753526,-1.2065421342146765,0.4539945295829171,1.357220561370143,-0.22019842395012001,1.3743717437605747,-16.200022266541104,1.91695718586001,0.18954297189353805,0.058274093853330475
AB_sigma_Phi,233,0.34782480099324964,-0.5694927946582864,0.053156235597105805,1.0195988225467791,-1.3750620906865407,-1.0216681358499586,1.2959227090207295,-0.702561891954139,147.22330566290864,5.079809029116617,0.19682086292870404,0.011630734909773642
AB_sigma_Phi,234,1.1658297537148246,0.0245149423240818,-0.42610083779031926,-0.4437244470747367,-0.2125771385925126,0.5349854103890805,-0.9923913255436041,-0.6648802638520406,0.040176133399923986,0.10439355192051906,0.16625996574890495,0.013242130112381973
AB_sigma_Phi,235,-1.1396580262804348,-0.7430715588474475,0.9638799104819287,0.27867466970492116,0.7444718410748872,-0.1990113312714581,0.6099835238840527,0.036361697979727436,4.048170790655249,0.4861342111015306,0.25941815722455003,0.026994486960525445
AB_sigma_Phi,236,-0.7000220780591263,0.42046495539440687,0.4974059770058683,0.34791273694472835,1.2234160117247324,-1.299779160765668,-1.2941452950480143,-0.060899466726098694,-1.552484503282163,0.15941006645021152,0.1844197596335953,0.01285071272810058
AB_sigma_Phi,237,0.7173623659966595,-1.0403109500539545,-0.8910407633876354,-0.18804813632845718,-0.4323539993213009,0.985845195661929,0.22265174274700672,0.6460963338134154,6.250688479022005,3.482641377216816,0.725633659952809,0.01575137797139348
AB_sigma_Phi,238,0.10310750464950869,0.9407106864566213,1.23441929750851,1.1209846313842247,-0.8094758032252382,-0.565477838715857,-0.612268531384822,0.7592524685244533,-17.32935295632822,16.39486092747736,0.11552243453345697,0.030267457881310893
AB_sigma_Phi,239,-0.12031028663231735,-0.17348923761821067,-0.1551163252003933,-0.9396918662810387,0.3208597856655864,0.25129126981269523,0.9907842059769971,-1.301097234304597,1.8526259541952366,1.7713023504170051,0.21406841528081183,0.06813979471506335
AB_sigma_Phi,240,-0.019594632116504807,0.9672583216855897,0.13725359881379484,0.08085592345763803,-0.10962608531179385,0.38897908708488527,0.007628262393017726,0.8600912204614632,-10.907000292416871,2.5670647181818156,0.14433037268256738,0.053674693960641125
AB_sigma_Phi,241,0.03595132848471061,-0.34184937814795435,-1.245704306273177,-0.5870637534053187,1.0073408736824618,-0.010147109031357182,-1.0752282880880877,-1.227337033324396,-0.012041913637925561,0.00865553735928281,0.40901740620706184,0.00696155463572719
AB_sigma_Phi,242,0.7896268579098129,0.4470104422542185,0.8743621085959934,0.7029734647424573,0.5234386259412833,1.211614692011011,0.8583879742859677,-0.1401143769950739,-0.5519914120169251,9.914290528371904,0.11035192483107636,0.04141674074921083
AB_sigma_Phi,243,-0.8064595110045009,-1.2086682811778777,-0.5098750573654919,-1.2310748289882198,-1.1186239532606956,-0.8323610500313465,-0.48410427707148806,0.5506276784722397,1.9389613079366366,0.048392568477783414,0.5620089842930187,0.0037966585043223275
AB_sigma_Phi,244,-1.0823170877557784,0.14993036088363643,-0.9748044270335863,-0.7804557850052923,-0.8990163127534374,-0.4194078080032083,1.078866163928731,-0.563996571750604,4.851161759992721,1.9973761521152402,0.31299997652188893,0.026203951114998982
AB_sigma_Phi,245,1.0552991920772021,-0.8126435709645671,0.40787757787592005,1.3137370273825926,0.04466366518427023,0.06210999786282012,-0.004666291376545839,0.11016157148844163,13.92921799575817,0.29923575437924504,0.19045264934179587,0.018446441371922657
AB_sigma_Phi,246,0.46340057003525015,1.3632294879291498,-0.06594271684223085,-0.16858179180382904,1.1403063973782628,-1.1539828302178388,0.4809741496893667,1.2951964853627171,-19.29220059185856,5.642569832508112,0.11274524974934913,0.11584715543835689
AB_sigma_Phi,247,-0.43692206994546534,-0.6390676161812263,1.3185272166544209,0.6804348696942146,-0.6750431628802643,0.7964324266067255,-0.8621959896022513,-0.7979855864734927,5.971905114436875,0.5259962632701831,0.19142826132718582,0.007767539592143883
AB_sigma_Phi,248,-0.6182083047294239,0.6412914545510431,-0.31564031763511835,1.2051961680271532,0.8577136394238727,-1.2682273178985106,1.3833837443892214,-0.4733198486490222,-5.713157103176228,7.466910443248373,0.18174021403546448,0.008575835559713559
AB_sigma_Phi,249,0.6448453968106318,-1.363665867667574,1.0673176752457854,-1.0182320388687018,-0.2618126986013334,0.9326306029218661,-0.30630710224928226,0.23333208888105084,1.2682763003239563,0.9302817550528599,0.2089309684291015,0.0169606117575112
AB_sigma_Phi,250,1.2151652619507451,0.814967721648084,-0.7061750718781784,0.44236255403509994,-1.27233337812049,-0.6192155593455683,0.5231887256785275,1.1286539064543042,-26.410484003136247,1.610682142846743,0.11260098538536546,0.08096417328286329
AB_sigma_Phi,251,-1.242024483008315,-0.15027667437664682,0.6780618513589072,-0.2773342655212001,0.37262734074513326,0.28336640582866623,-0.9069490496665742,-0.9320394114954382,0.18825856037457295,0.06897001350333677,0.2535326741822288,0.0050050868988014184
AB_sigma_Phi,252,-0.9878258448404302,1.2095645926680414,0.8180785627691101,-0.3492742788086374,0.24017210120318078,1.2161799764689254,0.3094372451244505,0.8750105390838343,-13.282682170988487,14.531670992893337,0.20053470785849603,0.023930974783884704
AB_sigma_Phi,253,0.9711730401973788,-0.44886920763352123,-0.5646033646751621,0.18938885037311448,-0.706067586283809,-0.9022863346016654,-1.379575713579891,-1.2015901407263878,1.9041995283584499,0.005255682405599047,0.27257309096387833,0.002519889578994068
AB_sigma_Phi,254,0.195749445854976,0.34283575588353177,0.25579060811689325,-1.122330287710812,-0.4809099723251602,0.6552289555579456,0.9033111480041864,-0.20913293616560313,-0.16235910999215153,7.525258109907525,0.1507056821640264,0.025371470142661095
AB_sigma_Phi,255,-0.1792129836647165,-0.9690167747511929,-1.1286795784328565,0.9410590011348436,1.3373373970786793,-0.34091349483408173,-0.5261507225167441,0.492442394718571,1.015000585293135,0.012654901523522761,0.7026676137853216,0.004362566192624926
AB_alpha,0,-0.1912269015488417,0.8716130946721761,0.8495565812682513,-1.2380809603403446,-0.5602314076196029,0.9423419028753559,-0.21337549012991586,0.2882450939660073,-4.571979424994869,2.6882721956604865,0.15367341227138484,0.03536154111469119
AB_alpha,1,0.20810183516825487,-0.24525194847803578,-0.5398946094999253,0.7264800627727699,1.0901443583349788,-1.2323990274449852,1.2394596555892392,-0.396915178242655,6.5096336976629825,0.19324699618984328,0.22728771546293974,0.033123923267888954
AB_alpha,2,0.959154309140047,0.3514521467264158,0.19927142595901026,-0.5828057993524839,0.10770864776424838,-0.438132910943123,0.17819880882100025,-0.9649544384894657,-0.11547534220557754,0.13853577644249293,0.11922115923173018,0.01904877992009522
AB_alpha,3,-0.9754686836687362,-1.111989218644355,-1.1892604177405817,0.04926906114035745,-1.0280634925644971,0.1595940145538588,-1.231572049921439,1.1168920113803467,2.707499118794562,0.07163142447028399,0.8126443609039652,0.004143703556130383
AB_alpha,4,-1.251336929964912,0.052912496402628406,-0.2692704445212386,0.6623541019134358,-1.1551048366673031,1.2986570716866204,-0.81324205445169,-1.0602015949048496,5.181167442547883,1.9010873562521406,0.2843443995173224,0.008959162408680523
AB_alpha,5,1.2248161390217043,-0.7174240773842498,1.120456315906072,-0.1345102166124903,0.6685579103438266,-0.8786560452500279,0.46386377081986474,1.0382291183689583,1.2619395290209743,0.348980601062804,0.1218996812003727,0.10180347185624501
AB_alpha,6,0.6355404071738959,1.2662939173484096,-0.7450947932472607,1.3290676347540906,0.8764583359036442,-0.0933512619494179,0.7886427860560346,0.3723775695911007,-27.54519925155176,3.067521237814126,0.11753067051913837,0.03277854207487442
AB_alpha,7,-0.6085648436635346,-0.5437605300786345,0.6432032913621695,-0.8226096075935901,-0.0860268233685535,0.5018763562234174,-0.4448897540078406,-0.30702919442814736,0.6354684902014105,0.26875917168486124,0.22816070478541767,0.01143894797618942
AB_alpha,8,-0.44893598782959054,0.5416531942564262,-1.039446737574592,-0.2856852966227934,1.284277879408415,0.30728761070229593,0.010378551911021994,-1.3675396742071058,-0.5279544686549101,0.11168015305416618,0.23024235169512353,0.025343335195613704
AB_alpha,9,0.475752959348529,-1.265656752887769,0.35000469591798455,0.46721206870488974,-0.3632000774008546,-0.6345531669920466,-1.052900049882811,0.6983969968869259,3.0711973572272178,0.02713648114571298,0.28941475716275344,0.01009561368983218
AB_alpha,10,1.0432804610198703,0.7152372519032448,-0.04258782672621231,-1.0180477025978412,-0.8325553870639184,-1.073963900538505,-0.034643356412296766,0.6688323412640205,-5.4925615306941475,0.4644002701563582,0.10763844546906602,0.09024869572054467
AB_alpha,11,-1.0699599265840842,-0.05234391449583509,1.3459439291794475,1.1776809403818558,0.30065704371554514,0.7568204629956183,1.0715369586538002,-0.04306292875294604,15.827919537899804,38.64796438630285,0.1984113012636824,0.008110589789593847
AB_alpha,12,-0.8157719579610977,1.1112936918764078,0.10104113244304735,0.9216141635413526,0.5148481549657007,0.6575192487698491,0.9564815726499891,0.056770267638719174,-21.541286185023182,20.32422848938958,0.18114184009634451,0.01123397651555974
AB_alpha,13,0.7992777349807716,-0.3494768787995042,-1.2886853749311655,-1.0868926595967698,-1.3059164523817852,-0.28691088183665836,-0.6235379773839753,-0.6392179916934951,1.7288633100129125,0.12101133564076973,0.4505390310835201,0.004402755510026151
AB_alpha,14,0.02664633884797496,0.24448783915624128,0.923439236708208,0.20066897624586377,-0.23565372710881105,-0.7339238778614247,-0.9919980474613854,-0.765918003317838,0.08168558680394566,0.12918564217368145,0.13530261656663592,0.009224945890570165
AB_alpha,15,-0.009951171050615715,-0.8697173164040611,-0.4648589253664561,-0.3873756367881961,0.7242720531324365,1.0943678093725835,0.6317680207009102,1.3050955842830285,0.8483836874027983,3.1202217537803594,0.3476637813263105,0.043699524929760314
AB_alpha,16,-0.1110051317364158,0.27103055792502406,0.43411257374910406,1.2394425590120923,-0.9246789903133742,-0.24744067702162287,-1.1637346548174163,-0.8640881502439378,2.6121113892913024,0.46700985479101725,0.14392935007096028,0.004162341069833204
AB_alpha,17,0.09346387832445346,-1.0380718794369557,-0.9502731705312211,-0.727820843953963,0.02695461174673519,0.5205659671752811,0.11581363378956522,1.233998700020429,0.9524702209048193,0.7100359676988899,0.6010935253094564,0.020894672153370618
AB_alpha,18,0.7266746476940906,1.1378441778259878,1.2564154887347077,0.584151553801701,1.20399972265215,1.144588370817991,1.1340155438465842,0.13324253679046194,-12.128841422255908,20.441092578106637,0.10162185398218788,0.04841568562756633
AB_alpha,19,-0.7096727898709193,-0.5178398700498597,-0.1263515316869548,-0.050636304445490055,-0.6088114258321002,-0.8599455135206313,-0.10246858172805595,-0.5465078423494781,5.26255308148356,0.08871982973067541,0.27781646866779897,0.005073547237865221
AB_alpha,20,-1.1276394604822686,0.840657669552568,-1.3724596358211296,-0.661007996288491,-0.13528114029270366,-0.5869780639456265,-0.5614240778555352,0.5707071551597427,-5.3363849062557716,0.10202730927175803,0.27108800002142447,0.012093818290661565
AB_alpha,21,1.1534727578022965,-0.1219215867393868,0.011523289242320711,0.1331432831682937,0.9896394015091621,0.18386648294895225,0.8889684805838185,-0.1141201611444278,1.813981354923143,0.6935120837499965,0.1475662810608552,0.06466061335694004
AB_alpha,22,0.35983888413654075,0.667065844724952,-0.37567476107907183,-1.327705726221407,0.5871296582442436,0.7935182903722573,0.5206215304054651,-1.29102773252685,-0.8350084656630432,1.5632059482443899,0.14801210210641055,0.07280378926752912
AB_alpha,23,-0.38614813818305094,-1.3352259969138598,1.0075365586101055,0.8212691775881245,-1.05239455049825,-1.2081051424948612,-0.8861978667705835,0.7911520863953692,11.951341530553755,0.110211438282272,0.2160612232154356,0.014669709115544362
AB_alpha,24,-0.5511815368202212,1.3375185417818984,-0.6240079821983108,0.2843290223947972,0.17660266866022734,-1.0128804848677158,1.3019173200044902,0.46644664505629163,-36.162636080765736,7.675882891298681,0.1612552076848568,0.012628408385014092
AB_alpha,25,0.5250520485957648,-0.6674440119221892,0.7603778498759459,-0.4658766222961457,-0.7725138607154014,1.3354407408712456,-0.28122177049628005,-0.22920824522351646,3.5003786201860994,3.615771024947784,0.16598994215257937,0.013252959800008195
AB_alpha,26,1.3404339871788216,0.12413464194862889,-1.099737141644776,1.016696778635341,-0.455122823627209,0.3785410909354552,-1.3423853622453883,-1.1326468287020053,1.6255867711526013,0.0491427718606771,0.23436102546831747,0.004322807372362602
AB_alpha,27,-1.3144208414071568,-0.8411044193036524,0.28302963605248666,-1.1763085378921379,1.3548324915398668,-0.04585937722172484,0.28365523495368894,0.9386997148033525,-0.800385430742089,0.13904942980664875,0.3311627845250277,0.027548764127441523
AB_alpha,28,-0.8747955627307465,0.5188366177980972,1.2042250819287699,-0.9229654386795803,0.7941524491818186,-1.3585066908287393,0.35269601889985713,-0.8708404228598485,-0.8005347505545157,0.33792652354880726,0.18540113730238006,0.010895672099859718
AB_alpha,29,0.8919560951749237,-1.1395918477310163,-0.17975776566944623,1.088264752225552,-0.328250689417235,0.9926458478986564,-0.707463249001127,1.194752633113491,7.967867603013555,0.5231390394833101,0.36057964717611374,0.018295504838391166
AB_alpha,30,0.2803240827071256,1.039000044631346,0.5540139627258509,-0.20202556033479602,-1.2465492247449208,0.022724095879788297,-0.3827548820583784,0.21583951203996898,-11.453640437124017,1.8365524621881997,0.12169989037813651,0.043748089075593154
AB_alpha,31,-0.2977067441276646,-0.2728577174888491,-0.8291976100164244,0.38871073202121265,0.3901194811987303,-0.3987487131952394,0.7211506973969797,-0.49639962098643853,5.700610775988034,0.30902913500033663,0.30323733127466074,0.028963257768683477
AB_alpha,32,-0.31726408189834054,0.39848791357405755,-0.08504753111971386,0.8234518586791093,-0.006108296379025768,-0.0006093647703273586,0.5892172171922079,-0.2015218865475834,1.0813870870933464,2.2820521315918767,0.17453783976555629,0.016956983591405076
AB_alpha,33,0.34478962791280865,-1.0622485362484457,1.3045100865513006,-1.3569885968912359,0.9482542096301507,0.41993320045986415,-0.9492568653935693,0.4834668776329709,-0.4584180966026291,0.0849970699872769,0.17034387212689545,0.022908055066396867
AB_alpha,34,0.9143506023057253,0.9179685773277504,-0.9942582583407467,0.1255424976937809,0.6374633034382648,1.380558458195993,-0.5808203447472995,0.8785574578288722,-7.703462024303225,0.7563431379619958,0.13025050444652295,0.0611018524559245
AB_alpha,35,-0.941675213831858,-0.19618610705041717,0.3942094648024772,-0.6371433952613559,-1.1889068844877613,-0.971356090545355,0.9139120122259572,-1.2037937451770802,11.960051760677015,1.2199588599612514,0.2256958989389497,0.014887181789510753
AB_alpha,36,-1.3799812285869095,1.216551277664254,0.8823227949655628,-0.03725281155268845,-0.9698929065478955,-0.35625515133012464,1.199565338946673,1.1467648676011273,-60.126696256956436,187.24935085393028,0.17484059265719226,0.0025198900113199605
AB_alpha,37,1.3641322238693874,-0.5907929762499116,-0.5076359893306678,0.5437108387131888,0.15775624999949733,0.06687530013713427,-0.1624813581460558,-0.9514936766079092,4.414108694386979,0.14547367699428077,0.32027584433286127,0.013700858245572337
AB_alpha,38,0.5881190054804584,0.003848653578047312,0.14488640066952585,-0.7466217801936289,1.0806235092414875,1.035102138657512,-1.1807616010477102,-0.45926774041056995,-0.6020554464233616,0.06506445012258179,0.15018048643217502,0.01650228991803838
AB_alpha,39,-0.5721325051369096,-0.7637828394013974,-1.2431373537245145,1.274465665494574,-0.5724600281463224,-1.3143182257938322,0.1383881752885654,0.22064443778148135,28.592587506352714,0.09989894772836799,0.46405221587314466,0.005783499128754117
AB_alpha,40,-0.40684774730840934,0.7656786383269079,0.24177347284942408,0.3922819206240673,0.7553690976106948,-0.8158034088461075,-0.4021483188869266,1.2808081573512469,-9.43783625061638,2.877960796405869,0.1565313777078348,0.06702152306800196
AB_alpha,41,0.42299293260166215,-0.004612742242446233,-1.1477843875459905,-0.2326486828400527,-0.20184891119732407,1.1870883881192735,0.7460917294942344,-0.7849615503417391,4.081672074841164,11.783761183579777,0.27471438388947567,0.031876443409636315
AB_alpha,42,1.1774325997524782,0.592768264834219,0.804410444531318,1.0792814085691418,-1.3858326244281989,0.5647555786956515,0.42129445312023295,-0.5824488757045881,-9.668535825513931,16.252998866726802,0.09394600226673078,0.007644006288974736
AB_alpha,43,-1.1931230021498793,-1.2172467837748053,-0.5840571908179736,-0.8977546364870451,0.4430549667006396,-0.2049881768948849,-0.770524664539414,0.12995701414890748,0.17681451421923644,0.019970220860032757,0.6435392441747184,0.002856777997254222
AB_alpha,44,-0.7764600610982941,0.19675470961460628,-0.7039359986790054,-1.1616006580438347,0.3101753726067564,-1.1667036028692985,-1.359409808930798,-0.14332590226292297,-1.0950118626248004,0.01214948798989019,0.25961061878563724,0.00316616901029871
AB_alpha,45,0.7493152257229132,-0.9201553821513595,0.6860225325641276,0.9748939975015027,-0.8203296172578106,0.8387615168691556,0.3062269463894731,0.5524960547049091,33.91384366747026,4.808292774027503,0.18315512679460885,0.014953254190587939
AB_alpha,46,0.15801155733558736,1.062885721366482,-0.31307335992210694,-0.48599731823466774,-0.42137326624931914,0.22538940026751764,1.3674695320198802,0.8528210178731068,-22.735264954573108,10.116955426217785,0.14317058895431012,0.0349924679892457
AB_alpha,47,-0.13030615254078493,-0.4005952287388701,1.0749504719371676,0.3207188221792503,1.2342273438229714,-0.5418562254704291,-0.34123729434791295,-1.218702528527625,0.7284684333041859,0.04270889433336813,0.16872354991799732,0.006359441937342382
AB_alpha,48,-0.07432945941670477,1.188261126550494,-1.0586101181511645,-0.8248243076479679,-1.1078602158022353,0.7129705830055413,0.8518656184846118,0.7777017151838683,-24.814562706850786,14.599661140812316,0.1689048525758633,0.014179784018056174
AB_alpha,49,0.046116419779056894,-0.4701279298319019,0.3258807309586713,1.3583395570041785,0.5343717643734867,-1.1167586937126082,-0.5133217309333663,-1.3208897849296597,4.566719553762153,0.07074331484904026,0.17711936468145206,0.0030203539805538863
AB_alpha,50,0.8662340663348596,0.3221276359111296,-0.6678215155005881,-0.12687790795208254,0.9964500415967283,-0.6783659514637285,-0.8380111757016198,-0.04650874245672276,-1.343209286043313,0.02241665083813952,0.15958445499115384,0.012924945400987311
AB_alpha,51,-0.8382431453448758,-0.9896849433202393,0.7148827064380334,0.6384996230102116,-0.1203475164237846,0.26445571168109994,0.48343432415946364,0.6330700666829221,14.21657733315001,1.4315872896197464,0.2694914493249195,0.02355259984076009
AB_alpha,52,-1.0937507084075528,0.6193558721239387,0.5965053917148557,0.035917752470114195,-0.6860197438157029,1.0531818141784914,0.2383757495629233,-0.6576078302649445,-2.7494888432015587,8.323425400305668,0.21816034863439807,0.01268487250943633
AB_alpha,53,1.1089333933325258,-1.3856462766434283,-0.7877108792908415,-0.5423543011033969,1.1294988455834438,-0.779379911684858,-1.2969578046419787,0.0277247969250507,-0.04521045123988282,0.0015580737207411112,1.3531142904033686,0.008369243281546139
AB_alpha,54,0.49662195911893225,0.792268724504116,1.159047174117193,0.7452496410857063,0.05534429793968032,-0.3279644269736328,-0.23577529071837522,1.3775803769930206,-12.678863664410073,15.127422992482487,0.10395638502526273,0.09845466079144388
AB_alpha,55,-0.511920976167999,-0.17301537503522124,-0.22388849328326765,-1.273114354205904,-0.888166650857408,0.6119307545606001,1.2566612187856994,-0.7044272108922395,6.135683704074489,20.6213435705574,0.2437816805474182,0.020944751893270733
AB_alpha,56,-0.6718008606749412,0.17118819481400038,1.2153307354371232,-0.3909147237980751,0.38330615564971837,0.11413383892258033,-1.0167642973333078,-0.38005265455373105,-0.6427421459799727,0.1919797581913703,0.18635545188021663,0.01264563287185261
AB_alpha,57,0.6563219848455397,-0.7913405799671217,-0.16916020146664423,0.23130296454127808,-1.2614852035569537,-0.47931740847602433,0.6513360331808336,0.3161129175347932,33.94171148120412,1.0802929096741511,0.27685340829659794,0.016638250670852534
AB_alpha,58,1.2902071355564122,1.3838985860810042,0.4779683772474086,-1.0779405912375057,-0.27278779220427873,-1.2779807563571302,1.019707193826991,1.0459259607336489,-22.37505337813549,7.788366237433495,0.08037431628754854,0.20420388620202878
AB_alpha,59,-1.2752042267821908,-0.6183591450330966,-0.9047356019668131,0.8963929913361575,0.8469079054798783,0.9012789482946231,-0.6919724125395937,-1.0252537226576421,1.7673671722754953,0.13537463124141474,0.48873331280336824,0.013645229288233831
AB_alpha,60,-0.9980325814445827,0.9892381729117592,-0.41812393020074745,1.1629411241997432,1.3264457386971162,0.4590853743388279,-0.05704061614108058,0.9577328711571977,-10.605569936935789,1.9017865152056206,0.2137528199818207,0.03178543327403978
AB_alpha,61,1.0258649001144453,-0.3199146013592833,0.9660922633397158,-0.9762559525133265,-0.4916325602513123,-0.13720230908235398,1.088735650472253,-1.1083702055881943,5.486416182232152,2.281276064334464,0.12092114835603988,0.042639366593761024
AB_alpha,62,0.22749011281221776,0.46974974197726915,-1.3272394681422233,0.487364205199724,-0.695302692011187,-0.921494379049996,0.07055795088303785,-0.30240575423688365,-0.5408079239057529,0.1476438662713477,0.21294104153485435,0.007862652441184568
AB_alpha,63,-0.25586183739956936,-1.1859686023398508,0.05569645231133524,-0.3220648916537525,0.25110606593121365,1.2548533661403651,-1.1182885933517752,0.4096671797121203,0.32266006426256655,0.2126857432466016,0.359156594519261,0.0085999474374819
AB_alpha,64,-0.22046291608078983,0.038059901168488564,-1.274079581350421,0.250401736530508,0.9236824956182346,0.6894131213025754,0.34337017045777585,0.611093750453598,-0.6374538051993994,0.6617459470791698,0.29969497148398055,0.03820917432680144
AB_alpha,65,0.2466452149374483,-0.7512244209695595,0.10877172641019817,-0.41551365651104977,-0.025243665526978543,-0.2754926406160101,-1.3696499976051726,-0.06857198500730877,0.19339430658572188,0.014364643592745224,0.23942995396044808,0.004611195793715991
AB_alpha,66,1.0125049308310394,1.2513628240104684,-0.4516920536718778,0.8719217213288382,-1.2022872477851088,-0.7020184578444812,-0.308150186083046,-1.3420226441979883,-36.78846883378056,0.990431943313813,0.10045376766058843,0.007639093074341909
AB_alpha,67,-1.0384651420261277,-0.5776502788726947,0.932608752561525,-1.0588002565680528,0.6078161292659132,1.1057963173189134,1.361296035735559,0.7561487671158285,1.3834069975411403,15.592105449458133,0.25016969767407193,0.04595141539468411
AB_alpha,68,-1.283189957661917,0.9434093505605039,0.3796688995309472,-0.9574051880529681,0.13352561024859733,0.339001350744194,0.7696954405240815,-0.7265344175453031,-3.5819845570743505,2.504941959166488,0.2322673132325242,0.03426225314915465
AB_alpha,69,1.2659765939281418,-0.19241434804582713,-1.0034581431479717,1.1387600957668804,-0.9886871601200404,-0.6229779295637959,-0.42051281858032985,1.3557299830837615,11.927289343694449,0.15086556175284419,0.24284874789095615,0.04339087303265861
AB_alpha,70,0.6862620757250955,0.4231589974059933,1.3765383869659444,-0.3462874827668383,-0.586176218726169,-1.0422194429491456,-0.745561867293576,0.006127895083231305,-1.4413794587479511,0.6226325584109429,0.10315584362018494,0.0698913205763293
AB_alpha,71,-0.6689323695385289,-1.0592301163159474,-0.0075294864731259015,0.5060873069544267,1.0506405491014281,0.7684277813594489,0.4015814437974561,-0.6786147568845103,3.6294508840084316,0.7451776183492841,0.36887813089106397,0.05399625587773666
AB_alpha,72,-0.4819795735438138,1.061163098553785,1.0848623138884739,1.3774379984750766,-0.17768373473351518,1.2669439926813857,-0.1402248243435571,-1.0040789133829202,-18.02643903533196,34.41471355692174,0.14534040537778717,0.0032699574252517756
AB_alpha,73,0.4994891178533194,-0.4239814225559537,-0.29798874081904736,-0.8494222488059471,0.7741402355570102,-0.8902319437149422,1.1825612372138898,1.0673522944588665,0.04331672096146777,0.24356944631631228,0.21409418532700503,0.06325509867390003
AB_alpha,74,1.1009463300507745,0.19443706601074684,0.6090485417490694,0.6140280224845609,0.45675064448651925,-0.1250963805754408,0.16470083522319756,0.33779278464224216,0.1758730280574483,0.535952396948493,0.1067428132741126,0.05780158853940322
AB_alpha,75,-1.1179799382911937,-0.9441311328784331,-0.7752523419495674,-0.10773658172763412,-1.3559124421137847,0.4902696988962505,-1.2018324054992442,-0.35777752393071993,4.171023776102301,0.19079212116709648,0.5703248598427131,0.002396289556991313
AB_alpha,76,-0.8516017822262567,0.5781605449513219,-0.547225312436047,-0.523504528198034,-0.7958233252181939,0.910447369305966,-0.9134634523705715,0.4310522038102125,-3.2826528535721504,0.5660168522550665,0.23188783332464563,0.013543040385929002
AB_alpha,77,0.8258001940086854,-1.2535124455217506,0.8359019729672716,0.01173705455558327,0.32928758481408793,-1.2438166076289698,0.5803347720031016,-0.28110236816674483,5.766373757809861,0.056601198725136984,0.21597652672293535,0.013075413588090517
AB_alpha,78,0.08151402935320728,0.7518353298802183,-1.1975210443319055,-1.2973379368739852,1.2475872356411435,-0.4700376699234028,0.9483463287042662,-1.0861363949210066,-1.1109617655949082,0.15775011220148197,0.19101505930858745,0.04733128026127523
AB_alpha,79,-0.055173024889449085,-0.040119786952688585,0.1865467413132329,0.7639730733587411,-0.3917889112174041,0.14816484557086573,-0.5883542699783345,0.9795413047313659,1.2941721960240398,0.5267317866162006,0.17226997431362157,0.04226232813915063
AB_alpha,80,-0.17111880920389377,0.8122676838273846,-0.21422522177486658,-0.25175303232613144,0.5586050276136454,-1.3699341865626777,1.1204636828498267,-1.1829586880900473,-3.448726774675242,0.5380793762022948,0.15539749285600563,0.01959862574668237
AB_alpha,81,0.14427016989729036,-0.13135283437886813,1.1743908989349843,0.41688576979722747,-1.0890632974260401,0.9607427208526398,-0.07269603782097533,0.8989724261161938,8.65693210329238,5.371193303721245,0.14444198179869497,0.02614475406596153
AB_alpha,82,0.768088909693253,0.6385960388226406,-0.8644257643911682,-0.8732782847603748,-0.10662870235467947,0.011307486593403304,-1.090616676777637,0.5061660426182788,-3.64358248067683,0.0966963885566997,0.14787537328274092,0.029401030365078816
AB_alpha,83,-0.7414412358610786,-1.3447479718354187,0.5249404780013884,1.0601353311436734,1.026435666540838,-0.43064223455223816,0.058969221593196286,-0.17890964788353747,4.9151844963971305,0.06723876939749052,0.3301486369886632,0.009841889268437803
AB_alpha,84,-1.1905513164754187,0.3292894233223085,0.7518045064636041,0.9560489757971593,1.1540679361061013,-1.024488774129146,0.6911854019124501,0.2410154522950232,-0.4691535554976629,3.7584608662563816,0.21227319469160102,0.009208858498503116
AB_alpha,85,1.2070772072434097,-0.9608651830589185,-0.6364092908068696,-1.1374247113303233,-0.6668870394718002,1.3036939489961676,-1.0188831806397332,-0.43830675067477465,0.6916488430083859,0.6938588944237972,0.5875289952547854,0.017796778139754745
AB_alpha,86,0.3984669075847673,1.1960123159411944,0.27606477043052124,0.3449364968321509,-0.8747889110493192,0.3669641802581498,-0.6507639575919862,-0.9289254020463408,-11.156684372093606,0.9421464638443156,0.11755502505039878,0.01557918339454613
AB_alpha,87,-0.4151302836500871,-0.4407129938489508,-1.1137469280437116,-0.5047148424925214,0.08498880730798208,-0.07757342712455917,1.016239800891192,1.1695899549065,2.91675932182379,1.250504053019691,0.3863048778851731,0.043505905578409346
AB_alpha,88,-0.5966572184091751,0.438922996940057,0.02501337171495166,-1.3760919548223194,-1.2859888307925205,-0.5753691136475327,-1.258455654452502,0.10696135872693291,-1.8363130143068203,0.10796421598925399,0.20099043039814982,0.012377092646493643
AB_alpha,89,0.5798351367367556,-1.195142507889762,-1.363602671529665,0.8480553773339377,0.3641965669316456,0.2156126137873664,0.23761730553190974,-0.6048492676110006,9.201440607901986,0.34791215953917637,1.7119910377379615,0.02341409634035769
AB_alpha,90,1.366702577141823,0.9591649218771068,1.021787669870392,-0.6126660519796902,0.8335506784657565,0.8050945400128995,1.2992194951073095,-0.8057546161075869,-4.030579615190226,6.684536739630649,0.08609332914910517,0.10419217066463507
AB_alpha,91,-1.3503353093513488,-0.3283189724388442,-0.36757882557526256,0.10639608974998094,-0.30236952374693526,-1.1763904315553635,-0.24060043746813986,1.2602666160358946,0.8965175148945357,0.20121893340220182,0.28765954094172386,0.022747487347219496
AB_alpha,92,-0.9229001974594934,1.344242864941377,-0.9193555122953695,0.5248661475271772,-0.5158004015191714,-0.23601384232434808,-0.4829435509158888,-1.2411442403898607,-13.913705978389602,0.6594338833302327,0.18455494824028407,0.004254662626824706
AB_alpha,93,0.9493681157983118,-0.6363458209584671,0.46885837276903586,-0.013077856394172471,1.3076719772615426,0.5524697552579614,0.8375679816047767,0.8299539289178515,0.9850307245247536,0.9855039032689297,0.16340850564519904,0.08267482148161698
AB_alpha,94,0.30397565950507044,0.1309483703168577,-0.09704202072314816,1.2986836706658067,0.2374077233412839,1.1560056411410395,0.5124534076322522,0.5319132037624317,6.323474164222889,5.54134689996259,0.16345747162053406,0.028136575394942517
AB_alpha,95,-0.3310041369346126,-0.8099277302361291,1.292769435026685,-0.7653402960064779,-0.7252254978148599,-0.8280526532002961,-0.8509602926233836,-0.1639903912333538,1.2527255547196179,0.052153824066568724,0.19333253771878897,0.007061728466033854
AB_alpha,96,-0.2677203806816575,1.2909705476911004,0.6501968010454988,-0.44702623483325943,1.108894343108059,-1.1336364109160966,-0.6322561549621797,-0.5243586392108808,-3.1537282700502467,0.4915827327466611,0.14379774505608017,0.029496228799581296
AB_alpha,97,0.2832309139700262,-0.5407476566568917,-0.7324224828462004,0.26014769959404505,-0.5360450779825591,0.848982641349439,0.9924385922472252,0.1551355882219183,20.930870288594576,13.755723024403487,0.3353121868406556,0.01939333881657277
AB_alpha,98,0.8840139927149948,0.07834774378202236,1.0410700163890148,-1.200531423373113,-0.9981221570768479,0.2584880121196358,0.6244089396673946,1.2556375570329907,-1.2743980904179568,5.1087701604268,0.10799526181475362,0.08537152867771466
AB_alpha,99,-0.8989851200858743,-0.7136467925262998,-0.34350512005977785,1.0354195033925715,0.12138317237689322,-0.5316024003326937,-0.9573895478222206,-0.8430386074169661,3.532671443919997,0.022009962833105877,0.3320915393828261,0.0016310007497604623
AB_alpha,100,-1.3278191508170507,0.38625833247843633,-1.155008379540083,1.1073639012122538,0.6876489693779233,-0.782555423365414,-1.0697398840046919,0.8130857864172871,-3.381885200373247,0.10252242375350107,0.28338987023113094,0.01162843810562861
AB_alpha,101,1.299955154030825,-1.0988411606729445,0.22801223623599798,-0.9475640770246656,-1.1305773914544515,1.197153177428618,0.032798692287759,-1.2690064451470062,5.4291893712081984,7.298975144001709,0.30217144574486665,0.02668444795523064
AB_alpha,102,0.5604099856414018,0.9058297235142068,-0.5923819844448062,0.36423975638178296,-0.05642131516340365,0.59801449193869,1.0506409983997853,-0.09302995939829639,-14.288910643517774,6.835479567686244,0.13534751619448349,0.0332468343918664
AB_alpha,103,-0.5320700631147874,-0.23269891129778753,0.7917500095506325,-0.18288484866787091,0.889797074548581,-0.1949138232113139,-0.008156513316808667,0.5922181067422487,-0.6151776586085741,0.3248539173811419,0.1972340102021396,0.030478114145926632
AB_alpha,104,-0.35078886873538884,0.23063900485619193,-0.4927978775131141,-0.7089707870094086,-0.3823565997220424,-0.3895037978474818,0.44567411532398093,0.9173566458760025,-2.001941559059965,0.525315929921276,0.2098054908350719,0.03529679346259243
AB_alpha,105,0.37894904609734525,-0.9052188352609438,0.8898211533254872,1.2152622277663354,1.2597273185697333,0.05681117186445328,-0.789464160260987,-1.1539075985647385,1.6906003993422596,0.026098428068035685,0.18069191427359726,0.005699015628106911
AB_alpha,106,1.140073136647773,1.0966915185042663,-1.2302448483957684,-0.07485952044479705,0.2710310227164281,1.0018438864511372,-0.4644384957197154,-0.2514000594051704,-4.587499009180345,0.48034854144279204,0.12790254632842968,0.0259807695994924
AB_alpha,107,-1.1681169612282398,-0.38574808705720476,0.15433036551825796,0.6028752701139268,-0.8459569035345007,-1.3243932405140668,0.8137691898761112,0.4446808690043207,30.52049853957673,2.7412904617779716,0.2235627203185431,0.007636339668111933
AB_alpha,108,-0.7176135805862192,0.7129249895509753,1.334068147300617,0.15224144060000033,-1.3247318591271648,-0.03367589568686569,1.2293943111123842,-0.5176170877833577,-20.060984595196828,142.99768350021583,0.15160477227992988,0.0014075803539820365
AB_alpha,109,0.7024837579369374,-0.07632504647449823,-0.048952711199863996,-0.6856063041152447,0.4906386683880355,0.4097114149429171,-0.17605808290075742,0.19437118182921753,-0.62226345212806,0.2322831667082081,0.15916541968186718,0.024671452442615347
AB_alpha,110,0.12344890936843567,0.5399252108495354,0.4248679966662017,0.7967972103936993,0.6943102461656119,1.3474591853072118,-1.2375812785948583,1.1730301497986362,-6.27475815630641,1.8201815383064357,0.14247422801684406,0.09104121685753837
AB_alpha,111,-0.10809698872888607,-1.2890375861106587,-0.959263909535305,-1.3085646840361498,-0.2493910708618925,-0.9816092546464268,0.2114495236601055,-0.8931575086536019,1.866775912328594,0.05559506619117313,1.0155240420074954,0.007177309139834665
AB_alpha,112,-0.03452082448730742,0.6748225806264083,0.9793490360205424,0.44836668033177207,0.007866176201897224,0.44883119802536475,-0.7215966182700603,1.0965629933523389,-7.346258431111737,5.075033566847655,0.13465373642478906,0.07113030441886325
AB_alpha,113,0.018322818233154514,-1.305816607441664,-0.4090337387470613,-0.26150963394847326,-0.9492037707221759,-0.1703025528687352,0.38323780549157305,-0.9858727707030637,13.50948242786273,0.8013803919909581,0.5978245664378182,0.01628097164388197
AB_alpha,114,0.8018031480887811,0.8478139311103872,0.07022292149244902,1.2018983309955649,-0.6384143105479916,-0.9317177965012062,0.7083764246727353,-0.41944149763348115,-30.294448291926898,9.186125681237165,0.1052674660579334,0.005963006575214444
AB_alpha,115,-0.7861656905966544,-0.09309630062470631,-1.3194189731888244,-1.036765593524469,1.190663648811263,1.2217851619747722,-0.35356161542473385,0.2654626228680401,-1.1417550024896053,0.3533801518572524,0.3771126902669827,0.024188935744736684
AB_alpha,116,-1.0511452583406022,1.1570789839304958,-0.13813739192214158,-1.1059966424140746,0.9708867932468237,0.10405979509994534,-0.28181594691639167,-0.3279068677225856,-3.049734610827802,0.21740593887117618,0.2198650928512642,0.01575275344615282
AB_alpha,117,1.078342914676883,-0.4769362046476562,1.249971300518821,0.9462182967537041,-0.15947013473379745,-0.5125746484700081,1.3405830767682054,0.35192064613303686,39.40235012730968,5.175817654547259,0.11147142186787726,0.029066043544562197
AB_alpha,118,0.43497864281190823,0.29103489849988207,-0.875489173525239,-0.3628990010223343,-1.0823385094751576,-1.2880432113807565,0.27900493240144364,1.0154872958614531,-1.1585275348208017,0.21931270604626327,0.18174342139745742,0.04045628759972627
AB_alpha,119,-0.46263110270143637,-0.9964147200321922,0.5143853234320348,0.18152326548917008,0.5734524688275489,0.8680319337115294,-1.2996529027629222,-1.082855830054429,0.6592369187771636,0.05032458957501459,0.2703902657596049,0.005398543203042977
AB_alpha,120,-0.6493378277981303,0.9987546942808436,-0.8219449533035722,0.7076356659546474,-0.7536957891659716,1.0632551969644626,0.8870244414749127,-0.020579261719968267,-39.68767372481727,28.63044742013204,0.20520709892915046,0.011269597844143657
AB_alpha,121,0.621843980557421,-0.2914393419044967,0.5664377439987973,-1.2139056281843565,0.20081477872715126,-0.7461220106542106,-0.5214005259630627,0.6917420464266819,-1.2306553994793654,0.15046603571030753,0.14415038912910125,0.04419110370996695
AB_alpha,122,1.2436294955205571,0.4791864431692252,-0.2593925943146176,0.07348744330906198,1.3847969633107413,-0.31790131091334306,-0.8895009920954803,0.719021844314937,-3.6992808818754748,0.2025744174359564,0.11547840869083463,0.07434017080266234
AB_alpha,123,-1.2162731439058743,-1.157584070167142,1.1302495534197534,-0.6015240207974437,-0.44138285638486896,0.6451771081070306,0.5619935919273111,-1.3468325277144777,6.669257612659267,3.582022306979063,0.2966312882635548,0.033612151650639646
AB_alpha,124,-0.9729419588160975,0.09406677216556636,0.3172023291959589,-0.153613868911463,-0.3090968319000975,0.7232254203556681,0.1003330563071898,1.3280485821828056,-2.1978361258219996,2.65291505508868,0.22868467186289537,0.036453885074066404
AB_alpha,125,0.9887592441024651,-0.849514171634803,-1.070906451038936,0.6869572435707918,0.8187003865312412,-1.0836591109628904,-1.1318324392789867,-0.7435596078969593,0.9432729396571397,0.001440533239351492,0.7387162659631246,0.00537868043749976
AB_alpha,126,0.183530849329538,1.3066864361504924,0.7079803552599178,-0.7981326413093967,0.41974283739379703,-0.6681431950491817,-0.11389304340699535,-0.618467542135053,-4.023162130760831,0.5743988150514028,0.12236921340241594,0.041700806597348435
AB_alpha,127,-0.19954911041903278,-0.6766125568779064,-0.6818938989729563,1.3099209324424013,-1.233150331763597,0.29752457688335654,1.1618510669949609,0.07726985378332918,156.86660891221769,14.790545464044408,0.3712604824122001,0.012701986469543625
AB_alpha,128,-0.20886073107980008,0.60089864654542,0.2674466469485699,-0.9991705689718242,0.6185427040694427,-0.9538395537073923,-0.25452697972660365,0.5283555431716105,-3.551538536929301,0.4313259714121049,0.16269622157041383,0.04113515362717033
AB_alpha,129,0.19318090010466737,-1.2308142127014252,-1.1166004761364825,1.180635208771892,-1.1913916438409597,1.3738723460542797,1.2808081237829787,-0.16179719811011295,177.1236324253472,134.2205369230279,1.1893471932841597,0.008512518944488295
AB_alpha,130,0.9794534281699001,0.773813652459103,0.7435142674954907,-0.30185349683707186,-0.03618157581759718,0.4266185482779352,0.2196451724131383,-1.248765701335332,-2.2992876742057673,0.9937844648424954,0.10081924768060517,0.0395824280810895
AB_alpha,131,-0.9632976714543787,-0.018186125663387287,-0.6395907234134787,0.46155152137846733,0.9129136144682353,-0.01812513728464782,-1.272789705156673,0.8389187041576684,-2.1409763512902997,0.06933256795797246,0.2826916754961768,0.014100557450786446
AB_alpha,132,-1.228287888085829,1.0818306680583551,-0.8459783975547652,0.20819098215955845,1.0397857435138602,-1.3101738925819009,-0.8571870849887067,-0.8197963130185876,-2.251185184480298,0.04307783437106613,0.23150474935373938,0.002462133696870017
AB_alpha,133,1.255982711129665,-0.4032740669071939,0.5383431383752597,-0.37340734593294744,-0.5968616233399943,1.0201273807493318,0.508003135807279,1.2729650089812476,4.263450713872702,8.145032604741894,0.12787866227578848,0.03115415908338846
AB_alpha,134,0.6098260757959186,0.21569370181215808,-0.1954288379087863,0.9167984365640438,-0.977874836466806,0.08185078105416554,0.8327108210559684,0.08886113942589313,20.266373331226156,5.482767920625911,0.14846777246880594,0.015247546789038629
AB_alpha,135,-0.6369814929222658,-0.9228295878986892,1.187444542279178,-1.1035698838637569,0.14450733487557432,-0.36040020755090674,-0.4887317247975246,-0.5853845911710781,0.49924889454116084,0.04470247515568537,0.22822750893289193,0.005523812646637025
AB_alpha,136,-0.4719427233622038,0.9207115515454893,-0.09989556365157015,-0.5680019529901094,-1.3451009447563798,-0.20913582561883204,0.05172181444103585,-0.9104835094198083,-7.603155188136259,1.05838756977431,0.17490980875160395,0.00922947548911357
AB_alpha,137,0.4446286935870376,-0.21515160268669997,1.2841513063803844,0.056293972647381896,0.4677312122993351,0.5797336521158478,-1.0940569104023903,1.1497837704002507,-2.2184107927181493,1.242350964005695,0.1287383093740108,0.11189720363785276
AB_alpha,138,1.0690370987443176,0.401224943626173,-0.9225369397376297,-1.2555937297857598,0.7632865867836032,1.1721109137635535,-0.07585564072463913,0.25539303846071015,-2.0922681002710894,0.865714017363527,0.1647594605771536,0.037987798472101056
AB_alpha,139,-1.0415009709788834,-1.081209409792432,0.4605681286365737,0.7221614405308292,-0.18836831305151103,-0.8116563591866367,1.1129885279096638,-0.4513411981339799,33.34724361645989,1.3320769827370362,0.29303196323169134,0.022960087498904328
AB_alpha,140,-0.798180434776609,0.017353309843370912,1.0351903250799144,1.332540150724032,-0.4027286393588475,-0.5593694467963759,1.0006157319736773,0.5134469870524185,31.581550406733175,57.36745238556126,0.1666398598648177,0.001923838835268881
AB_alpha,141,0.8141563636978895,-0.7718914740392362,-0.3491314535745107,-0.8045891826479341,1.236816867158651,0.23207219689721548,-0.6674883788438837,-0.18753374135285705,-0.16148378481079695,0.026894513492235247,0.31920628848762533,0.011555550208501386
AB_alpha,142,0.006304913471652185,1.2300605560218736,0.03806700989479661,0.6561752966784102,0.34001564695011033,0.8320781624897726,-1.0358346473281776,-1.1797367514947465,-4.037778652992694,0.3043350492308712,0.14009648394910854,0.013618312729319387
AB_alpha,143,-0.022164489611442795,-0.5989075550533738,-1.3448062824992357,-0.14982171847510584,-0.7849259034232201,-1.1491898237936666,0.6758412613645699,0.8971147917293074,12.351322107420648,0.19043313240980675,0.5331161083967142,0.01623980066664265
AB_alpha,144,-0.09607891870821761,1.3649522656723148,1.373668674461009,1.0005430954059167,1.0372854936960334,0.279261915568763,-1.2049073492308282,-1.100516377344599,-3.6348054329627297,1.7234228001987906,0.12992762179407233,0.02995810102481593
AB_alpha,145,0.11109240923340535,-0.6156815772946107,-0.016120786326712766,-1.1819862566787669,-0.09594823485843529,-0.6823417306551424,0.15714102111095496,0.9925779831893109,-0.14744219929357305,0.13647663689520062,0.22680344286837653,0.029183048141810993
AB_alpha,146,0.7144983368577262,0.15224782889963207,0.37647132316956955,0.3031889845606075,-1.0998706839616934,-1.1127835135856705,1.1753983962755286,0.41261336847824914,20.16096791423825,3.511976956840833,0.12195466719831538,0.02118127338554094
AB_alpha,147,-0.7299666309361615,-0.7886676446496298,-1.011721579145116,-0.4629078369212549,0.547628281419041,0.6981649781823547,-0.14374962418210946,-0.26129907569589883,0.8857179606102252,0.35453261047062945,0.5546378808443507,0.019523731447079418
AB_alpha,148,-1.1588113105548405,0.46161798654925157,-0.4383055370527751,-0.2068558456117504,0.0742672109368252,0.6187854207228309,-0.6053903132092762,0.33457374008234453,-2.3772580109759853,0.31591090787992737,0.2576891817006449,0.013968882508279708
AB_alpha,149,1.1304290145452203,-1.172402443843069,0.9510829223688966,0.3720507205292236,-0.8856795778758868,-0.34564951783211284,0.933086764698883,-0.35592294683840286,40.34738741267909,1.7517357460836496,0.18709680930812253,0.02442838571962152
AB_alpha,150,0.38826083201727846,0.9811017850627477,-1.2610421024183913,-0.9154262199908876,-0.6559540662987629,-0.761694263076693,0.564626054242205,-1.0113620888157997,-5.630224850209592,0.29458052576416965,0.16344537081340396,0.017119604420290157
AB_alpha,151,-0.3604390847696841,-0.30634248836818,0.12759493390464316,1.1022184847811547,1.164831838823728,1.0463265902665755,-0.930103224779087,1.0759787841860915,-1.2689942356766297,0.2771552259251242,0.21283588545997395,0.038191086579230024
AB_alpha,152,-0.5200519930941191,0.30862433270522693,-1.2061123493498411,0.5666348336293512,-0.2914353937597365,0.8944262549136852,1.3432393364029884,0.013747125029963003,7.673820574120304,24.719721935919118,0.27150771624196957,0.02427468876978221
AB_alpha,153,0.5480534855063715,-0.981575017595167,0.18367703397264656,-0.054948342142539186,0.8443154074792123,-1.260297638279943,-0.322399670573418,-0.6875771358664217,1.0622748390543115,0.006263326831562374,0.2643895455169529,0.004266987077262848
AB_alpha,154,1.3119697329516138,1.174753201252295,-0.5554887535975401,1.254252989919358,0.3534741442646592,-0.4969997622295693,-1.3836611990357162,-0.7229738649190787,-5.004287402277271,0.0665776078960243,0.09702838847021295,0.0192653873948953
AB_alpha,155,-1.3401722011669932,-0.4620120599412062,0.8327044017702427,-0.7207998831738733,-1.2968806544332494,0.12098576797987604,0.3250434583055246,1.3535337326659518,5.801688664584047,2.900698153913568,0.26384567173257095,0.025081624814994492
AB_alpha,156,-0.889679469412475,0.789527103345798,0.6275227167207904,-1.3338805394147064,-0.7360313970180201,1.2400451894714093,0.39680893209202983,-1.3239193676023795,-2.122982197958144,11.49588707325696,0.20514490638065236,0.0250856061632485
AB_alpha,157,0.8743698706124416,-0.1540485883117051,-0.7618658304948136,0.8059510498658262,0.22643279499750424,-0.9175166270772892,-0.7514346900185938,0.7366811986405029,0.27056543115688036,0.03954058606028544,0.21873062043537914,0.018438972514501693
AB_alpha,158,0.2925426998899594,0.616620195131244,1.1036855265472678,-0.6575421061782322,1.318519986565913,-0.14118078406391166,-0.4266550344031561,0.6251330511066933,-3.940284542453397,1.7542998220866297,0.12576705441040262,0.08712029596435425
AB_alpha,159,-0.27737059671595277,-1.3666841120122084,-0.28495126705136653,0.15116770015567593,-0.5051214213554204,0.47389427401663453,0.7651605921566114,-0.08126814695392204,19.299847970186793,3.999377550644364,0.5624347286772219,0.023114987849155652
AB_alpha,160,-0.3430154313294793,0.734224572078124,-0.878406139822923,1.0624468627405694,0.11061794758593946,0.16374105388463178,0.5451056054159666,-0.6152559394019698,-7.4986069527943275,1.937896900426835,0.1898989797097371,0.020152796228430612
AB_alpha,161,0.316325384014299,-0.05506508483237327,0.50574608809164,-0.9027488381991738,-1.0090564523232126,-0.45311037497014506,-0.9052893699386884,0.07540155501589352,-0.0614761567441382,0.10224651228451688,0.151339777810644,0.017036818429250946
AB_alpha,162,0.9373520495450298,0.5606345702656819,-0.14138224273366395,0.4064101875162536,-0.5251530890826642,-1.2174209643534868,-0.5369188909865903,1.3353187073059283,-7.893734585205038,1.039225566664702,0.11049331219023434,0.15315960080748872
AB_alpha,163,-0.910545659777058,-1.2683733011320109,1.2416599496922645,-0.22494554771618547,1.1196172615525433,0.9381942644801067,0.86989817190374,-0.7521941901589644,2.7339301858487137,2.48443753732457,0.2734572191792242,0.09186742223860475
AB_alpha,164,-1.3596450915038956,0.2525759919862067,0.08356216366140723,-0.49150054399950505,0.9007724986698584,0.519390145627747,1.1582472681107607,0.7334102601203389,-2.0034237338084786,2.999512917661172,0.26631889924743224,0.06323546939329158
AB_alpha,165,1.376350830723523,-0.8832424751346538,-1.300992718210865,0.3047290966997922,-0.045615250701077414,-0.1000346266574983,-0.12130475948484931,-1.3598564760522995,5.151685171886083,0.13576323908444243,1.2682209635520523,0.013422008243560676
AB_alpha,166,0.5705327705892784,1.1193864667986697,0.9923392611598232,-1.158806365690736,-1.1412565368773684,-0.8719732382916323,-1.1394818186947966,-0.00212704555991583,-4.897814326669156,1.139050681258588,0.10561452212779826,0.09712993842740492
AB_alpha,167,-0.5870164221473358,-0.36300798169572035,-0.39025846673942444,0.9935900019173471,0.6768004642960552,1.281143840031976,0.09699865052079804,0.6719465159722839,3.3847464781227963,1.733355366598426,0.27844990651872736,0.03164776170573307
AB_alpha,168,-0.4271415780449537,0.36499909384516216,0.699341114755174,0.1100498769496907,-0.856637205771579,0.7393047008099958,-0.35818602909577146,0.9973762572493958,-2.991825078279261,2.9997307422275474,0.17347885903272153,0.03766891562317993
AB_alpha,169,0.4108166320939959,-1.1201401028208253,-0.6848108601062913,-0.6434821662046212,0.2601816913387305,-1.0672785630491317,0.7019747467951014,-1.0634016424071924,3.538208560823274,0.07578953560685188,0.6473027463538947,0.01599366936452099
AB_alpha,170,1.1950611409901277,0.8851646742119168,0.3088909732050533,0.8416507686882835,1.2707035689868402,-0.6412392688050622,0.37728598372090727,-0.34195889849580374,-4.334933371118356,0.5901514775347945,0.09320593567552236,0.04681721478711362
AB_alpha,171,-1.1781967787929832,-0.2534087871488273,-1.074151296686109,-1.353358749031011,-0.371549378445555,0.32480413721156065,-0.7266180051149791,0.3646083746978406,-0.7143891082946963,0.13850230415611867,0.4027542881302537,0.006136013554083508
AB_alpha,172,-0.7507510180136253,1.2689945800553295,-0.24096633417230895,-0.7507592835540946,-0.23850056929449082,1.0902227428231035,-1.3182384159333176,-0.4270526350454328,-3.617926598931178,0.2982392321699521,0.19714630630343263,0.012426891358930913
AB_alpha,173,0.777737163274953,-0.562683672889307,1.143588790424363,1.2571128617573988,0.7050313467592708,-0.7189483866156955,0.2649035046306689,0.2744380521597085,7.46488684156641,0.5111973204638469,0.12502246756845917,0.03113618945636424
AB_alpha,174,0.1349678037498132,0.05560720461522717,-0.8031696761315864,-0.030406385109182033,0.4798752614479067,-0.30188565007353674,1.3260853781750048,1.0930161624012327,1.070680492924018,1.1811043520189513,0.21751351479288883,0.07316905071701968
AB_alpha,175,-0.16147801294205455,-0.7363425877739282,0.5794279639737292,0.5583573531852801,-1.3356646670410364,0.6616635923104781,-0.2999523063312737,-0.9836690784584394,19.361118122348845,1.7355801365888672,0.21694517210141626,0.009281215468181154
AB_alpha,176,-0.04587049348280603,0.11604521868882567,-0.6010367851328889,-1.0638083839470829,1.179683246257613,-0.8530935947920334,0.8077328018916463,1.1870799495731148,-3.697197310227284,0.2193373270698682,0.20229031735906997,0.05930717297589311
AB_alpha,177,0.07187306783220215,-0.8275806342898763,0.788859102557671,0.9040895315864355,-0.6492253121278988,1.126906027393144,-0.4693753163508352,-0.9058428409604999,11.960050996061764,1.539545269463496,0.19830335544715774,0.014172355746885218
AB_alpha,178,0.8351098109020663,1.3294244964297992,-1.1633353163717233,-0.4077558645002366,-0.9385196881816777,0.5382490749237705,-0.7941732331041045,-0.4995031571358973,-8.00179409460694,0.3456930431534987,0.12498236524311755,0.013667680889923576
AB_alpha,179,-0.8612498705487911,-0.6539142827427896,0.22479346538659395,0.22631270322738617,0.01871965971613787,-0.25429336007386305,0.4393570966184268,0.17491393688741175,6.6294782068605995,0.4270821217070595,0.27642870742764863,0.01979443310245028
AB_alpha,180,-1.1059640372970778,1.0200114540266292,1.0594806853618903,0.4901545158397944,0.5842226720508752,-1.1932962324883567,0.19703647391028678,-0.24785017115949537,-6.5311717765491455,7.9087772255030995,0.1833914170131509,0.004954505786701659
AB_alpha,181,1.0885919576275052,-0.27013792086912747,-0.3301397979287013,-0.3033622510495275,-1.071399277111212,0.7895398050620022,-1.2558022868531222,0.4424742847242933,0.5222846888098847,0.25451412447630617,0.1912684710801202,0.014407665083311405
AB_alpha,182,0.511500577507352,0.4998539713590038,0.6689565077054478,1.1574445346232862,-0.1703670607512735,0.1878442452503568,-0.19455901952865573,0.9249653870300489,-4.475353375559428,3.3785609710725177,0.11445529145828458,0.059557968841292254
AB_alpha,183,-0.4943294633122083,-1.1368766732035906,-0.7194061984021971,-0.9922496597058131,0.9601588963699668,-0.6017862509432802,1.2152083067991126,-1.162880796857667,2.041290161276325,0.26400660179109336,0.633612555124718,0.06193562587108429
AB_alpha,184,-0.6596298381318858,1.1351448062063014,0.42197709483758894,-0.10869352525646048,-0.4522789561065155,-0.06066497171621377,-0.9728232536736683,-0.10030248077932447,-5.734098000573206,0.8444606603894647,0.16045698069636755,0.02011350852312135
AB_alpha,185,0.6766211142040908,-0.4989153741797664,-0.9679187153877368,0.6421466320019451,1.3740702232480462,0.38251626073369493,0.6071980109241422,0.6008549200029933,1.8858119181916992,0.3851481442489241,0.37670949434213347,0.04988526587380212
AB_alpha,186,1.2752862108215226,0.26833714079965887,1.3308493816155618,-0.8402997672605492,0.21158382513631624,1.3314649720085294,0.9756351719496801,0.8098772409787729,-2.185775403724614,18.39342136980906,0.09010392697219514,0.05061620339501842
AB_alpha,187,-1.2928380459844513,-1.0191520159878567,-0.057279653195853264,1.3519862587473612,-0.7427573830978553,-0.9980742913087506,-0.6481290990191868,-1.2671410384149737,18.442420856211662,0.13073380036993393,0.3103876206830005,0.001612307178631299
AB_alpha,188,-1.0264492410320116,0.6535201886934392,-1.216879531429041,0.7521106361575562,-1.2224644313722741,-0.40560394743585304,-0.015890469275115615,1.2371882329083415,-13.494383337495805,1.5613531512915793,0.2237370593793732,0.019729833034018974
AB_alpha,189,1.0001505584077701,-1.3270737596779687,0.1727410396554827,-1.2584850421801126,0.43059780824053084,0.0404097548166511,1.0473911691558906,-0.8232461342571374,2.3368434610114517,1.1538950282551794,0.4012583236846278,0.06676781696312305
AB_alpha,190,0.2586566745914809,0.8271073811000609,-0.4797815982334598,0.031763046663348504,0.8077184966450985,0.9749607467114785,0.029110244560176746,-0.5387492860150226,-2.479740584462719,0.743601509468511,0.14966255167891007,0.03934650820558384
AB_alpha,191,-0.2328128058491845,-0.11376339500917454,0.9085808651497851,-0.5596925362122287,-0.3199096513308297,-1.3516520143378103,-1.077066951239164,0.16816193281764558,-0.490781831019376,0.13855171976779984,0.15896592336211024,0.018821116945187497
AB_alpha,192,-0.2462142448545328,1.0885545160977317,-0.3832603091420541,0.6180080338599263,-1.0390387514266084,-0.527624638031289,0.2981585317011344,0.19740059924277142,-34.85992412260688,4.964423586101722,0.14439093115029838,0.00795259288832036
AB_alpha,193,0.21818099169633443,-0.37217668158190564,1.0050175415482514,-0.08988519108694626,0.09690241804275646,0.24367982512198205,-1.3242440243981337,-0.47659640598082653,0.24133793346621424,0.050702282546346865,0.15442137438318754,0.008832305974037788
AB_alpha,194,1.0355063574129482,0.2225079466152804,-1.3803730477405542,1.370751708163325,1.1008236690170616,0.8637915513559433,-0.26264115312867453,-0.885220327818207,0.828208791124358,0.2324025964345769,0.25729329872439183,0.027134366175841487
AB_alpha,195,-1.0073356086287233,-0.8916520518779407,0.009332136036908745,-0.8645647060348964,-0.5493830677969007,-1.1376148962263521,1.3160130669914374,1.2077893890366698,9.896355167819669,0.6553891486825125,0.33304391489368085,0.041813187979546626
AB_alpha,196,-1.2628538412362986,0.5209842200489461,1.2759165944920128,-1.2830416272318261,-0.07526176383676564,-0.17723071546282454,0.7271081173218901,-1.1399300919288167,-0.6394076196329062,1.494138418641833,0.22318650072840354,0.02561317293004666
AB_alpha,197,1.278195180124882,-1.286365347980273,-0.11263550378409959,0.771167060485525,0.8873927964091746,0.5911618088864499,-0.3777285167810869,0.9473261167366458,2.0384754743012077,0.13993401051829454,0.4697908133760696,0.01942576010371747
AB_alpha,198,0.6686758614913113,0.6939793766580895,0.4532646418193358,-0.5405097712519314,0.6576657561847659,1.2040050961572162,-0.702843731132879,0.4632276882903259,-3.7365453622392706,0.8332455206751532,0.11527413863674361,0.07388871410768509
AB_alpha,199,-0.6838162658915594,-0.07364686417848909,-0.9362081049412927,0.007249346365185261,-1.1658275898526211,-0.800237766790261,0.35909201599366325,-0.22735358033726727,10.589106248207408,0.37832568120056115,0.3007657956187256,0.009673519266580964
AB_alpha,200,-0.5022733836229624,0.07561136960222159,0.5514949404996476,0.8799512639627485,0.28976670740730914,-1.3420783417012447,-0.09482422205940999,-1.2874671024353914,2.8943428882185613,0.5004935272970961,0.1675860885190929,0.00382380415152828
AB_alpha,201,0.4873128380030489,-0.6946852527813009,-0.8367831529150578,-1.0450010413325639,-0.8432766529167434,1.008698562942066,1.137344392793523,0.7889559134427933,8.719774336162827,34.22326497305365,0.4227337712589166,0.012257055231194709
AB_alpha,202,1.1185748506310287,1.2882295410903055,1.2020339235590092,0.2450784831616819,-0.3524365052015599,0.04995593762383965,0.11942307214280179,0.5783263076412404,-20.68012914709692,11.248382651888479,0.08181313002049558,0.12830595212875132
AB_alpha,203,-1.1030537355916934,-0.5217801624175715,-0.18767117242452191,-0.43202179482957914,1.2952105220631205,-0.371818138910619,-1.1563180016219812,-0.12308261759157313,-0.3879606633559046,0.00923320816065212,0.32526852263238754,0.0025211154470839137
AB_alpha,204,-0.8258927597989836,0.8923210907002039,-1.086021108577572,-0.3279178445462454,0.7349521901103488,-0.9855850235091428,-0.87068452149422,0.14728192523748884,-3.5476203182954182,0.057447862013290246,0.2279665652893326,0.008261352710275805
AB_alpha,205,0.8542221109033294,-0.22458365596461505,0.3025307366454426,0.5092106096494313,-0.22480423047194753,1.3622653788661767,0.5377422431371846,-0.5592039165021595,9.841869061354307,11.448625898981033,0.14752107859786392,0.026075249308404883
AB_alpha,206,0.058470296424828705,0.37275565415875467,-0.6099429114440336,-0.9730659031905204,-1.3168928680580578,0.39490582044842815,0.9058621065641994,-0.8459849614422608,1.8095288409667876,10.23659659802174,0.1878571984726028,0.015757368914697426
AB_alpha,207,-0.08634486463332292,-1.090730537760766,0.7795299127818291,1.1329305038067916,0.5040410989483792,-0.029700725888625934,-0.545630762894746,1.2145310437511714,3.5675174292024368,0.21176431369231752,0.21305334989574654,0.039674332942147644
AB_alpha,208,-0.14265986392739083,0.49812614288258095,-0.74759832759101,-0.6193484018932051,-0.6195814637962608,1.228467968933168,1.0752309632208357,-0.7735395520572412,-0.6456721830726152,37.67337996805233,0.19791406346829082,0.021536057010741162
AB_alpha,209,0.17002679729303982,-1.1602576613569486,0.6355916013648819,0.09124703764744257,1.1930603250290381,-0.949231028155851,-0.027311269430660756,1.3140602717289134,0.15492037714921403,0.11420065779929153,0.22116318928010426,0.04476875137147723
AB_alpha,210,0.7369646749178551,1.0176990160864954,-0.27144609435114964,-1.372118538320543,0.037851703023376926,-0.15278876346440562,-1.0451710310420852,0.05321269484182989,-3.589956073558557,0.16638689994125005,0.11763852714707264,0.04064899351892917
AB_alpha,211,-0.7644479404075981,-0.2941188772599268,1.1125167413949464,0.8659107083728623,-0.9139512586956835,0.44214783331728436,0.013622741685880735,-0.6370247107763224,18.08285242996612,4.490702243939783,0.18616467023207212,0.006095468909110703
AB_alpha,212,-1.2027646247075479,1.3148221474697939,0.21300295723736618,1.281674445898881,-1.041414313203766,0.8830099968030278,0.6485769978379092,0.6507320444977467,-142.37123822855716,302.9446257704515,0.17201205377498402,0.0008070379642999028
AB_alpha,213,1.1867357921957848,-0.6901853154126265,-1.1697854745749778,-0.7698213680084953,0.5979408250833167,-1.2921908497760057,-0.9761200836572141,-0.0235983297782576,-0.17557532919303415,0.0022907998831320133,0.7010749551299955,0.009055659918964523
AB_alpha,214,0.4133455053157913,0.1021965393192441,0.8636371295762848,0.5391690933577167,0.9789551537094983,-0.5084276091392352,-0.6081092086501088,-1.3815812936528724,0.34360392305627807,0.05727594400729441,0.1283229285563897,0.008055361780454837
AB_alpha,215,-0.397538791451692,-0.863082308077227,-0.520768683363999,-0.0058878509804165535,-0.1461344585477784,0.0890823310729234,0.9736868619242054,0.7110954672975127,11.72003072184855,2.0042805001277673,0.3964236378914426,0.034310592339951373
AB_alpha,216,-0.5844862165235155,0.8613238343542282,0.9158275518752694,-0.8786160654427531,1.3441467564077094,0.630202339870152,-1.2130760917259134,0.38675524355071955,-3.983997480509589,1.3109303968486872,0.17836701953898182,0.04299428196091231
AB_alpha,217,0.6001342454379108,-0.10121018224106249,-0.46736246487455435,1.0436443539566531,-0.46597795973310874,-0.31375696737271364,0.19237921498002697,-0.32006355409342047,13.260382873285542,0.42125780148612385,0.19239950869603056,0.013581254806148706
AB_alpha,218,1.3517816730643293,0.6883265293759278,0.09310156309627038,-0.24370632856071284,-0.7615318055700925,-0.7502670772036906,1.2538783861228857,-1.0417597900722488,-7.15557628263322,1.932799872283839,0.09949479432984602,0.032753930960273306
AB_alpha,219,-1.3679691078962135,-1.313925856637026,-1.2908610299254255,0.430670457719164,0.18741532283179363,1.0782306882101917,-0.19514958606886235,1.0184228460687772,4.071224290285955,0.9813043639727658,1.2470200872559543,0.016427761513477825
AB_alpha,220,-0.9513168363895266,0.29377254310952083,-0.023112888724957648,0.32929035032294207,0.4010154156612109,0.2908384750703408,-0.44018565959709577,-0.9617324244289309,0.07660043663688754,0.1855108829390949,0.23038491189290503,0.009866357250790436
AB_alpha,221,0.923653794749032,-1.0153748860603746,1.3596754656221524,-0.5105616368989103,-1.2358223194230595,-0.6506266685399169,0.7949542066073441,1.1150344544586945,18.713271368776756,1.2922394991360617,0.13743637991064359,0.06033968612137119
AB_alpha,222,0.3351422006269378,1.1598212609611285,-1.0203208166030144,0.9744014115714521,-0.3390199010855661,-1.101174873148513,0.46990583958815724,0.295525960934913,-35.111167280865814,1.780861890285526,0.13292974098743418,0.016624538277148927
AB_alpha,223,-0.30795512604162334,-0.49590232517015975,0.3640852493903668,-1.134286840006975,0.7832142083728681,0.7299107578450414,-0.8083003380177805,-0.40553934917720846,-0.22382101423579873,0.08741945990387467,0.21937275780741866,0.009893951272608137
AB_alpha,224,-0.2853541895552201,0.17545372238454737,1.1565069625673126,-0.07950455019678038,-1.178052244159359,1.123481965927078,-0.6750153476969042,-0.2842917357954915,1.4197272639162979,2.082011018931747,0.16575868810486502,0.011653087459519186
AB_alpha,225,0.2683099995638345,-0.9414165832372285,-0.23153754218074596,0.5856915523252091,0.6481488733112564,-0.7088736817563971,1.0350563128072439,0.3902100225642462,10.646710884823015,0.2541193313111455,0.33072192243990695,0.03925002075237727
AB_alpha,226,0.9043130910874517,1.0421751225065916,0.5942930440214176,-0.7016168238456869,0.9374417207177503,-0.26863797445377924,0.6669552062955584,0.9717825831377447,-9.885820879948444,4.15560683829102,0.09794577377824921,0.15031278650234772
AB_alpha,227,-0.8868141285289126,-0.4212609184204281,-0.7956877920447623,1.229739666618667,-0.017089855746836857,0.6717280304440953,-1.000045556865238,-1.1210556256890243,4.085796801681119,0.12271448196209823,0.3686702195273243,0.0058089468979333325
AB_alpha,228,-1.3047701295953638,0.7437405770123149,-0.6541266820857592,0.7818120747263355,-0.5831864376906859,0.7724029614863863,-1.1151233922938664,1.053534779352929,-8.64637608505269,0.9215115645481435,0.24421542876263985,0.024607772817314917
AB_alpha,229,1.3311217054813904,-0.026590672330812026,0.7343203113608421,-1.3150724996130814,1.069727740038173,-1.0570250477723322,0.07803808425557324,-1.034226843485337,-0.1576067029224993,0.021313780282230653,0.10781981251780666,0.04841887907888101
AB_alpha,230,0.53469567492082,0.5700717465777396,-1.0445662470492625,0.16993285520375045,0.16869432554928165,-0.6081717256761329,1.0959781618216236,-0.37650284377329,-2.380984468261664,0.6183376698705872,0.17381553611001524,0.0408008335736854
AB_alpha,231,-0.5604866917161229,-1.2399879633208684,0.344969298194407,-0.6818074219500515,-0.9591241906570622,0.3350255715527801,-0.05360606330015494,0.3139062557895318,5.317283462411573,0.9376008934845773,0.33661571675001334,0.01078951809761106
AB_alpha,232,-0.37379558361060616,1.2378119210004381,-1.3348885118753526,-1.2065421342146765,0.4539945295829171,0.4862912239146928,0.48828646496110784,1.3743717437605747,-17.136638847843265,1.6215327143314406,0.18983998596184393,0.07056589482569871
AB_alpha,233,0.34782480099324964,-0.5694927946582864,0.053156235597105805,1.0195988225467791,-1.3750620906865407,-0.11028748089763418,-0.8322285586594372,-0.702561891954139,17.25098464152267,0.1786628486131613,0.21221747615071782,0.0035985284101076307
AB_alpha,234,1.1658297537148246,0.0245149423240818,-0.42610083779031926,-0.4437244470747367,-0.2125771385925126,-0.9050401203838981,-0.5070892990990069,-0.6648802638520406,0.43470378694218614,0.02047387859773577,0.16606373099525013,0.007666952335439166
AB_alpha,235,-1.1396580262804348,-0.7430715588474475,0.9638799104819287,0.27867466970492116,0.7444718410748872,1.2709217446540928,0.8563208274271663,0.036361697979727436,5.333544197713019,7.124003519839833,0.2670455026142374,0.04933719230069309
AB_alpha,236,-0.7000220780591263,0.42046495539440687,0.4974059770058683,0.34791273694472835,1.2234160117247324,0.13048249181732086,1.2746283321573066,-0.060899466726098694,-0.8895946248341244,2.9536930231862444,0.19495751067418415,0.05235717632126661
AB_alpha,237,0.7173623659966595,-1.0403109500539545,-0.8910407633876354,-0.18804813632845718,-0.4323539993213009,-0.4631857408661071,-0.22144679685365776,0.6460963338134154,3.7379395152782977,0.08277094287748517,0.7129486321305756,0.007240964647399506
AB_alpha,238,0.10310750464950869,0.9407106864566213,1.23441929750851,1.1209846313842247,-0.8094758032252382,-1.250669301009908,-1.2830256229144787,0.7592524685244533,-11.862108535200807,8.62708834227121,0.11537101357560338,0.053901503869624175
AB_alpha,239,-0.12031028663231735,-0.17348923761821067,-0.1551163252003933,-0.9396918662810387,0.3208597856655864,0.9281304873831531,0.2567920580048355,-1.301097234304597,0.755703328615644,1.568478466059608,0.21410121806906626,0.05186642632480741
AB_alpha,240,-0.019594632116504807,0.9672583216855897,0.13725359881379484,0.08085592345763803,-0.10962608531179385,-0.4156667536352069,-0.7643768918771345,0.8600912204614632,-8.792408525165824,1.5266696347180653,0.13604648484991863,0.06790462043285145
AB_alpha,241,0.03595132848471061,-0.34184937814795435,-1.245704306273177,-0.5870637534053187,1.0073408736824618,0.007162430372621209,0.4258343212348672,-1.227337033324396,0.7604683095920165,0.1757943255550377,0.40908768616239277,0.034111540653006256
AB_alpha,242,0.7896268579098129,0.4470104422542185,0.8743621085959934,0.7029734647424573,0.5234386259412833,0.9648870540645709,0.7508593040820795,-0.1401143769950739,-0.6511911321986187,5.711571457002041,0.10996828743332877,0.04180433376890616
AB_alpha,243,-0.8064595110045009,-1.2086682811778777,-0.5098750573654919,-1.2310748289882198,-1.1186239532606956,-1.3849089444708582,-0.39628113563094514,0.5506276784722397,2.1702852777843895,0.021713277790529218,0.5608119885285938,0.003276457147940133
AB_alpha,244,-1.0823170877557784,0.14993036088363643,-0.9748044270335863,-0.7804557850052923,-0.8990163127534374,-0.07088807930648788,-0.3272205360779161,-0.563996571750604,0.6291936008268911,0.23714740868011044,0.31366044576222174,0.006530573038835499
AB_alpha,245,1.0552991920772021,-0.8126435709645671,0.40787757787592005,1.3137370273825926,0.04466366518427023,0.34944840774382935,1.3858012639192954,0.11016157148844163,57.62653477657755,7.2091051875343775,0.1932861592580452,0.04109321940097759
AB_alpha,246,0.46340057003525015,1.3632294879291498,-0.06594271684223085,-0.16858179180382904,1.1403063973782628,1.3212104858341303,0.3242787086044623,1.2951964853627171,-18.816920047706382,7.1947905727998664,0.11885872000512074,0.10689098947379505
AB_alpha,247,-0.43692206994546534,-0.6390676161812263,1.3185272166544209,0.6804348696942146,-0.6750431628802643,-1.0311748862708594,-1.3451659639094624,-0.7979855864734927,3.5822287338809997,0.08425504170532516,0.1644355079206694,0.0029316362198208126
AB_alpha,248,-0.6182083047294239,0.6412914545510431,-0.31564031763511835,1.2051961680271532,0.8577136394238727,-1.183073785934746,0.9296157515544812,-0.4733198486490222,-4.1132982142337235,3.1513526742907394,0.18219405805842,0.008680768034838008
AB_alpha,249,0.6448453968106318,-1.363665867667574,1.0673176752457854,-1.0182320388687018,-0.2618126986013334,0.8226083190885312,-0.5641861704930288,0.23333208888105084,0.8976227490621298,0.4529637430901003,0.2087921455721622,0.014503101860952262
AB_alpha,250,1.2151652619507451,0.814967721648084,-0.7061750718781784,0.44236255403509994,-1.27233337812049,0.1980993924614194,-0.9322151413787999,1.1286539064543042,-12.169576454973779,0.6426858628168186,0.11363746639344233,0.11477393167453846
AB_alpha,251,-1.242024483008315,-0.15027667437664682,0.6780618513589072,-0.2773342655212001,0.37262734074513326,-0.568686317017835,0.6044816770003809,-0.9320394114954382,2.1965477899286463,0.40297151496593625,0.24323431638509482,0.01914373608841569
AB_alpha,252,-0.9878258448404302,1.2095645926680414,0.8180785627691101,-0.3492742788086374,0.24017210120318078,-0.843030127556016,0.1455460377945541,0.8750105390838343,-12.63864330774756,10.141602341057323,0.17241135399012963,0.02461304593824612
AB_alpha,253,0.9711730401973788,-0.44886920763352123,-0.5646033646751621,0.18938885037311448,-0.706067586283809,1.1601526908005104,-1.1772423993634025,-1.2015901407263878,2.3795281925850524,0.39541486743434606,0.2745392670926722,0.011383708975947999
AB_alpha,254,0.195749445854976,0.34283575588353177,0.25579060811689325,-1.122330287710812,-0.4809099723251602,0.5483221065340143,-0.159400733630644,-0.20913293616560313,-0.8954753131631457,0.7802181419388869,0.15052135932758523,0.019549763909211655
AB_alpha,255,-0.1792129836647165,-0.9690167747511929,-1.1286795784328565,0.9410590011348436,1.3373373970786793,-0.22103576890415177,1.2071300488617054,0.492442394718571,8.989940185445015,0.4010878612450058,0.7176106977375888,0.07200781178704377
AB_beta,0,-0.1912269015488417,0.8716130946721761,0.8495565812682513,-1.2380809603403446,-0.5602314076196029,0.9423419028753559,0.5483510888602334,-0.37998126001188903,-3.962245217832691,7.755645479436474,0.15427312704204812,0.02220955304256185
AB_beta,1,0.20810183516825487,-0.24525194847803578,-0.5398946094999253,0.7264800627727699,1.0901443583349788,-1.2323990274449852,-0.8807528303073634,0.4120512471719726,-0.47362169314829783,0.02327921090960726,0.2248871770499023,0.009245180494539955
AB_beta,2,0.959154309140047,0.3514521467264158,0.19927142595901026,-0.5828057993524839,0.10770864776424838,-0.438132910943123,1.3573964126157045,-1.0159380221612166,1.0226633181828464,1.321379466802729,0.11929043856165591,0.06341043132898874
AB_beta,3,-0.9754686836687362,-1.111989218644355,-1.1892604177405817,0.04926906114035745,-1.0280634925644971,0.1595940145538588,-0.3320168037884401,0.962036225001514,8.462657278830758,0.40636989895252495,0.8451779456035511,0.007205433888733425
AB_beta,4,-1.251336929964912,0.052912496402628406,-0.2692704445212386,0.6623541019134358,-1.1551048366673031,1.2986570716866204,0.883037811986388,1.3547655615776784,25.90581456518575,57.27575287285304,0.27779914594201166,0.007033916518193017
AB_beta,5,1.2248161390217043,-0.7174240773842498,1.120456315906072,-0.1345102166124903,0.6685579103438266,-0.8786560452500279,-0.546743995115371,-1.300025575092893,0.8730029416611224,0.011266559032082762,0.1292845484905721,0.01599399269972657
AB_beta,6,0.6355404071738959,1.2662939173484096,-0.7450947932472607,1.3290676347540906,0.8764583359036442,-0.0933512619494179,0.3302394053087716,0.04123564266257218,-17.912299057036236,1.28160380084974,0.11797809800423371,0.028772143803572292
AB_beta,7,-0.6085648436635346,-0.5437605300786345,0.6432032913621695,-0.8226096075935901,-0.0860268233685535,0.5018763562234174,-1.3598497159195444,-0.073810666997987,-0.15858788100131338,0.06270206818736478,0.22778486768838263,0.006287535158415318
AB_beta,8,-0.44893598782959054,0.5416531942564262,-1.039446737574592,-0.2856852966227934,1.284277879408415,0.30728761070229593,0.8413061232799792,1.1662856624387439,-6.274942740895742,0.8022441920875065,0.2224085545760668,0.07550584881643405
AB_beta,9,0.475752959348529,-1.265656752887769,0.35000469591798455,0.46721206870488974,-0.3632000774008546,-0.6345531669920466,-0.5021353715620424,-1.1988659699031188,6.335453024722469,0.0346619362295304,0.3064533700247926,0.0032772338731450476
AB_beta,10,1.0432804610198703,0.7152372519032448,-0.04258782672621231,-1.0180477025978412,-0.8325553870639184,-1.073963900538505,0.025535081990817332,0.23250776583285693,-3.972094316670999,0.24631502995304982,0.1090525177624038,0.050647039886679734
AB_beta,11,-1.0699599265840842,-0.05234391449583509,1.3459439291794475,1.1776809403818558,0.30065704371554514,0.7568204629956183,-1.0576837114175863,-0.17776248589041432,1.1123385370261811,0.910535099836708,0.19832659820437276,0.00880152658443358
AB_beta,12,-0.8157719579610977,1.1112936918764078,0.10104113244304735,0.9216141635413526,0.5148481549657007,0.6575192487698491,0.5039127855347578,-0.5813222936419681,-13.311526707698661,8.004028296148405,0.18129206924934615,0.012302820977955363
AB_beta,13,0.7992777349807716,-0.3494768787995042,-1.2886853749311655,-1.0868926595967698,-1.3059164523817852,-0.28691088183665836,-0.8388528044830924,0.5274257796112252,0.3900230511930558,0.08369202181850627,0.4262149368966233,0.0060841806783098135
AB_beta,14,0.02664633884797496,0.24448783915624128,0.923439236708208,0.20066897624586377,-0.23565372710881105,-0.7339238778614247,1.0553987039168173,-0.8172199871766095,5.160824550640815,4.06952435251903,0.1353027519514787,0.012734962274760243
AB_beta,15,-0.009951171050615715,-0.8697173164040611,-0.4648589253664561,-0.3873756367881961,0.7242720531324365,1.0943678093725835,-0.027142201557424306,0.8492846808790355,0.23691058409388477,0.8398300662264062,0.36258233307322324,0.02861713461823391
AB_beta,16,-0.1110051317364158,0.27103055792502406,0.43411257374910406,1.2394425590120923,-0.9246789903133742,-0.24744067702162287,-0.9672329285818797,-0.5172395093218992,3.056858970717812,0.7090569146392147,0.14382444332682182,0.0057903721653249935
AB_beta,17,0.09346387832445346,-1.0380718794369557,-0.9502731705312211,-0.727820843953963,0.02695461174673519,0.5205659671752811,0.6361863536098997,0.4641888743318019,3.2671780004468185,1.984594429358224,0.6982175723911834,0.02915082914522388
AB_beta,18,0.7266746476940906,1.1378441778259878,1.2564154887347077,0.584151553801701,1.20399972265215,1.144588370817991,-0.2461817895036551,-0.8783851622375519,-3.4991026164035546,1.5499670758276274,0.10237158526107508,0.06653655875096652
AB_beta,19,-0.7096727898709193,-0.5178398700498597,-0.1263515316869548,-0.050636304445490055,-0.6088114258321002,-0.8599455135206313,1.2702063971149358,0.9099419318935922,20.63201151846318,1.397083149908586,0.2702687117869207,0.03391096916547577
AB_beta,20,-1.1276394604822686,0.840657669552568,-1.3724596358211296,-0.661007996288491,-0.13528114029270366,-0.5869780639456265,-0.6325484777692564,1.232019964233208,-9.599515752722434,0.2625835663961459,0.2643760968223338,0.033763817393323944
AB_beta,21,1.1534727578022965,-0.1219215867393868,0.011523289242320711,0.1331432831682937,0.9896394015091621,0.18386648294895225,0.9701948995983518,-1.265784601509986,2.6484450449905106,0.7870493089098239,0.14864151910394954,0.08508776095925849
AB_beta,22,0.35983888413654075,0.667065844724952,-0.37567476107907183,-1.327705726221407,0.5871296582442436,0.7935182903722573,-1.2733365244970571,0.16351748663709187,-2.6134896790590045,0.12124243272883892,0.14683208919857962,0.02355379265415457
AB_beta,23,-0.38614813818305094,-1.3352259969138598,1.0075365586101055,0.8212691775881245,-1.05239455049825,-1.2081051424948612,0.24237377418737172,-0.10860273342002125,38.692591954079106,0.5063106081692474,0.22118332086395268,0.006906204426445805
AB_beta,24,-0.5511815368202212,1.3375185417818984,-0.6240079821983108,0.2843290223947972,0.17660266866022734,-1.0128804848677158,-0.4143437765469645,1.1206113264215094,-18.383173803486713,2.039102253479136,0.15975613404281308,0.052473327686362974
AB_beta,25,0.5250520485957648,-0.6674440119221892,0.7603778498759459,-0.4658766222961457,-0.7725138607154014,1.3354407408712456,0.7548669679638136,-1.0657018666620963,10.956263675155096,28.585090095069365,0.16677538553908416,0.021472444164314854
AB_beta,26,1.3404339871788216,0.12413464194862889,-1.099737141644776,1.016696778635341,-0.455122823627209,0.3785410909354552,-1.1448302224429328,0.2775491127655645,0.802653122394223,0.08410630883906464,0.22682886055495474,0.01043079014988867
AB_beta,27,-1.3144208414071568,-0.8411044193036524,0.28302963605248666,-1.1763085378921379,1.3548324915398668,-0.04585937722172484,0.11132898805808522,-0.31130846691338276,0.013109979848369202,0.06537499996432607,0.34121370973711995,0.015113460997986319
AB_beta,28,-0.8747955627307465,0.5188366177980972,1.2042250819287699,-0.9229654386795803,0.7941524491818186,-1.3585066908287393,-0.7517368250886456,-0.6225560280776089,-1.0152555358120374,0.19457411787863774,0.18543088245949532,0.011264450229928703
AB_beta,29,0.8919560951749237,-1.1395918477310163,-0.17975776566944623,1.088264752225552,-0.328250689417235,0.9926458478986564,0.41815180735629487,0.6541180911913071,27.521616678525824,4.743853151806198,0.4098961149147668,0.01854013951391288
AB_beta,30,0.2803240827071256,1.039000044631346,0.5540139627258509,-0.20202556033479602,-1.2465492247449208,0.022724095879788297,-0.11496688972047298,-0.775860857184495,-11.286906751134202,1.7322711102969965,0.12251221005097013,0.014890718374334188
AB_beta,31,-0.2977067441276646,-0.2728577174888491,-0.8291976100164244,0.38871073202121265,0.3901194811987303,-0.3987487131952394,1.1418682256047161,0.7228049390654381,7.714600022976336,0.7535514488787418,0.29526640335994275,0.05016081731920786
AB_beta,32,-0.31726408189834054,0.39848791357405755,-0.08504753111971386,0.8234518586791093,-0.006108296379025768,-0.0006093647703273586,-0.21437371488194867,-0.6905375963108303,0.25802491261394345,0.4770340559226486,0.17478395610064124,0.009673655029680421
AB_beta,33,0.34478962791280865,-1.0622485362484457,1.3045100865513006,-1.3569885968912359,0.9482542096301507,0.41993320045986415,1.2153836493563042,0.6374845702271765,0.7520705901449259,2.1537404681417005,0.17131369908550584,0.08124968781807586
AB_beta,34,0.9143506023057253,0.9179685773277504,-0.9942582583407467,0.1255424976937809,0.6374633034382648,1.380558458195993,-0.9990515952832505,-0.7050828972903329,-2.006441487299377,0.24130605929365512,0.13516213045713352,0.02318639875330235
AB_beta,35,-0.941675213831858,-0.19618610705041717,0.3942094648024772,-0.6371433952613559,-1.1889068844877613,-0.971356090545355,0.6910196934481954,0.7366478524394344,7.865602094995356,1.050971062934407,0.22283303165252358,0.02071955086525576
AB_beta,36,-1.3799812285869095,1.216551277664254,0.8823227949655628,-0.03725281155268845,-0.9698929065478955,-0.35625515133012464,-1.2225758625292293,1.0587255904111605,-15.19497269967048,12.89816640078408,0.1747519047168686,0.022340811607750338
AB_beta,37,1.3641322238693874,-0.5907929762499116,-0.5076359893306678,0.5437108387131888,0.15775624999949733,0.06687530013713427,0.20650492551949085,-1.0924825483010734,6.522639658381898,0.30314638114102355,0.3205839542158434,0.02340348572164732
AB_beta,38,0.5881190054804584,0.003848653578047312,0.14488640066952585,-0.7466217801936289,1.0806235092414875,1.035102138657512,-0.6833197214880506,0.3368128881645771,-1.397325707961823,0.20497318894010166,0.14848291678409437,0.03067784456425716
AB_beta,39,-0.5721325051369096,-0.7637828394013974,-1.2431373537245145,1.274465665494574,-0.5724600281463224,-1.3143182257938322,1.006074330017199,-0.2819010321472586,69.2480765887298,0.5313803331613413,0.46325430507180004,0.01789597752112635
AB_beta,40,-0.40684774730840934,0.7656786383269079,0.24177347284942408,0.3922819206240673,0.7553690976106948,-0.8158034088461075,-1.1779914494437047,1.2939120214066524,-9.146108765333842,2.5257748458457803,0.15649158940902982,0.07442361326980536
AB_beta,41,0.42299293260166215,-0.004612742242446233,-1.1477843875459905,-0.2326486828400527,-0.20184891119732407,1.1870883881192735,0.16479728202172006,-1.2389948719316761,2.243705794208779,3.6846670361458256,0.27490716273931337,0.03591646574721172
AB_beta,42,1.1774325997524782,0.592768264834219,0.804410444531318,1.0792814085691418,-1.3858326244281989,0.5647555786956515,-0.3811719781239242,0.10424945581455725,-6.078231934571127,3.7338531612777217,0.09271325778196546,0.029170726881881444
AB_beta,43,-1.1931230021498793,-1.2172467837748053,-0.5840571908179736,-0.8977546364870451,0.4430549667006396,-0.2049881768948849,0.7013881025779105,-0.13801169683342995,2.1294239176379652,0.3517604252470145,0.6500445139907366,0.031517459659412383
AB_beta,44,-0.7764600610982941,0.19675470961460628,-0.7039359986790054,-1.1616006580438347,0.3101753726067564,-1.1667036028692985,-0.17249723848881815,-0.44925905658804755,-0.581403939915391,0.02006246721648417,0.26011078363810014,0.004124762820424461
AB_beta,45,0.7493152257229132,-0.9201553821513595,0.6860225325641276,0.9748939975015027,-0.8203296172578106,0.8387615168691556,1.1709687302028031,0.4808187182794912,81.64617733275279,26.835766252487723,0.18587065241269263,0.014243476005095103
AB_beta,46,0.15801155733558736,1.062885721366482,-0.31307335992210694,-0.48599731823466774,-0.42137326624931914,0.22538940026751764,-0.69419591522673,-0.9491536610444664,-3.1803998449579973,0.174639564158132,0.1444922341399605,0.010890818286580463
AB_beta,47,-0.13030615254078493,-0.4005952287388701,1.0749504719371676,0.3207188221792503,1.2342273438229714,-0.5418562254704291,0.3890407416646373,0.8961059180897724,0.13167945154346228,0.6495488303435264,0.1658353866972303,0.05322785412215346
AB_beta,48,-0.07432945941670477,1.188261126550494,-1.0586101181511645,-0.8248243076479679,-1.1078602158022353,0.7129705830055413,1.3012066358724212,-0.5532805606228197,-28.44980375309945,34.97531814593195,0.17078227583826303,0.015169055186351315
AB_beta,49,0.046116419779056894,-0.4701279298319019,0.3258807309586713,1.3583395570041785,0.5343717643734867,-1.1167586937126082,-0.3015493063561441,0.5853476505831512,4.616116112458223,0.2092356161476321,0.1741724471429514,0.020291606343988598
AB_beta,50,0.8662340663348596,0.3221276359111296,-0.6678215155005881,-0.12687790795208254,0.9964500415967283,-0.6783659514637285,0.6045302941812485,-0.8426376112152651,-0.0960917375668906,0.08074357967027743,0.1609435801858171,0.022341514595839353
AB_beta,51,-0.8382431453448758,-0.9896849433202393,0.7148827064380334,0.6384996230102116,-0.1203475164237846,0.26445571168109994,-0.9112097563173909,0.7887434934424278,2.8015693485751156,0.15831826769382126,0.26708132047416255,0.014871155540769142
AB_beta,52,-1.0937507084075528,0.6193558721239387,0.5965053917148557,0.035917752470114195,-0.6860197438157029,1.0531818141784914,0.2930035379849365,1.1814731243864813,-8.556674401971236,13.409781954769413,0.21626517143168428,0.017027321182664926
AB_beta,53,1.1089333933325258,-1.3856462766434283,-0.7877108792908415,-0.5423543011033969,1.1294988455834438,-0.779379911684858,-1.3104296414698249,-1.1267249524086353,0.14913856696087222,0.0010551376586256406,1.3941019436602615,0.046967562486547015
AB_beta,54,0.49662195911893225,0.792268724504116,1.159047174117193,0.7452496410857063,0.05534429793968032,-0.3279644269736328,0.9202631182166521,0.21453234044163993,-12.137375505066068,19.562759990817305,0.10598043974180416,0.013465193800321702
AB_beta,55,-0.511920976167999,-0.17301537503522124,-0.22388849328326765,-1.273114354205904,-0.888166650857408,0.6119307545606001,-0.5961535084715199,-0.24710975587061146,0.2980887338805457,0.5167529746744429,0.2430010583601775,0.008128288494800576
AB_beta,56,-0.6718008606749412,0.17118819481400038,1.2153307354371232,-0.3909147237980751,0.38330615564971837,0.11413383892258033,0.07766279876504156,1.3395876433467715,-4.282988764318154,4.375744976993915,0.18406233003896086,0.05740017419042522
AB_beta,57,0.6563219848455397,-0.7913405799671217,-0.16916020146664423,0.23130296454127808,-1.2614852035569537,-0.47931740847602433,-1.0922119674030102,-1.3721597756467834,5.929429226855137,0.033084571020545114,0.2842462561898714,0.0016437911082158876
AB_beta,58,1.2902071355564122,1.3838985860810042,0.4779683772474086,-1.0779405912375057,-0.27278779220427873,-1.2779807563571302,0.7891889985854188,0.05921003518400236,-12.399843027525556,1.4427821126215972,0.08333741817456375,0.1391080400318648
AB_beta,59,-1.2752042267821908,-0.6183591450330966,-0.9047356019668131,0.8963929913361575,0.8469079054798783,0.9012789482946231,-0.46761770765628274,-0.00446715666381392,1.88142048170368,0.21588972929708355,0.4842456771782517,0.014383075492643154
AB_beta,60,-0.9980325814445827,0.9892381729117592,-0.41812393020074745,1.1629411241997432,1.3264457386971162,0.4590853743388279,1.0831586209967956,-0.4080271658249762,-10.585527419018595,5.276239342990784,0.21583459834314372,0.03486253922425591
AB_beta,61,1.0258649001144453,-0.3199146013592833,0.9660922633397158,-0.9762559525133265,-0.4916325602513123,-0.13720230908235398,-0.08603956898172327,0.3541277649231791,0.6167192792857701,0.3409713710096647,0.11878777296598175,0.042695648899050836
AB_beta,62,0.22749011281221776,0.46974974197726915,-1.3272394681422233,0.487364205199724,-0.695302692011187,-0.921494379049996,0.4761634502057457,-0.9905139943298825,0.5119878051551231,0.3098310731323898,0.21373372863188897,0.01166168719244768
AB_beta,63,-0.25586183739956936,-1.1859686023398508,0.05569645231133524,-0.3220648916537525,0.25110606593121365,1.2548533661403651,-0.7799660188097598,1.0225863777478714,0.22375451888935072,0.4273304234996127,0.3395758351080876,0.016591857523246305
AB_beta,64,-0.22046291608078983,0.038059901168488564,-1.274079581350421,0.250401736530508,0.9236824956182346,0.6894131213025754,-1.2845016945447039,0.39295942381423377,-1.4300849456549094,0.035122450566452204,0.3014445533992108,0.006794522974666448
AB_beta,65,0.2466452149374483,-0.7512244209695595,0.10877172641019817,-0.41551365651104977,-0.025243665526978543,-0.2754926406160101,0.23196285213722967,-0.36106213248251295,3.042575686764183,0.2000283308603965,0.2405850569403518,0.015310861760857084
AB_beta,66,1.0125049308310394,1.2513628240104684,-0.4516920536718778,0.8719217213288382,-1.2022872477851088,-0.7020184578444812,-0.6219227188034477,0.9808350438581168,-36.58942590878427,1.8133942749687542,0.09686993166767302,0.11586281241809684
AB_beta,67,-1.0384651420261277,-0.5776502788726947,0.932608752561525,-1.0588002565680528,0.6078161292659132,1.1057963173189134,0.9814836835020893,-1.0348989602595648,1.639943059128201,7.180672276803924,0.2512224365666463,0.07656987300489343
AB_beta,68,-1.283189957661917,0.9434093505605039,0.3796688995309472,-0.9574051880529681,0.13352561024859733,0.339001350744194,-0.23492410530919972,-1.3244855119364758,-1.5677687465388122,0.36447368998940993,0.2323075184595111,0.016180963816834353
AB_beta,69,1.2659765939281418,-0.19241434804582713,-1.0034581431479717,1.1387600957668804,-0.9886871601200404,-0.6229779295637959,1.2808632144752352,1.3790650317711746,81.38745096007499,2.665224530495186,0.25081124320799564,0.03971945379854333
AB_beta,70,0.6862620757250955,0.4231589974059933,1.3765383869659444,-0.3462874827668383,-0.586176218726169,-1.0422194429491456,-0.9776762310998399,-0.04956011351759626,-1.406475635782592,0.5252177520848089,0.10324097874858473,0.06787673381833613
AB_beta,71,-0.6689323695385289,-1.0592301163159474,-0.0075294864731259015,0.5060873069544267,1.0506405491014281,0.7684277813594489,0.6250536053448623,0.01681404594547775,4.3894650763327085,1.170599083541894,0.36677875337833427,0.05603527656049951
AB_beta,72,-0.4819795735438138,1.061163098553785,1.0848623138884739,1.3774379984750766,-0.17768373473351518,1.2669439926813857,-0.10384469738465762,-1.1799407484420001,-18.458736214414657,36.58798643165228,0.1453599810702068,0.003325314500627864
AB_beta,73,0.4994891178533194,-0.4239814225559537,-0.29798874081904736,-0.8494222488059471,0.7741402355570102,-0.8902319437149422,1.1523221253666895,1.147199974327539,-0.19903740805131465,0.2443337833125245,0.21198485568752526,0.065598606068235
AB_beta,74,1.1009463300507745,0.19443706601074684,0.6090485417490694,0.6140280224845609,0.45675064448651925,-0.1250963805754408,-0.7623196270000188,-0.19672786532884579,-0.293806955817991,0.12450569375669399,0.10785964399041992,0.02902757410448251
AB_beta,75,-1.1179799382911937,-0.9441311328784331,-0.7752523419495674,-0.10773658172763412,-1.3559124421137847,0.4902696988962505,0.4068200663981216,0.2513021020345849,21.802356233584693,4.740055205550612,0.5635914010359473,0.009654847352572571
AB_beta,76,-0.8516017822262567,0.5781605449513219,-0.547225312436047,-0.523504528198034,-0.7958233252181939,0.910447369305966,-1.1561295622758923,0.5517191145581875,-3.6333557141821475,0.4101967761113069,0.2314153097084359,0.01592377798800431
AB_beta,77,0.8258001940086854,-1.2535124455217506,0.8359019729672716,0.01173705455558327,0.32928758481408793,-1.2438166076289698,0.10071382633628967,-0.6057883244172931,3.544402076981696,0.02251254495262582,0.21685132648767882,0.006358027619499504
AB_beta,78,0.08151402935320728,0.7518353298802183,-1.1975210443319055,-1.2973379368739852,1.2475872356411435,-0.4700376699234028,-0.4038588390478961,0.8248675668168157,-5.508945942757303,0.11277467780346918,0.18531251730838558,0.03290446694688302
AB_beta,79,-0.055173024889449085,-0.040119786952688585,0.1865467413132329,0.7639730733587411,-0.3917889112174041,0.14816484557086573,0.7659580812477425,-0.7929649923561353,15.64713443682838,3.3020272762788343,0.17704637399229345,0.021317226584522724
AB_beta,80,-0.17111880920389377,0.8122676838273846,-0.21422522177486658,-0.25175303232613144,0.5586050276136454,-1.3699341865626777,0.3190749066264864,0.4399768468944609,-5.124918664727216,0.4547622179440656,0.1544061985867672,0.031963567331191864
AB_beta,81,0.14427016989729036,-0.13135283437886813,1.1743908989349843,0.41688576979722747,-1.0890632974260401,0.9607427208526398,-1.370261309335048,-0.49286139642283144,2.424455693891998,0.3899649970494659,0.14662933986868584,0.010804048416469232
AB_beta,82,0.768088909693253,0.6385960388226406,-0.8644257643911682,-0.8732782847603748,-0.10662870235467947,0.011307486593403304,0.8936629202442308,0.9344509300520507,-6.272204952795511,1.5753524114751078,0.14599817900435597,0.05610350486338303
AB_beta,83,-0.7414412358610786,-1.3447479718354187,0.5249404780013884,1.0601353311436734,1.026435666540838,-0.43064223455223816,-0.5354545605036675,-0.902717498347666,2.728970452745285,0.01991747558726689,0.33167182517152916,0.0033976317794501033
AB_beta,84,-1.1905513164754187,0.3292894233223085,0.7518045064636041,0.9560489757971593,1.1540679361061013,-1.024488774129146,1.3686534461021942,-1.2846166168015385,2.5521249094526297,9.522666424373048,0.21266054692029573,0.0068540218957514176
AB_beta,85,1.2070772072434097,-0.9608651830589185,-0.6364092908068696,-1.1374247113303233,-0.6668870394718002,1.3036939489961676,-0.32135933572017494,1.2510296331281003,0.4458981372648212,2.8149851622222455,0.46927085614934394,0.013180824093978782
AB_beta,86,0.3984669075847673,1.1960123159411944,0.27606477043052124,0.3449364968321509,-0.8747889110493192,0.3669641802581498,0.5379084577076347,-0.08955472439864098,-35.20594249488811,9.550640783353106,0.11713756965085952,0.013485274652849417
AB_beta,87,-0.4151302836500871,-0.4407129938489508,-1.1137469280437116,-0.5047148424925214,0.08498880730798208,-0.07757342712455917,-0.891886249937762,0.14463655463243374,-0.05671498178348233,0.03009040994538123,0.41301677546828625,0.0036546148418586605
AB_beta,88,-0.5966572184091751,0.438922996940057,0.02501337171495166,-1.3760919548223194,-1.2859888307925205,-0.5753691136475327,1.066521567617994,-1.0413179490348266,0.4125396274657327,2.290384372420478,0.20174282928052836,0.021669960561150885
AB_beta,89,0.5798351367367556,-1.195142507889762,-1.363602671529665,0.8480553773339377,0.3641965669316456,0.2156126137873664,-0.016688973160812415,1.0964050623975792,6.262607230635347,0.21270768714808186,1.4006680244223895,0.014713284638679268
AB_beta,90,1.366702577141823,0.9591649218771068,1.021787669870392,-0.6126660519796902,0.8335506784657565,0.8050945400128995,0.4933293329154187,-0.33564561619670363,-3.3092059531362867,1.793205390721288,0.08487329471367734,0.11085978084867172
AB_beta,91,-1.3503353093513488,-0.3283189724388442,-0.36757882557526256,0.10639608974998094,-0.30236952374693526,-1.1763904315553635,-0.8501838947332999,0.3020533390656077,0.9432075690355695,0.040263733172357694,0.29937472205975985,0.004345962009711185
AB_beta,92,-0.9229001974594934,1.344242864941377,-0.9193555122953695,0.5248661475271772,-0.5158004015191714,-0.23601384232434808,0.014235091449892101,0.6731219966727886,-29.26595046333606,2.602257021175373,0.18313169535875323,0.014853627987132008
AB_beta,93,0.9493681157983118,-0.6363458209584671,0.46885837276903586,-0.013077856394172471,1.3076719772615426,0.5524697552579614,-1.0682982224314161,-0.6413938480973636,0.03627787044896119,0.024365874977503376,0.1692292839116984,0.01792189026260764
AB_beta,94,0.30397565950507044,0.1309483703168577,-0.09704202072314816,1.2986836706658067,0.2374077233412839,1.1560056411410395,0.8517917321444088,0.703928778919195,9.349218716427238,10.819810711653032,0.16335019950034044,0.028464788782437984
AB_beta,95,-0.3310041369346126,-0.8099277302361291,1.292769435026685,-0.7653402960064779,-0.7252254978148599,-0.8280526532002961,-0.4910449296434749,-0.756808034989908,2.168430833777775,0.05415216524242118,0.19378580182577732,0.004319872081693
AB_beta,96,-0.2677203806816575,1.2909705476911004,0.6501968010454988,-0.44702623483325943,1.108894343108059,-1.1336364109160966,0.9525576331931778,0.6132551905774164,-11.13684008478518,6.140393480655825,0.1428526388627246,0.040037133880113165
AB_beta,97,0.2832309139700262,-0.5407476566568917,-0.7324224828462004,0.26014769959404505,-0.5360450779825591,0.848982641349439,-0.5632118231082937,-0.6661371734243665,4.242914592284953,0.6136978308244243,0.33762707082297394,0.010993683574214248
AB_beta,98,0.8840139927149948,0.07834774378202236,1.0410700163890148,-1.200531423373113,-0.9981221570768479,0.2584880121196358,0.2601907547711102,0.7611712281453256,-0.5240042097272664,2.2677248464066575,0.10932653737709241,0.06445140404654043
AB_beta,99,-0.8989851200858743,-0.7136467925262998,-0.34350512005977785,1.0354195033925715,0.12138317237689322,-0.5316024003326937,-1.3425146078239925,-0.7294458063461381,2.2994400142371965,0.011568592915740018,0.3319830704683089,0.0010471562614966974
AB_beta,100,-1.3278191508170507,0.38625833247843633,-1.155008379540083,1.1073639012122538,0.6876489693779233,-0.782555423365414,0.5724340592177064,-1.111344806019985,1.2175649420018657,0.44547884946885313,0.2881213047125102,0.013589845188496884
AB_beta,101,1.299955154030825,-1.0988411606729445,0.22801223623599798,-0.9475640770246656,-1.1305773914544515,1.197153177428618,-0.944011312236634,1.0777499673718178,0.9851374730043492,1.0690968369871088,0.2610967137923295,0.017815417074375683
AB_beta,102,0.5604099856414018,0.9058297235142068,-0.5923819844448062,0.36423975638178296,-0.05642131516340365,0.59801449193869,1.3341384160143914,-0.26283038262015057,-17.7483488080797,11.914437279528217,0.1355530658723924,0.03511899049051346
AB_beta,103,-0.5320700631147874,-0.23269891129778753,0.7917500095506325,-0.18288484866787091,0.889797074548581,-0.1949138232113139,-0.26924484484357136,0.31791493446583163,-0.4575646517823676,0.18947984402161472,0.19796481790229045,0.020278683935391374
AB_beta,104,-0.35078886873538884,0.23063900485619193,-0.4927978775131141,-0.7089707870094086,-0.3823565997220424,-0.3895037978474818,0.4439118922836558,-1.2145988903852958,1.112319084295926,0.3663344886477894,0.2156111123234299,0.01951432244957775
AB_beta,105,0.37894904609734525,-0.9052188352609438,0.8898211533254872,1.2152622277663354,1.2597273185697333,0.05681117186445328,-0.8129506612274214,1.2696781591020174,0.17577959801388476,0.2591144032312711,0.16940193261546901,0.06804526229918659
AB_beta,106,1.140073136647773,1.0966915185042663,-1.2302448483957684,-0.07485952044479705,0.2710310227164281,1.0018438864511372,1.115928426498791,-0.16236851195749247,-12.446864770603584,10.758017857662713,0.128357226788837,0.043688123519062885
AB_beta,107,-1.1681169612282398,-0.38574808705720476,0.15433036551825796,0.6028752701139268,-0.8459569035345007,-1.3243932405140668,-0.053911624915724765,0.12877896676698275,12.448309183610492,0.5284284195318167,0.2246386292285312,0.005523917998348094
AB_beta,108,-0.7176135805862192,0.7129249895509753,1.334068147300617,0.15224144060000033,-1.3247318591271648,-0.03367589568686569,0.8213268685300694,0.4998475778950231,-16.205318477573574,70.09391286578075,0.15107731403365635,0.002968687172818366
AB_beta,109,0.7024837579369374,-0.07632504647449823,-0.048952711199863996,-0.6856063041152447,0.4906386683880355,0.4097114149429171,-0.4348577867181479,-0.46811687296687576,-0.1566339544642315,0.12774832646914952,0.16074417567468116,0.016171762761651342
AB_beta,110,0.12344890936843567,0.5399252108495354,0.4248679966662017,0.7967972103936993,0.6943102461656119,1.3474591853072118,0.04468936298456727,0.8772018291444927,-4.8192368944186255,3.363258110501506,0.14351577340407726,0.05035845138666313
AB_beta,111,-0.10809698872888607,-1.2890375861106587,-0.959263909535305,-1.3085646840361498,-0.2493910708618925,-0.9816092546464268,-1.124474773277079,-0.9300891054491006,0.40211067884317986,0.00391952088448068,1.015681391791921,0.00228988155766908
AB_beta,112,-0.03452082448730742,0.6748225806264083,0.9793490360205424,0.44836668033177207,0.007866176201897224,0.44883119802536475,-0.6510258572194909,0.5662361613846705,-4.686175560387534,2.3538214674933005,0.1354640481266199,0.04983848315706085
AB_beta,113,0.018322818233154514,-1.305816607441664,-0.4090337387470613,-0.26150963394847326,-0.9492037707221759,-0.1703025528687352,1.039016666088391,-0.5343361484410614,26.06831481015567,2.974241301971733,0.5963967869257438,0.02441289337456625
AB_beta,114,0.8018031480887811,0.8478139311103872,0.07022292149244902,1.2018983309955649,-0.6384143105479916,-0.9317177965012062,-1.2553879743776941,0.807554376218141,-9.883226839807483,1.0820469735188747,0.10296565823740501,0.09712959861332136
AB_beta,115,-0.7861656905966544,-0.09309630062470631,-1.3194189731888244,-1.036765593524469,1.190663648811263,1.2217851619747722,0.17441928779996174,-0.8616261475943181,-0.10751571392929477,1.000093849676637,0.38284346850104795,0.06794575000450738
AB_beta,116,-1.0511452583406022,1.1570789839304958,-0.13813739192214158,-1.1059966424140746,0.9708867932468237,0.10405979509994534,-1.0311471588814312,-1.1512128180512544,-1.3549028465657922,0.044519828015506344,0.22003778888711717,0.00567093680520009
AB_beta,117,1.078342914676883,-0.4769362046476562,1.249971300518821,0.9462182967537041,-0.15947013473379745,-0.5125746484700081,0.6582174661635907,1.205784327980756,18.089613304001062,2.265750187935639,0.10753743745293605,0.09348751313780293
AB_beta,118,0.43497864281190823,0.29103489849988207,-0.875489173525239,-0.3628990010223343,-1.0823385094751576,-1.2880432113807565,-0.18144258544794423,-0.22283424825617026,0.6825765287364909,0.0541176030266705,0.1912315129990124,0.006254415025597091
AB_beta,119,-0.46263110270143637,-0.9964147200321922,0.5143853234320348,0.18152326548917008,0.5734524688275489,0.8680319337115294,1.2476887615768428,0.19009074736547182,9.711266491970218,7.977409134972273,0.26943931443407204,0.05271669465158562
AB_beta,120,-0.6493378277981303,0.9987546942808436,-0.8219449533035722,0.7076356659546474,-0.7536957891659716,1.0632551969644626,-0.7264481238567856,-1.3532201766382317,-8.098300322803443,1.1432162860893644,0.20550856469900194,0.011624424883400127
AB_beta,121,0.621843980557421,-0.2914393419044967,0.5664377439987973,-1.2139056281843565,0.20081477872715126,-0.7461220106542106,0.3560567499549414,1.320471382289876,-2.072806887710695,0.5657060987914675,0.13999085338594217,0.11217127085730773
AB_beta,122,1.2436294955205571,0.4791864431692252,-0.2593925943146176,0.07348744330906198,1.3847969633107413,-0.31790131091334306,-0.13972676162146147,-0.02344988831466477,-1.729086127376913,0.07612749631174254,0.11871321063781394,0.031426743946303876
AB_beta,123,-1.2162731439058743,-1.157584070167142,1.1302495534197534,-0.6015240207974437,-0.44138285638486896,0.6451771081070306,1.2030960029034403,0.0780266813731263,12.454962570362161,12.960497717581047,0.2959399912512122,0.024139837097489
AB_beta,124,-0.9729419588160975,0.09406677216556636,0.3172023291959589,-0.153613868911463,-0.3090968319000975,0.7232254203556681,-0.3490334368139123,0.37844374037586936,-0.23407538507128223,0.8441740784103506,0.23300599323389307,0.016917444808869905
AB_beta,125,0.9887592441024651,-0.849514171634803,-1.070906451038936,0.6869572435707918,0.8187003865312412,-1.0836591109628904,0.734147352150684,-0.43251021829438874,7.2584097494444055,0.04877123951673187,0.732561853041323,0.01549197603858593
AB_beta,126,0.183530849329538,1.3066864361504924,0.7079803552599178,-0.7981326413093967,0.41974283739379703,-0.6681431950491817,-1.2109655359321447,0.9981390212582928,-11.842815953164841,7.5804502693577565,0.12033605367047827,0.09396314484205615
AB_beta,127,-0.19954911041903278,-0.6766125568779064,-0.6818938989729563,1.3099209324424013,-1.233150331763597,0.29752457688335654,0.13253512685561697,-0.9662442914436435,56.04389675125531,1.887621962668947,0.3739095142518587,0.011250966778858944
AB_beta,128,-0.20886073107980008,0.60089864654542,0.2674466469485699,-0.9991705689718242,0.6185427040694427,-0.9538395537073923,-0.15202270718306288,0.9893892120428658,-5.59311361588979,1.021380151939415,0.16155855303212502,0.0680965628575608
AB_beta,129,0.19318090010466737,-1.2308142127014252,-1.1166004761364825,1.180635208771892,-1.1913916438409597,1.3738723460542797,1.1911094276647474,-1.0209507019138324,162.06436413025654,112.17636213480891,1.194039998825928,0.011180881883905213
AB_beta,130,0.9794534281699001,0.773813652459103,0.7435142674954907,-0.30185349683707186,-0.03618157581759718,0.4266185482779352,-0.7146810127904046,0.4062360689097595,-4.280739143235664,1.0273012947224232,0.09861794443205571,0.11028123036881196
AB_beta,131,-0.9632976714543787,-0.018186125663387287,-0.6395907234134787,0.46155152137846733,0.9129136144682353,-0.01812513728464782,0.36891061046061235,-0.3531795775479707,1.3349634150651712,0.22329439089023168,0.28996424280237426,0.0239880581165855
AB_beta,132,-1.228287888085829,1.0818306680583551,-0.8459783975547652,0.20819098215955845,1.0397857435138602,-1.3101738925819009,-1.1818871915553348,-0.057923934129325394,-3.696888170772271,0.0901792492170927,0.23114013659808005,0.006695418133639859
AB_beta,133,1.255982711129665,-0.4032740669071939,0.5383431383752597,-0.37340734593294744,-0.5968616233399943,1.0201273807493318,0.16056902813960638,0.00301389079848291,4.151717383048261,3.9217101884231553,0.13593298803698733,0.01953698887885582
AB_beta,134,0.6098260757959186,0.21569370181215808,-0.1954288379087863,0.9167984365640438,-0.977874836466806,0.08185078105416554,-0.3772868022702134,-1.3376140538332637,6.131703226695521,0.484785281661353,0.14953905720630437,0.00825232736227586
AB_beta,135,-0.6369814929222658,-0.9228295878986892,1.187444542279178,-1.1035698838637569,0.14450733487557432,-0.36040020755090674,0.7056269227179437,1.3713728244096524,0.7109161437263989,0.8206006196232802,0.21926091294179736,0.06333552238777924
AB_beta,136,-0.4719427233622038,0.9207115515454893,-0.09989556365157015,-0.5680019529901094,-1.3451009447563798,-0.20913582561883204,-1.224096479251187,-0.21526635710219422,-4.078100719767731,0.1936105073410622,0.1746606521218104,0.012132965324981431
AB_beta,137,0.4446286935870376,-0.21515160268669997,1.2841513063803844,0.056293972647381896,0.4677312122993351,0.5797336521158478,0.20531679991062068,0.24903041080754273,1.1807585273035357,0.9927732492772625,0.13135353253888896,0.04419451446585879
AB_beta,138,1.0690370987443176,0.401224943626173,-0.9225369397376297,-1.2555937297857598,0.7632865867836032,1.1721109137635535,-0.6817885178507775,-1.1828946295058664,-0.474607699161301,0.2517609945924273,0.16788551971749915,0.06304001252403747
AB_beta,139,-1.0415009709788834,-1.081209409792432,0.4605681286365737,0.7221614405308292,-0.18836831305151103,-0.8116563591866367,1.007251868710754,1.1279792927173664,29.0435287487932,1.2997704141177684,0.2823465025739044,0.02745601022216046
AB_beta,140,-0.798180434776609,0.017353309843370912,1.0351903250799144,1.332540150724032,-0.4027286393588475,-0.5593694467963759,-0.1969405926079728,0.8435541204741106,7.457582412852563,7.118414691005687,0.16592512170956994,0.0103175780921618
AB_beta,141,0.8141563636978895,-0.7718914740392362,-0.3491314535745107,-0.8045891826479341,1.236816867158651,0.23207219689721548,1.233150584816695,-0.7905029122412816,1.5602250741087227,1.0975593891073219,0.32281471391587757,0.11343259140099149
AB_beta,142,0.006304913471652185,1.2300605560218736,0.03806700989479661,0.6561752966784102,0.34001564695011033,0.8320781624897726,-1.0164741306419112,0.5548633845098654,-9.599879552473727,1.4853904215518885,0.1388849166321415,0.05391548716127171
AB_beta,143,-0.022164489611442795,-0.5989075550533738,-1.3448062824992357,-0.14982171847510584,-0.7849259034232201,-1.1491898237936666,0.6732421710724894,-0.5864195809231741,13.484231101852417,0.1806129696438378,0.5834985380437163,0.012834857588196972
AB_beta,144,-0.09607891870821761,1.3649522656723148,1.373668674461009,1.0005430954059167,1.0372854936960334,0.279261915568763,1.1036258705705537,0.9482510387199052,-33.20122612844616,146.7592329710622,0.12799950157990553,0.012139763636510767
AB_beta,145,0.11109240923340535,-0.6156815772946107,-0.016120786326712766,-1.1819862566787669,-0.09594823485843529,-0.6823417306551424,-0.06589423393443572,-0.8943537861872647,0.9428022971511605,0.052259624727226194,0.24069717166190893,0.007108781899621682
AB_beta,146,0.7144983368577262,0.15224782889963207,0.37647132316956955,0.3031889845606075,-1.0998706839616934,-1.1127835135856705,0.4556856137166725,0.44766894580465566,8.733008895380882,0.998411404462309,0.1216666953927794,0.03139755613566602
AB_beta,147,-0.7299666309361615,-0.7886676446496298,-1.011721579145116,-0.4629078369212549,0.547628281419041,0.6981649781823547,-0.8001007669417322,-0.47973290100518395,0.34754050953453913,0.09574913010633719,0.5561309586649663,0.007309743055759609
AB_beta,148,-1.1588113105548405,0.46161798654925157,-0.4383055370527751,-0.2068558456117504,0.0742672109368252,0.6187854207228309,0.07376374114139561,-0.10350287429304572,-1.3876177458096535,0.8973136896327527,0.2586635433531678,0.020804200561691886
AB_beta,149,1.1304290145452203,-1.172402443843069,0.9510829223688966,0.3720507205292236,-0.8856795778758868,-0.34564951783211284,-1.0964342616264535,0.13608243292682487,4.935522778924,0.04499869182209637,0.1844634867515181,0.009991802113326924
AB_beta,150,0.38826083201727846,0.9811017850627477,-1.2610421024183913,-0.9154262199908876,-0.6559540662987629,-0.761694263076693,0.7930774692937497,-1.2924991252569404,-6.529077129587688,0.45875645156805167,0.16351854816412414,0.02376203382501887
AB_beta,151,-0.3604390847696841,-0.30634248836818,0.12759493390464316,1.1022184847811547,1.164831838823728,1.0463265902665755,-0.463384826517524,1.237753096483902,-1.0083744576756801,0.5084569324086716,0.21099420496863014,0.04984768180656933
AB_beta,152,-0.5200519930941191,0.30862433270522693,-1.2061123493498411,0.5666348336293512,-0.2914353937597365,0.8944262549136852,0.29148886026425336,-0.33810759818892766,2.1322980347472544,3.0285315400959694,0.271341515660422,0.0215642845858642
AB_beta,153,0.5480534855063715,-0.981575017595167,0.18367703397264656,-0.054948342142539186,0.8443154074792123,-1.260297638279943,-1.311621061933315,0.28336686287354684,-0.08453429094594389,0.00955678836744923,0.25881169771383766,0.006765556857579826
AB_beta,154,1.3119697329516138,1.174753201252295,-0.5554887535975401,1.254252989919358,0.3534741442646592,-0.4969997622295693,0.9217883621952552,-1.0606866150637115,-33.76562608298259,2.8223729486938516,0.09719719018630033,0.02144091381401194
AB_beta,155,-1.3401722011669932,-0.4620120599412062,0.8327044017702427,-0.7207998831738733,-1.2968806544332494,0.12098576797987604,-0.5949726542659493,1.093260890568531,1.2932149884972173,0.7323274763217095,0.26575120825250903,0.026627021794345392
AB_beta,156,-0.889679469412475,0.789527103345798,0.6275227167207904,-1.3338805394147064,-0.7360313970180201,1.2400451894714093,1.3186443750743442,0.7062003926810034,-8.691041642487637,74.65737272096398,0.20474443115271512,0.012339428234768999
AB_beta,157,0.8743698706124416,-0.1540485883117051,-0.7618658304948136,0.8059510498658262,0.22643279499750424,-0.9175166270772892,-0.283789631970355,-0.7382696413391893,3.179370964300515,0.02545462456840201,0.23097898483802493,0.00456743704169333
AB_beta,158,0.2925426998899594,0.616620195131244,1.1036855265472678,-0.6575421061782322,1.318519986565913,-0.14118078406391166,0.5871031212372448,0.6923425801603316,-4.309127394332895,2.4512171053217644,0.12576881138191115,0.08684859116931518
AB_beta,159,-0.27737059671595277,-1.3666841120122084,-0.28495126705136653,0.15116770015567593,-0.5051214213554204,0.47389427401663453,-0.9289799969610997,-0.6384400444987312,3.443875460766722,0.13551990910393752,0.5656464904003909,0.004348620277211
AB_beta,160,-0.3430154313294793,0.734224572078124,-0.878406139822923,1.0624468627405694,0.11061794758593946,0.16374105388463178,0.5132285221816257,0.7749555390697902,-11.114074235911449,2.2107463906501432,0.18710796702184315,0.025309482702265688
AB_beta,161,0.316325384014299,-0.05506508483237327,0.50574608809164,-0.9027488381991738,-1.0090564523232126,-0.45311037497014506,-0.8292138312364271,-0.7210555649252612,0.6528944517905337,0.061159571587405454,0.152188748915001,0.006305832888285289
AB_beta,162,0.9373520495450298,0.5606345702656819,-0.14138224273366395,0.4064101875162536,-0.5251530890826642,-1.2174209643534868,1.0460935541852645,0.620963242161469,-5.714442126585665,1.7466425507516194,0.11384907872450079,0.04245155506041587
AB_beta,163,-0.910545659777058,-1.2683733011320109,1.2416599496922645,-0.22494554771618547,1.1196172615525433,0.9381942644801067,-0.0367917617194049,-0.6530350523367263,0.9999363048461558,0.41180599929427264,0.2732722108548815,0.03685655700664924
AB_beta,164,-1.3596450915038956,0.2525759919862067,0.08356216366140723,-0.49150054399950505,0.9007724986698584,0.519390145627747,0.8262525780644572,-0.27680506177503084,-0.3747476712707746,1.3927527342158792,0.2675542170059888,0.059330351011352936
AB_beta,165,1.376350830723523,-0.8832424751346538,-1.300992718210865,0.3047290966997922,-0.045615250701077414,-0.1000346266574983,-0.5168670022510942,0.30937661050361287,2.916740004544187,0.06280769318821562,1.1986571132447905,0.006213487583773798
AB_beta,166,0.5705327705892784,1.1193864667986697,0.9923392611598232,-1.158806365690736,-1.1412565368773684,-0.8719732382916323,0.04059921412165468,-1.1192009401453795,-5.901511244158571,0.5832070840871093,0.10676044907272667,0.03205710734152749
AB_beta,167,-0.5870164221473358,-0.36300798169572035,-0.39025846673942444,0.9935900019173471,0.6768004642960552,1.281143840031976,-1.0429626676438497,1.0644574780537617,-0.6914126061632797,0.24837822516044258,0.27004441288212555,0.02301410513921043
AB_beta,168,-0.4271415780449537,0.36499909384516216,0.699341114755174,0.1100498769496907,-0.856637205771579,0.7393047008099958,0.8710138184574918,-0.16481470653502428,3.3813809109470205,17.664611916599725,0.17549193979722608,0.012119822204347661
AB_beta,169,0.4108166320939959,-1.1201401028208253,-0.6848108601062913,-0.6434821662046212,0.2601816913387305,-1.0672785630491317,-0.5590899238281328,0.11006595098574867,0.6297469823854572,0.007443497063493435,0.6307537654503913,0.003054681329715662
AB_beta,170,1.1950611409901277,0.8851646742119168,0.3088909732050533,0.8416507686882835,1.2707035689868402,-0.6412392688050622,0.34225283257974803,-1.2339835194167366,-3.112245393061385,0.38098006961745723,0.09382058593176595,0.027722110816368085
AB_beta,171,-1.1781967787929832,-0.2534087871488273,-1.074151296686109,-1.353358749031011,-0.371549378445555,0.32480413721156065,-1.347493220948863,1.2665603512742785,-2.800279074686554,0.07767305964034553,0.3746334516403169,0.014951001991576061
AB_beta,172,-0.7507510180136253,1.2689945800553295,-0.24096633417230895,-0.7507592835540946,-0.23850056929449082,1.0902227428231035,0.5552824869189301,0.8794999824954741,-16.21947907363216,9.365925245063178,0.19605107487389187,0.025083631678119098
AB_beta,173,0.777737163274953,-0.562683672889307,1.143588790424363,1.2571128617573988,0.7050313467592708,-0.7189483866156955,-0.8741446895058598,-0.911566499213074,2.4020361838847823,0.0511471014511196,0.12645990236008098,0.006708721072984637
AB_beta,174,0.1349678037498132,0.05560720461522717,-0.8031696761315864,-0.030406385109182033,0.4798752614479067,-0.30188565007353674,1.3504544482990883,0.5190417973812567,2.729761616337701,1.1540501572625528,0.2241684912916353,0.06656028163527125
AB_beta,175,-0.16147801294205455,-0.7363425877739282,0.5794279639737292,0.5583573531852801,-1.3356646670410364,0.6616635923104781,-0.3386143783320241,-0.46514710636568746,18.482716226659957,1.6152923321769985,0.21655685346403258,0.007986653766066519
AB_beta,176,-0.04587049348280603,0.11604521868882567,-0.6010367851328889,-1.0638083839470829,1.179683246257613,-0.8530935947920334,-0.7424270481004477,0.8160926123864278,-2.757992939591961,0.07180611470478057,0.20666188735854937,0.023811190215881337
AB_beta,177,0.07187306783220215,-0.8275806342898763,0.788859102557671,0.9040895315864355,-0.6492253121278988,1.126906027393144,0.427794096114976,-0.847651535575974,29.60991511687635,9.219391651918555,0.1983409389451243,0.01896883878988529
AB_beta,178,0.8351098109020663,1.3294244964297992,-1.1633353163717233,-0.4077558645002366,-0.9385196881816777,0.5382490749237705,-0.12426610045075126,0.5795285835661905,-18.17739713105339,1.441240742181888,0.12274542675815148,0.0365414973324054
AB_beta,179,-0.8612498705487911,-0.6539142827427896,0.22479346538659395,0.22631270322738617,0.01871965971613787,-0.25429336007386305,1.1322153705881155,-0.5264801021095987,14.30003275687041,1.5435167876912057,0.2781165949303759,0.04061554241141353
AB_beta,180,-1.1059640372970778,1.0200114540266292,1.0594806853618903,0.4901545158397944,0.5842226720508752,-1.1932962324883567,-0.42940195934782954,-0.2312244225405109,-4.66205892003158,3.2967731349336553,0.1833828884563079,0.009144151293993472
AB_beta,181,1.0885919576275052,-0.27013792086912747,-0.3301397979287013,-0.3033622510495275,-1.071399277111212,0.7895398050620022,0.740142619006759,0.1763065242349393,12.631983285424756,12.575964369504812,0.19551106098239257,0.012782959431319862
AB_beta,182,0.511500577507352,0.4998539713590038,0.6689565077054478,1.1574445346232862,-0.1703670607512735,0.1878442452503568,-1.1297614733841481,-1.1643148513449628,-0.5031735637171972,0.28308113423660397,0.11686435309013207,0.009498604726368766
AB_beta,183,-0.4943294633122083,-1.1368766732035906,-0.7194061984021971,-0.9922496597058131,0.9601588963699668,-0.6017862509432802,0.12604277075722026,1.1980763435332398,-0.46806047113473803,0.04069883976230695,0.5437120487052852,0.01380229232467402
AB_beta,184,-0.6596298381318858,1.1351448062063014,0.42197709483758894,-0.10869352525646048,-0.4522789561065155,-0.06066497171621377,-0.6445652102235507,-0.0419724377428532,-6.924701578650199,1.2219212801385133,0.16042586445745963,0.019149366020007195
AB_beta,185,0.6766211142040908,-0.4989153741797664,-0.9679187153877368,0.6421466320019451,1.3740702232480462,0.38251626073369493,0.9578443539576427,0.07572864680217051,3.7071661452210494,0.7583040861972163,0.39024632668163334,0.07776233534536588
AB_beta,186,1.2752862108215226,0.26833714079965887,1.3308493816155618,-0.8402997672605492,0.21158382513631624,1.3314649720085294,-1.261330378958078,-1.3561898244593944,-0.25927634849473447,0.2126938171612165,0.09280856763457794,0.0753671337693302
AB_beta,187,-1.2928380459844513,-1.0191520159878567,-0.057279653195853264,1.3519862587473612,-0.7427573830978553,-0.9980742913087506,0.25473490674339616,1.3012772196114806,44.28473109208672,0.9621171535082175,0.29354672430602113,0.013998598086122445
AB_beta,188,-1.0264492410320116,0.6535201886934392,-1.216879531429041,0.7521106361575562,-1.2224644313722741,-0.40560394743585304,-0.960298235668563,1.0168519182595015,-8.32011518711241,0.3668673295453977,0.2260813986356472,0.020176850695764706
AB_beta,189,1.0001505584077701,-1.3270737596779687,0.1727410396554827,-1.2584850421801126,0.43059780824053084,0.0404097548166511,0.6427885554101287,-0.9637981536739499,1.5328953904688134,0.5139020051830724,0.4013459109257105,0.04781972695021041
AB_beta,190,0.2586566745914809,0.8271073811000609,-0.4797815982334598,0.031763046663348504,0.8077184966450985,0.9749607467114785,-0.2531270693322871,0.38156149139576967,-4.498675269434065,0.579769048337523,0.1484113751441557,0.03948803855706517
AB_beta,191,-0.2328128058491845,-0.11376339500917454,0.9085808651497851,-0.5596925362122287,-0.3199096513308297,-1.3516520143378103,1.2636147822300219,-0.41312570804297344,6.546436796797975,1.110313139506369,0.159355373859285,0.02185264894228287
AB_beta,192,-0.2462142448545328,1.0885545160977317,-0.3832603091420541,0.6180080338599263,-1.0390387514266084,-0.527624638031289,0.8035658823996508,-0.9967181823399203,-52.286515970812665,12.119811343283386,0.14497817956396783,0.0038730825191578677
AB_beta,193,0.21818099169633443,-0.37217668158190564,1.0050175415482514,-0.08988519108694626,0.09690241804275646,0.24367982512198205,-0.4522968583220962,0.9649892849338999,-0.30429610582022426,0.5683441009345317,0.150859192376727,0.06435092128176848
AB_beta,194,1.0355063574129482,0.2225079466152804,-1.3803730477405542,1.370751708163325,1.1008236690170616,0.8637915513559433,0.06246093603030123,-0.37771038991632744,0.9861970741238515,0.44670228073274454,0.25605411449452037,0.03664866163400207
AB_beta,195,-1.0073356086287233,-0.8916520518779407,0.009332136036908745,-0.8645647060348964,-0.5493830677969007,-1.1376148962263521,-1.107046288588446,0.4305888971564449,0.3062125103582374,0.016549447656506743,0.3461251139452799,0.00420677640319881
AB_beta,196,-1.2628538412362986,0.5209842200489461,1.2759165944920128,-1.2830416272318261,-0.07526176383676564,-0.17723071546282454,0.4451046451491709,0.02186772029993378,-1.9574069140935493,1.703463541105268,0.22292484234933785,0.020719104765611628
AB_beta,197,1.278195180124882,-1.286365347980273,-0.11263550378409959,0.771167060485525,0.8873927964091746,0.5911618088864499,-0.8114346717621088,-0.07695409516078877,1.5521987195268458,0.0553411304246706,0.5334752883995583,0.009976180501235318
AB_beta,198,0.6686758614913113,0.6939793766580895,0.4532646418193358,-0.5405097712519314,0.6576657561847659,1.2040050961572162,1.1147462605485907,1.352304323251701,-9.71407603873747,14.571247184383909,0.11428388197294825,0.07248337139175787
AB_beta,199,-0.6838162658915594,-0.07364686417848909,-0.9362081049412927,0.007249346365185261,-1.1658275898526211,-0.800237766790261,-0.055438201296352574,-1.3187113076187071,7.265477191801158,0.16163585100348166,0.30213762377901787,0.005318503797796866
AB_beta,200,-0.5022733836229624,0.07561136960222159,0.5514949404996476,0.8799512639627485,0.28976670740730914,-1.3420783417012447,0.5766576858431747,0.22462600104370156,4.803319150193268,2.2516614587544566,0.1668017911567636,0.0105335660290784
AB_beta,201,0.4873128380030489,-0.6946852527813009,-0.8367831529150578,-1.0450010413325639,-0.8432766529167434,1.008698562942066,-0.9401109428683587,-0.19103827886836577,0.7838295900311318,0.5380321757923808,0.4328178452207486,0.0073165709676678275
AB_beta,202,1.1185748506310287,1.2882295410903055,1.2020339235590092,0.2450784831616819,-0.3524365052015599,0.04995593762383965,1.3299042231310032,1.1523382562105857,-57.92323566157481,66.13583074830994,0.0812068217464866,0.06867724632406275
AB_beta,203,-1.1030537355916934,-0.5217801624175715,-0.18767117242452191,-0.43202179482957914,1.2952105220631205,-0.371818138910619,-0.27313464795392717,-1.2074193479424808,0.28655922848343823,0.017535151804252525,0.32683650868372816,0.0057064968753126645
AB_beta,204,-0.8258927597989836,0.8923210907002039,-1.086021108577572,-0.3279178445462454,0.7349521901103488,-0.9855850235091428,0.9324109864012604,-0.8095286319326614,-3.491456380839991,0.21338150035382059,0.22879869641489278,0.023706185065663448
AB_beta,205,0.8542221109033294,-0.22458365596461505,0.3025307366454426,0.5092106096494313,-0.22480423047194753,1.3622653788661767,-0.5836804050840766,0.8624124326304365,1.2503452405451614,1.3773037355855227,0.14178960757998507,0.035808087123888596
AB_beta,206,0.058470296424828705,0.37275565415875467,-0.6099429114440336,-0.9730659031905204,-1.3168928680580578,0.39490582044842815,0.2803268353051076,-0.5675229286403601,0.41856036249330086,2.9386945721815656,0.1876429465421798,0.012452093090306149
AB_beta,207,-0.08634486463332292,-1.090730537760766,0.7795299127818291,1.1329305038067916,0.5040410989483792,-0.029700725888625934,-1.3220354595902901,0.53578874810538,1.5813270809854099,0.05057946921302483,0.22254092190396293,0.011863778621443626
AB_beta,208,-0.14265986392739083,0.49812614288258095,-0.74759832759101,-0.6193484018932051,-0.6195814637962608,1.228467968933168,-0.3667990605296738,-0.8752414706929547,-0.720749993219629,2.112507847383497,0.19781233149828759,0.017093159209086398
AB_beta,209,0.17002679729303982,-1.1602576613569486,0.6355916013648819,0.09124703764744257,1.1930603250290381,-0.949231028155851,0.7167155622787329,0.9293100969806305,2.189082054450434,0.10914893406317266,0.23170313895936004,0.03510531529369429
AB_beta,210,0.7369646749178551,1.0176990160864954,-0.27144609435114964,-1.372118538320543,0.037851703023376926,-0.15278876346440562,-1.1931893459584637,-0.4985535340716851,-2.1580744006049026,0.06362536260262204,0.11828415204177739,0.024221124354344908
AB_beta,211,-0.7644479404075981,-0.2941188772599268,1.1125167413949464,0.8659107083728623,-0.9139512586956835,0.44214783331728436,0.1499563504696484,0.4666503760395748,19.89759665978764,6.444329739524367,0.18518586536717818,0.00788587310614877
AB_beta,212,-1.2027646247075479,1.3148221474697939,0.21300295723736618,1.281674445898881,-1.041414313203766,0.8830099968030278,-0.7252613306499405,0.16056418398030603,-38.917573585365254,21.5857492156352,0.17223329995507342,0.00224577286120571
AB_beta,213,1.1867357921957848,-0.6901853154126265,-1.1697854745749778,-0.7698213680084953,0.5979408250833167,-1.2921908497760057,0.35757605493226996,-0.12782283662311333,0.9240689707991487,0.018215720312551816,0.7049192156169265,0.009508732803425592
AB_beta,214,0.4133455053157913,0.1021965393192441,0.8636371295762848,0.5391690933577167,0.9789551537094983,-0.5084276091392352,-0.14090298857038697,1.2134820508669402,-3.13573244684388,1.6623301468259073,0.12483666141952077,0.10759888050086233
AB_beta,215,-0.397538791451692,-0.863082308077227,-0.520768683363999,-0.0058878509804165535,-0.1461344585477784,0.0890823310729234,1.2015661316681923,-1.2680557143299476,15.796863396074503,3.1291281382068137,0.41109545070766046,0.0519801306181868
AB_beta,216,-0.5844862165235155,0.8613238343542282,0.9158275518752694,-0.8786160654427531,1.3441467564077094,0.630202339870152,-1.0269202374013426,0.26442114927585725,-3.549344014608466,1.0631974744511423,0.17849850972205647,0.039730300778026965
AB_beta,217,0.6001342454379108,-0.10121018224106249,-0.46736246487455435,1.0436443539566531,-0.46597795973310874,-0.31375696737271364,0.6621118965305917,-0.3190000958678243,21.651523109519665,1.0566404011281143,0.1924106913626645,0.0208241042527634
AB_beta,218,1.3517816730643293,0.6883265293759278,0.09310156309627038,-0.24370632856071284,-0.7615318055700925,-0.7502670772036906,-0.18568009384334805,1.112248084216861,-8.300939524988314,1.225318279980519,0.0941112002902843,0.17984346961089806
AB_beta,219,-1.3679691078962135,-1.313925856637026,-1.2908610299254255,0.430670457719164,0.18741532283179363,1.0782306882101917,1.243804918125157,-1.0795014434020107,20.583350469187977,17.37400510639441,1.4287087933906777,0.051063269866610854
AB_beta,220,-0.9513168363895266,0.29377254310952083,-0.023112888724957648,0.32929035032294207,0.4010154156612109,0.2908384750703408,-0.6711652429368063,-0.76258479049605,-0.18462872287403576,0.13040293409552275,0.23033128086779966,0.0071284785536032185
AB_beta,221,0.923653794749032,-1.0153748860603746,1.3596754656221524,-0.5105616368989103,-1.2358223194230595,-0.6506266685399169,1.0185434671846607,0.7306869155928994,24.10815947209182,1.7320646418333456,0.14086495774887897,0.03672473262869733
AB_beta,222,0.3351422006269378,1.1598212609611285,-1.0203208166030144,0.9744014115714521,-0.3390199010855661,-1.101174873148513,-1.235259175575694,-0.6140024382999404,-7.4438095548745835,0.08021005186104613,0.13397166933169521,0.0064284694823578264
AB_beta,223,-0.30795512604162334,-0.49590232517015975,0.3640852493903668,-1.134286840006975,0.7832142083728681,0.7299107578450414,0.19490307361900716,0.6680657711299587,-0.7009648017465946,0.6589204026162294,0.21587761119532672,0.03782586065235417
AB_beta,224,-0.2853541895552201,0.17545372238454737,1.1565069625673126,-0.07950455019678038,-1.178052244159359,1.123481965927078,-1.1627330758207508,-0.7019658899366791,0.8269186536905117,0.7939575659280098,0.16591836801507578,0.009821315967365284
AB_beta,225,0.2683099995638345,-0.9414165832372285,-0.23153754218074596,0.5856915523252091,0.6481488733112564,-0.7088736817563971,0.09377780102094802,0.756031619024603,3.473688226734217,0.05520674489265735,0.3200468260324419,0.015119056498199158
AB_beta,226,0.9043130910874517,1.0421751225065916,0.5942930440214176,-0.7016168238456869,0.9374417207177503,-0.26863797445377924,-0.3972658917609573,-0.6718254429758683,-2.1350974410095427,0.19008123318530065,0.10105192129165178,0.053347182376212235
AB_beta,227,-0.8868141285289126,-0.4212609184204281,-0.7956877920447623,1.229739666618667,-0.017089855746836857,0.6717280304440953,0.7729046728210041,0.6399299643306235,24.07479170366821,4.253361343965646,0.36127664824380173,0.026463613747365413
AB_beta,228,-1.3047701295953638,0.7437405770123149,-0.6541266820857592,0.7818120747263355,-0.5831864376906859,0.7724029614863863,-0.09149281934192355,0.333843984009661,-8.520569880854122,3.0398603583625987,0.2474347890881506,0.009894257946127858
AB_beta,229,1.3311217054813904,-0.026590672330812026,0.7343203113608421,-1.3150724996130814,1.069727740038173,-1.0570250477723322,1.164340169565613,-0.30109445115940736,-0.12457597184893998,0.14219621682763536,0.10728116647855193,0.05521351183408043
AB_beta,230,0.53469567492082,0.5700717465777396,-1.0445662470492625,0.16993285520375045,0.16869432554928165,-0.6081717256761329,-0.7746820713006726,1.0402037846492187,-5.7717041286516135,0.15905844730819052,0.16524821274716756,0.05095186952001926
AB_beta,231,-0.5604866917161229,-1.2399879633208684,0.344969298194407,-0.6818074219500515,-0.9591241906570622,0.3350255715527801,0.3948125884571174,-1.0947798392057828,8.91323651115577,2.2753384386989066,0.34249642480365716,0.019267294548748554
AB_beta,232,-0.37379558361060616,1.2378119210004381,-1.3348885118753526,-1.2065421342146765,0.4539945295829171,0.4862912239146928,-0.22019842395012001,0.09114816618709565,-5.14645347396524,0.27979139424983746,0.19519835268174077,0.020714034185368935
AB_beta,233,0.34782480099324964,-0.5694927946582864,0.053156235597105805,1.0195988225467791,-1.3750620906865407,-0.11028748089763418,1.2959227090207295,-0.14571893761469967,146.9889946421828,12.257366973677042,0.21156543016465612,0.012958520085140526
AB_beta,234,1.1658297537148246,0.0245149423240818,-0.42610083779031926,-0.4437244470747367,-0.2125771385925126,-0.9050401203838981,-0.9923913255436041,1.2855225907885581,-3.52690084262015,0.19219999034981053,0.14974114816141867,0.08900436002851678
AB_beta,235,-1.1396580262804348,-0.7430715588474475,0.9638799104819287,0.27867466970492116,0.7444718410748872,1.2709217446540928,0.6099835238840527,-1.2527783513959623,4.449135818910584,4.292621040689496,0.267533308028699,0.07765349460250352
AB_beta,236,-0.7000220780591263,0.42046495539440687,0.4974059770058683,0.34791273694472835,1.2234160117247324,0.13048249181732086,-1.2941452950480143,-0.935861982529193,-0.6151170822880256,0.05007768315550526,0.1951360333739471,0.005129719292806522
AB_beta,237,0.7173623659966595,-1.0403109500539545,-0.8910407633876354,-0.18804813632845718,-0.4323539993213009,-0.4631857408661071,0.22265174274700672,0.9039612207549885,6.028164370140527,0.19871904099629265,0.6803218449280719,0.01371809663807884
AB_beta,238,0.10310750464950869,0.9407106864566213,1.23441929750851,1.1209846313842247,-0.8094758032252382,-1.250669301009908,-0.612268531384822,-0.44072156408600727,-13.037655415921728,9.756225135831743,0.1168119117650412,0.007737946131126516
AB_beta,239,-0.12031028663231735,-0.17348923761821067,-0.1551163252003933,-0.9396918662810387,0.3208597856655864,0.9281304873831531,0.9907842059769971,0.49479258663158876,0.5622693385270476,6.8557433720554775,0.21219938379410655,0.03871636170649309
AB_beta,240,-0.019594632116504807,0.9672583216855897,0.13725359881379484,0.08085592345763803,-0.10962608531179385,-0.4156667536352069,0.007628262393017726,-0.8234439701361123,-5.226632765763358,0.6126375959101004,0.137765590133531,0.012920713208898869
AB_beta,241,0.03595132848471061,-0.34184937814795435,-1.245704306273177,-0.5870637534053187,1.0073408736824618,0.007162430372621209,-1.0752282880880877,0.7917126816365354,-1.5378309795287912,0.018818720429029157,0.38075478591603545,0.007912968464693543
AB_beta,242,0.7896268579098129,0.4470104422542185,0.8743621085959934,0.7029734647424573,0.5234386259412833,0.9648870540645709,0.8583879742859677,-0.550982985678919,-0.03817190433385198,6.770211555391506,0.1102559731223911,0.04445340748986767
AB_beta,243,-0.8064595110045009,-1.2086682811778777,-0.5098750573654919,-1.2310748289882198,-1.1186239532606956,-1.3849089444708582,-0.48410427707148806,0.6038696784120972,1.9071869734611426,0.01916627921111804,0.5581711936281163,0.0032959965694520344
AB_beta,244,-1.0823170877557784,0.14993036088363643,-0.9748044270335863,-0.7804557850052923,-0.8990163127534374,-0.07088807930648788,1.078866163928731,0.19514828981727983,4.008378426756439,3.8876240813204097,0.31233805456339203,0.02239546519754099
AB_beta,245,1.0552991920772021,-0.8126435709645671,0.40787757787592005,1.3137370273825926,0.04466366518427023,0.34944840774382935,-0.004666291376545839,-0.2502269852912693,14.097396362139056,0.457287161934593,0.1933258714145717,0.018678109333987985
AB_beta,246,0.46340057003525015,1.3632294879291498,-0.06594271684223085,-0.16858179180382904,1.1403063973782628,1.3212104858341303,0.4809741496893667,1.17902750821603,-17.53572889081023,6.937208159147196,0.11916796692491864,0.09709261153623971
AB_beta,247,-0.43692206994546534,-0.6390676161812263,1.3185272166544209,0.6804348696942146,-0.6750431628802643,-1.0311748862708594,-0.8621959896022513,-1.1454373897827885,6.0501610536279715,0.17542239690598777,0.1644996186585342,0.0023866030754160854
AB_beta,248,-0.6182083047294239,0.6412914545510431,-0.31564031763511835,1.2051961680271532,0.8577136394238727,-1.183073785934746,1.3833837443892214,0.05135447946568861,-6.6288153963096805,7.876494943752591,0.1816704535353537,0.009732318499045699
AB_beta,249,0.6448453968106318,-1.363665867667574,1.0673176752457854,-1.0182320388687018,-0.2618126986013334,0.8226083190885312,-0.30630710224928226,-0.0177590675747894,1.3487294534536387,0.7440438035925022,0.21044355853899724,0.016257384314144273
AB_beta,250,1.2151652619507451,0.814967721648084,-0.7061750718781784,0.44236255403509994,-1.27233337812049,0.1980993924614194,0.5231887256785275,1.325613542598972,-28.11635127669103,4.287051501117685,0.11300258016867881,0.06140455762585464
AB_beta,251,-1.242024483008315,-0.15027667437664682,0.6780618513589072,-0.2773342655212001,0.37262734074513326,-0.568686317017835,-0.9069490496665742,-1.3806975212019215,0.3256868217457396,0.027389827623429043,0.2433324437682767,0.0021170490307865844
AB_beta,252,-0.9878258448404302,1.2095645926680414,0.8180785627691101,-0.3492742788086374,0.24017210120318078,-0.843030127556016,0.3094372451244505,-0.9828065211529107,-5.668063125522787,2.5866344421593936,0.1734042157612509,0.00709075575455573
AB_beta,253,0.9711730401973788,-0.44886920763352123,-0.5646033646751621,0.18938885037311448,-0.706067586283809,1.1601526908005104,-1.379575713579891,1.0356879204284313,0.10193449844496305,0.2997418858719253,0.24435952286698417,0.022080283891012922
AB_beta,254,0.195749445854976,0.34283575588353177,0.25579060811689325,-1.122330287710812,-0.4809099723251602,0.5483221065340143,0.9033111480041864,-0.3942434333075925,0.05436835555502162,6.088707662299003,0.1507892459976437,0.027503098533296407
AB_beta,255,-0.1792129836647165,-0.9690167747511929,-1.1286795784328565,0.9410590011348436,1.3373373970786793,-0.22103576890415177,-0.5261507225167441,0.36251742793697517,1.0998803993822572,0.014636927046285067,0.7149402717571025,0.004449911071694113
